video_id,title,Channel Name,age_buckets,playlist_id,video_url,video_url_path,Character
fead1ae7-a9cc-48b8-ada3-b82c3cec7908,002_sight_words_he,BabyBillion_Education,"[{""S"":""3-6""}]",181961d7-b484-40c7-b24c-9b3f335cc424,https://video.babybillion.in/hls/002_sight_words_he/002_sight_words_he.m3u8,/002_sight_words_he/002_sight_words_he.m3u8, and teja
e6ee1f56-e71d-45e5-9f81-77b007dbf96b,Jump,BabyBillion_Education,"[{""S"":""0-3""}]",6d841cca-a54f-451a-90fc-aeffa145e274,https://video.babybillion.in/hls/Jump/Jump.m3u8,/Jump/Jump.m3u8, arjun and mia
f357e368-a0fd-413d-904b-0df26c3db8f3,Jump,BabyBillion_Education,"[{""S"":""0-3""}]",cdd3ba69-c04a-402a-a061-05e0f816a161,https://video.babybillion.in/hls/Jump/Jump.m3u8,/Jump/Jump.m3u8, arjun and mia
450902e5-4fb0-4093-8b9b-3f3e9a43aadf,038_good_habits_standing_in_a_queue,BabyBillion_Education,"[{""S"":""3-6""}]",06f625da-1202-4c8a-8b16-e624b97476d1,https://video.babybillion.in/hls/038_good_habits_standing_in_a_queue/038_good_habits_standing_in_a_queue.m3u8,/038_good_habits_standing_in_a_queue/038_good_habits_standing_in_a_queue.m3u8, arjun and priya
e7dded5e-dc4c-44d8-84da-e125500e91d9,More_vs_Less_Objects,BabyBillion_Education,"[{""S"":""3-6""}]",9964bf6a-c340-4e3a-b7e6-9f3d435449d3,https://video.babybillion.in/hls/More_vs_Less_Objects/More_vs_Less_Objects.m3u8,/More_vs_Less_Objects/More_vs_Less_Objects.m3u8, arjun and priya
f555d6f1-7eea-47c1-8a50-5742025cf7a4,Racing_and_Relay_Games,BabyBillion_Education,"[{""S"":""6+""}]",cf83518a-7e38-483a-9b3e-a943beb08196,https://video.babybillion.in/hls/Racing_and_Relay_Games/Racing_and_Relay_Games.m3u8,/Racing_and_Relay_Games/Racing_and_Relay_Games.m3u8, arjun and veer
7f5b07a5-e588-4239-8354-9ed2725d65b1,a,BabyBillion_Education,"[{""S"":""3-6""}]",181961d7-b484-40c7-b24c-9b3f335cc424,https://video.babybillion.in/hls/a/a.m3u8,/a/a.m3u8, riya
94e9f733-796c-4ca9-a3a0-a76bd94024d1,042_english_speaking_i_am_sleepy,BabyBillion_Education,"[{""S"":""3-6""}]",0eba9676-9d93-484f-8938-41e3ab588a7f,https://video.babybillion.in/hls/042_english_speaking_i_am_sleepy/042_english_speaking_i_am_sleepy.m3u8,/042_english_speaking_i_am_sleepy/042_english_speaking_i_am_sleepy.m3u8, veer
2bdd49b6-c50b-4cb7-a9c4-03e90f9c012e,cvc_words_bag,BabyBillion_Education,"[{""S"":""3-6""}]",bac6ace6-06bc-4f67-85bb-5f0b144d5a15,https://video.babybillion.in/hls/cvc_words_bag/cvc_words_bag.m3u8,/cvc_words_bag/cvc_words_bag.m3u8,arjin
00a6bbb6-8792-4a39-ba95-8bbf081e8dc4,Thirsty,BabyBillion_Education,"[{""S"":""3-6""}]",90ff5296-5b99-4ddf-8bdf-ac55f6f7b6c2,https://video.babybillion.in/hls/Thirsty/Thirsty.m3u8,/Thirsty/Thirsty.m3u8,Arjun
025dfb68-45df-4849-bcf5-da5d4f17a619,I_can_action,BabyBillion_Education,"[{""S"":""3-6""}]",4c06fdb7-0fe2-4c21-aab0-f80f2fa1f650,https://video.babybillion.in/hls/I_can_action/I_can_action.m3u8,/I_can_action/I_can_action.m3u8,arjun
02defe2b-c185-4ca3-9f0c-a75201b2e6c4,007_abc_letter_q_queen_quilt,BabyBillion_Education,"[{""S"":""3-6""}]",1bf17868-9fb8-419a-b7d7-e9ba3b51a364,https://video.babybillion.in/hls/007_abc_letter_q_queen_quilt/007_abc_letter_q_queen_quilt.m3u8,/007_abc_letter_q_queen_quilt/007_abc_letter_q_queen_quilt.m3u8,Arjun
0370b8a3-c8cf-4d5c-8c23-9d03b508e5a0,Number_16,BabyBillion_Education,"[{""S"":""3-6""}]",96c17b79-8401-4494-9e78-28c683d600c0,https://video.babybillion.in/hls/Number_16/Number_16.m3u8,/Number_16/Number_16.m3u8,Arjun
045ded08-f39b-4c20-a814-6c14e51032d0,033_colors_green_frog,BabyBillion_Education,"[{""S"":""0-3""}]",c23beb7b-23de-440c-9fb1-2990013f11a6,https://video.babybillion.in/hls/033_colors_green_frog/033_colors_green_frog.m3u8,/033_colors_green_frog/033_colors_green_frog.m3u8,Arjun
0500feef-93c9-494f-9ff1-837d095bbd98,Earth,BabyBillion_Education,"[{""S"":""3-6""}]",b7ef253a-6fb1-4247-ad59-99c4c945c8ec,https://video.babybillion.in/hls/Earth/Earth.m3u8,/Earth/Earth.m3u8,Arjun
0574858b-80b0-4024-9d18-7ba7740870cf,letter_I_phonic_sound,BabyBillion_Education,"[{""S"":""3-6""}]",b79bd45b-2c9c-4b7d-91a0-07c93a4dbea1,https://video.babybillion.in/hls/letter_I_phonic_sound/letter_I_phonic_sound.m3u8,/letter_I_phonic_sound/letter_I_phonic_sound.m3u8,Arjun
057c83de-3dd6-4479-b502-3c90d95c0277,Teacher,BabyBillion_Education,"[{""S"":""0-3""}]",18ae1c51-e0c5-4df1-94f6-30f5e6732dd3,https://video.babybillion.in/hls/Teacher/Teacher.m3u8,/Teacher/Teacher.m3u8,Arjun
0845a5ab-5dfd-4f43-b2f0-669ddd359f9f,019_simple_sentences_i_have_a_red_ball,BabyBillion_Education,"[{""S"":""3-6""}]",4c06fdb7-0fe2-4c21-aab0-f80f2fa1f650,https://video.babybillion.in/hls/019_simple_sentences_i_have_a_red_ball/019_simple_sentences_i_have_a_red_ball.m3u8,/019_simple_sentences_i_have_a_red_ball/019_simple_sentences_i_have_a_red_ball.m3u8,Arjun
0a10a9a2-8882-48a5-a49f-d497d201b7af,Asking_to_Go_Washroom,BabyBillion_Education,"[{""S"":""3-6""}]",0eba9676-9d93-484f-8938-41e3ab588a7f,https://video.babybillion.in/hls/Asking_to_Go_Washroom/Asking_to_Go_Washroom.m3u8,/Asking_to_Go_Washroom/Asking_to_Go_Washroom.m3u8,Arjun
0a1f1fb3-0d08-4070-adc3-a7cd24c9f4b4,Walk,BabyBillion_Education,"[{""S"":""0-3""}]",cdd3ba69-c04a-402a-a061-05e0f816a161,https://video.babybillion.in/hls/Walk/Walk.m3u8,/Walk/Walk.m3u8,Arjun
0a4ecb0c-585f-48fa-9cb6-e1fcf981d521,Auto_Rickshaw,BabyBillion_Education,"[{""S"":""0-3""}]",bf9d1fdb-31f8-48e3-9114-9e4e4967617c,https://video.babybillion.in/hls/Auto_Rickshaw/Auto_Rickshaw.m3u8,/Auto_Rickshaw/Auto_Rickshaw.m3u8,arjun
0b4658f5-e580-433a-8881-3205c68aa823,Indian_Mountains_Himalayas_WesternEastern_Ghats,BabyBillion_Education,"[{""S"":""6+""}]",2754f754-bfaf-4810-9852-60d5960a7a74,https://video.babybillion.in/hls/Indian_Mountains_Himalayas_WesternEastern_Ghats/Indian_Mountains_Himalayas_WesternEastern_Ghats.m3u8,/Indian_Mountains_Himalayas_WesternEastern_Ghats/Indian_Mountains_Himalayas_WesternEastern_Ghats.m3u8,Arjun
0b48eef8-8203-40c7-b5e7-9ae1ae408f4d,Ganesh_Chaturthi,BabyBillion_Education,"[{""S"":""0-3""}]",655a5081-8ce4-4cfc-b36d-d5d0d1a06c1e,https://video.babybillion.in/hls/Ganesh_Chaturthi/Ganesh_Chaturthi.m3u8,/Ganesh_Chaturthi/Ganesh_Chaturthi.m3u8,Arjun
0c05d0cc-d0b6-46b6-a06c-9fd41f243103,Ladybug,BabyBillion_Education,"[{""S"":""0-3""}]",40d567cd-95aa-469e-b7a8-da623f2579d8,https://video.babybillion.in/hls/Ladybug/Ladybug.m3u8,/Ladybug/Ladybug.m3u8,Arjun
0c15cc61-4710-483c-bde8-325c0c3fdc66,Brown,BabyBillion_Education,"[{""S"":""0-3""}]",c23beb7b-23de-440c-9fb1-2990013f11a6,https://video.babybillion.in/hls/Brown/Brown.m3u8,/Brown/Brown.m3u8,arjun
0cb98f79-d0a7-4975-8b03-7f15bcf11d0d,Shopkeeper,BabyBillion_Education,"[{""S"":""0-3""}]",18ae1c51-e0c5-4df1-94f6-30f5e6732dd3,https://video.babybillion.in/hls/Shopkeeper/Shopkeeper.m3u8,/Shopkeeper/Shopkeeper.m3u8,Arjun
0e596516-9590-4837-81b2-580a190a29a6,005_greater_lesser_long_vs_short,BabyBillion_Education,"[{""S"":""3-6""}]",9964bf6a-c340-4e3a-b7e6-9f3d435449d3,https://video.babybillion.in/hls/005_greater_lesser_long_vs_short/005_greater_lesser_long_vs_short.m3u8,/005_greater_lesser_long_vs_short/005_greater_lesser_long_vs_short.m3u8,arjun
0e82bce3-187c-4a2f-a8aa-cbab2b317b77,Goose,BabyBillion_Education,"[{""S"":""0-3""}]",efdd9da9-9b29-45aa-8bc4-3ddbee54940d,https://video.babybillion.in/hls/Goose/Goose.m3u8,/Goose/Goose.m3u8,arjun
0f55bb4c-7a63-4761-ad6e-e3f70b860775,060_simple_sentences_i_want_to_play,BabyBillion_Education,"[{""S"":""3-6""}]",4c06fdb7-0fe2-4c21-aab0-f80f2fa1f650,https://video.babybillion.in/hls/060_simple_sentences_i_want_to_play/060_simple_sentences_i_want_to_play.m3u8,/060_simple_sentences_i_want_to_play/060_simple_sentences_i_want_to_play.m3u8,arjun
0f872cef-5d68-4a9c-9b06-ca1eed91708b,Holi_Colors,BabyBillion_Education,"[{""S"":""0-3""}]",655a5081-8ce4-4cfc-b36d-d5d0d1a06c1e,https://video.babybillion.in/hls/Holi_Colors/Holi_Colors.m3u8,/Holi_Colors/Holi_Colors.m3u8,arjun
1004dadc-f840-4e7f-9f7b-67231c0f7300,Number_Blocks,BabyBillion_Education,"[{""S"":""0-3""}]",259e1ebe-d005-41f2-a3f8-810078f51c98,https://video.babybillion.in/hls/Number_Blocks/Number_Blocks.m3u8,/Number_Blocks/Number_Blocks.m3u8,arjun
10724bb4-5490-47e7-9986-40ecf1eae345,Number_10,BabyBillion_Education,"[{""S"":""3-6""}]",96c17b79-8401-4494-9e78-28c683d600c0,https://video.babybillion.in/hls/Number_10/Number_10.m3u8,/Number_10/Number_10.m3u8,Arjun
10e63494-207e-445b-a253-0bf54377e629,010_english_speaking_i_am_a_boy,BabyBillion_Education,"[{""S"":""3-6""}]",0eba9676-9d93-484f-8938-41e3ab588a7f,https://video.babybillion.in/hls/010_english_speaking_i_am_a_boy/010_english_speaking_i_am_a_boy.m3u8,/010_english_speaking_i_am_a_boy/010_english_speaking_i_am_a_boy.m3u8,arjun
115eeed5-c63f-407c-bab0-56f3f753fdd5,Sense-_Tongue_Taste,BabyBillion_Education,"[{""S"":""3-6""}]",6d841cca-a54f-451a-90fc-aeffa145e274,https://video.babybillion.in/hls/Sense-_Tongue_Taste/Sense-_Tongue_Taste.m3u8,/Sense-_Tongue_Taste/Sense-_Tongue_Taste.m3u8,arjun
12834a48-cc40-4815-b57a-7847dd7e4019,Saying_Sorry_When_Wrong,BabyBillion_Education,"[{""S"":""3-6""}]",06f625da-1202-4c8a-8b16-e624b97476d1,https://video.babybillion.in/hls/Saying_Sorry_When_Wrong/Saying_Sorry_When_Wrong.m3u8,/Saying_Sorry_When_Wrong/Saying_Sorry_When_Wrong.m3u8,arjun
129cedd0-4171-45fc-bfb0-03fadfb5111e,Grocery_Store,BabyBillion_Education,"[{""S"":""0-3""}]",e4dd4a24-f512-4d74-8bad-596b71c5369f,https://video.babybillion.in/hls/Grocery_Store/Grocery_Store.m3u8,/Grocery_Store/Grocery_Store.m3u8,arjun
12f63260-401a-4ab7-b5be-781533686e26,001_community_helpers_milkman,BabyBillion_Education,"[{""S"":""3-6""}]",3dc35861-75e5-4d11-a33d-d263d159f041,https://video.babybillion.in/hls/001_community_helpers_milkman/001_community_helpers_milkman.m3u8,/001_community_helpers_milkman/001_community_helpers_milkman.m3u8,arjun
147c6454-0c68-4d01-9fdb-ba876d06daa8,Grocery_Store,BabyBillion_Education,"[{""S"":""0-3""}]",e4dd4a24-f512-4d74-8bad-596b71c5369f,https://video.babybillion.in/hls/Grocery_Store/Grocery_Store.m3u8,/Grocery_Store/Grocery_Store.m3u8,arjun
157e1ef4-876c-4258-bd44-9205d0583a12,Cricket,BabyBillion_Education,"[{""S"":""0-3""}]",40d567cd-95aa-469e-b7a8-da623f2579d8,https://video.babybillion.in/hls/Cricket/Cricket.m3u8,/Cricket/Cricket.m3u8,arjun
15e6faed-f072-403d-a763-a53a63ac4f1c,031_english_speaking_may_i_go_out_to_play,BabyBillion_Education,"[{""S"":""3-6""}]",0eba9676-9d93-484f-8938-41e3ab588a7f,https://video.babybillion.in/hls/031_english_speaking_may_i_go_out_to_play/031_english_speaking_may_i_go_out_to_play.m3u8,/031_english_speaking_may_i_go_out_to_play/031_english_speaking_may_i_go_out_to_play.m3u8,arjun
1727c67c-6df6-43c1-acf7-500301a8b0c0,Type_of_House-_Village_House,BabyBillion_Education,"[{""S"":""3-6""}]",2754f754-bfaf-4810-9852-60d5960a7a74,https://video.babybillion.in/hls/Type_of_House-_Village_House/Type_of_House-_Village_House.m3u8,/Type_of_House-_Village_House/Type_of_House-_Village_House.m3u8,arjun
174d300e-42a1-4183-9aec-930299c12131,Kick,BabyBillion_Education,"[{""S"":""0-3""}]",cdd3ba69-c04a-402a-a061-05e0f816a161,https://video.babybillion.in/hls/Kick/Kick.m3u8,/Kick/Kick.m3u8,arjun
18848a35-06cc-4b96-864e-d408698704db,P_for_Pig,BabyBillion_Education,"[{""S"":""0-3""}]",1bf17868-9fb8-419a-b7d7-e9ba3b51a364,https://video.babybillion.in/hls/P_for_Pig/P_for_Pig.m3u8,/P_for_Pig/P_for_Pig.m3u8,arjun
18fe909a-4e0c-4505-ba82-aff2a0b05c32,025_good_habits_closing_taps_when_not_in_use,BabyBillion_Education,"[{""S"":""3-6""}]",06f625da-1202-4c8a-8b16-e624b97476d1,https://video.babybillion.in/hls/025_good_habits_closing_taps_when_not_in_use/025_good_habits_closing_taps_when_not_in_use.m3u8,/025_good_habits_closing_taps_when_not_in_use/025_good_habits_closing_taps_when_not_in_use.m3u8,arjun
193c1cc5-5dde-487c-8fce-01293f400d9e,066_simple_sentences_i_need_a_tissue,BabyBillion_Education,"[{""S"":""3-6""}]",4c06fdb7-0fe2-4c21-aab0-f80f2fa1f650,https://video.babybillion.in/hls/066_simple_sentences_i_need_a_tissue/066_simple_sentences_i_need_a_tissue.m3u8,/066_simple_sentences_i_need_a_tissue/066_simple_sentences_i_need_a_tissue.m3u8,arjun
19ef9928-6c90-480b-aee6-fb25735b1f75,057_english_speaking_no_problem,BabyBillion_Education,"[{""S"":""3-6""}]",0eba9676-9d93-484f-8938-41e3ab588a7f,https://video.babybillion.in/hls/057_english_speaking_no_problem/057_english_speaking_no_problem.m3u8,/057_english_speaking_no_problem/057_english_speaking_no_problem.m3u8,arjun
1bba1c93-926f-469e-8849-6078d1ba0fe1,Eating_Fruits,BabyBillion_Education,"[{""S"":""0-3""}]",06f625da-1202-4c8a-8b16-e624b97476d1,https://video.babybillion.in/hls/Eating_Fruits/Eating_Fruits.m3u8,/Eating_Fruits/Eating_Fruits.m3u8,arjun
1bc27a48-47bb-4d33-8833-68e033d9e94c,027_ja_se_jahaj,BabyBillion_Education,"[{""S"":""0-3""}]",de5577e3-4806-4284-9cab-9e7ecf907095,https://video.babybillion.in/hls/027_ja_se_jahaj/027_ja_se_jahaj.m3u8,/027_ja_se_jahaj/027_ja_se_jahaj.m3u8,arjun
1d102db0-c8bb-4f7e-9a36-83310e57ae40,Not_plucking_flowers,BabyBillion_Education,"[{""S"":""3-6""}]",06f625da-1202-4c8a-8b16-e624b97476d1,https://video.babybillion.in/hls/Not_plucking_flowers/Not_plucking_flowers.m3u8,/Not_plucking_flowers/Not_plucking_flowers.m3u8,arjun
1d366910-348a-485c-985c-858933a6ba82,I_have_object,BabyBillion_Education,"[{""S"":""3-6""}]",4c06fdb7-0fe2-4c21-aab0-f80f2fa1f650,https://video.babybillion.in/hls/I_have_object/I_have_object.m3u8,/I_have_object/I_have_object.m3u8,arjun
1f92ccd8-7538-4767-a2b0-faf018b55f32,004_english_speaking_nice_to_meet_you,BabyBillion_Education,"[{""S"":""3-6""}]",0eba9676-9d93-484f-8938-41e3ab588a7f,https://video.babybillion.in/hls/004_english_speaking_nice_to_meet_you/004_english_speaking_nice_to_meet_you.m3u8,/004_english_speaking_nice_to_meet_you/004_english_speaking_nice_to_meet_you.m3u8,arjun
1fa10999-6978-45a3-b211-95b01384b0e5,Calf_Baby_Cow,BabyBillion_Education,"[{""S"":""3-6""}]",79156051-e033-423a-b7de-a68fe1342a75,https://video.babybillion.in/hls/Calf_Baby_Cow/Calf_Baby_Cow.m3u8,/Calf_Baby_Cow/Calf_Baby_Cow.m3u8,arjun
204d255f-f073-4033-9c30-fd4e6947b3ed,006_phonics_sound_of_o_o_as_in_orange,BabyBillion_Education,"[{""S"":""3-6""}]",b79bd45b-2c9c-4b7d-91a0-07c93a4dbea1,https://video.babybillion.in/hls/006_phonics_sound_of_o_o_as_in_orange/006_phonics_sound_of_o_o_as_in_orange.m3u8,/006_phonics_sound_of_o_o_as_in_orange/006_phonics_sound_of_o_o_as_in_orange.m3u8,arjun
22b9c815-8d89-4b52-908f-d406623d698a,Number_15,BabyBillion_Education,"[{""S"":""3-6""}]",96c17b79-8401-4494-9e78-28c683d600c0,https://video.babybillion.in/hls/Number_15/Number_15.m3u8,/Number_15/Number_15.m3u8,arjun
2382d84b-372f-47fb-94fb-63680b506c4e,Number_3,BabyBillion_Education,"[{""S"":""3-6""}]",96c17b79-8401-4494-9e78-28c683d600c0,https://video.babybillion.in/hls/Number_3/Number_3.m3u8,/Number_3/Number_3.m3u8,arjun
240beabf-76b7-47a4-befd-ca3cdf7321e3,Fish,BabyBillion_Education,"[{""S"":""0-3""}]",bd7c6e2d-c979-43ea-89eb-899d9aeb8b94,https://video.babybillion.in/hls/Fish/Fish.m3u8,/Fish/Fish.m3u8,arjun
246f90a1-278b-45bb-80f0-62ac91350af9,012_phonics_sound_of_u_u_as_in_umbrella,BabyBillion_Education,"[{""S"":""3-6""}]",b79bd45b-2c9c-4b7d-91a0-07c93a4dbea1,https://video.babybillion.in/hls/012_phonics_sound_of_u_u_as_in_umbrella/012_phonics_sound_of_u_u_as_in_umbrella.m3u8,/012_phonics_sound_of_u_u_as_in_umbrella/012_phonics_sound_of_u_u_as_in_umbrella.m3u8,arjun
2483ac93-2f23-42eb-8162-f336057ca153,104_6_Healthy_Habits_for_the_Body,BabyBillion_Education,"[{""S"":""6+""}]",6d841cca-a54f-451a-90fc-aeffa145e274,https://video.babybillion.in/hls/104_6_Healthy_Habits_for_the_Body/104_6_Healthy_Habits_for_the_Body.m3u8,/104_6_Healthy_Habits_for_the_Body/104_6_Healthy_Habits_for_the_Body.m3u8,arjun
255329c4-2f5f-40f2-b3c3-5ebbf04ab8c2,Throw,BabyBillion_Education,"[{""S"":""0-3""}]",6d841cca-a54f-451a-90fc-aeffa145e274,https://video.babybillion.in/hls/Throw/Throw.m3u8,/Throw/Throw.m3u8,arjun
261a17e5-5d77-4b52-9e42-b137133eb64a,Helping_Classmates,BabyBillion_Education,"[{""S"":""3-6""}]",06f625da-1202-4c8a-8b16-e624b97476d1,https://video.babybillion.in/hls/Helping_Classmates/Helping_Classmates.m3u8,/Helping_Classmates/Helping_Classmates.m3u8,arjun
266626ac-bff8-4413-9a95-8876f60458de,Spider,BabyBillion_Education,"[{""S"":""0-3""}]",40d567cd-95aa-469e-b7a8-da623f2579d8,https://video.babybillion.in/hls/Spider/Spider.m3u8,/Spider/Spider.m3u8,arjun
27493a6b-db01-4648-9051-a8118797bcd9,Cleaner,BabyBillion_Education,"[{""S"":""0-3""}]",18ae1c51-e0c5-4df1-94f6-30f5e6732dd3,https://video.babybillion.in/hls/Cleaner/Cleaner.m3u8,/Cleaner/Cleaner.m3u8,arjun
2ac54c79-2aad-4c01-8488-54c2ecb8ef09,Festivals_of_India_Diwali_Holi_Eid_Christmas,BabyBillion_Education,"[{""S"":""3-6""}]",2754f754-bfaf-4810-9852-60d5960a7a74,https://video.babybillion.in/hls/Festivals_of_India_Diwali_Holi_Eid_Christmas/Festivals_of_India_Diwali_Holi_Eid_Christmas.m3u8,/Festivals_of_India_Diwali_Holi_Eid_Christmas/Festivals_of_India_Diwali_Holi_Eid_Christmas.m3u8,arjun
2b2ba073-4865-47a8-ac22-e70679d95d04,This_is_my_family_member,BabyBillion_Education,"[{""S"":""3-6""}]",4c06fdb7-0fe2-4c21-aab0-f80f2fa1f650,https://video.babybillion.in/hls/This_is_my_family_member/This_is_my_family_member.m3u8,/This_is_my_family_member/This_is_my_family_member.m3u8,arjun
2b47d7f4-e7d7-4eda-b154-2049d3404dbf,Hungry,BabyBillion_Education,"[{""S"":""3-6""}]",90ff5296-5b99-4ddf-8bdf-ac55f6f7b6c2,https://video.babybillion.in/hls/Hungry/Hungry.m3u8,/Hungry/Hungry.m3u8,arjun
2d401202-9760-4d21-b750-ed04ad85e221,041_simple_sentences_it_is_cloudy,BabyBillion_Education,"[{""S"":""3-6""}]",0eba9676-9d93-484f-8938-41e3ab588a7f,https://video.babybillion.in/hls/041_simple_sentences_it_is_cloudy/041_simple_sentences_it_is_cloudy.m3u8,/041_simple_sentences_it_is_cloudy/041_simple_sentences_it_is_cloudy.m3u8,arjun
2de32c34-a5b7-442c-a046-1a0f9ca994b0,Crow,BabyBillion_Education,"[{""S"":""0-3""}]",efdd9da9-9b29-45aa-8bc4-3ddbee54940d,https://video.babybillion.in/hls/Crow/Crow.m3u8,/Crow/Crow.m3u8,arjun
2fe09360-5f51-487b-a9c6-6893f1b4a57f,Milkman_Dudhwala,BabyBillion_Education,"[{""S"":""0-3""}]",18ae1c51-e0c5-4df1-94f6-30f5e6732dd3,https://video.babybillion.in/hls/Milkman_Dudhwala/Milkman_Dudhwala.m3u8,/Milkman_Dudhwala/Milkman_Dudhwala.m3u8,Arjun
3137dc2a-7f55-49c8-9898-64f3ee69c5a3,028_jha_se_jhanda,BabyBillion_Education,"[{""S"":""0-3""}]",de5577e3-4806-4284-9cab-9e7ecf907095,https://video.babybillion.in/hls/028_jha_se_jhanda/028_jha_se_jhanda.m3u8,/028_jha_se_jhanda/028_jha_se_jhanda.m3u8,arjun
3155471b-41be-4368-a989-67ce2e401029,abc_capital_P_and_small_p,BabyBillion_Education,"[{""S"":""0-3""}]",1bf17868-9fb8-419a-b7d7-e9ba3b51a364,https://video.babybillion.in/hls/abc_capital_P_and_small_p/abc_capital_P_and_small_p.m3u8,/abc_capital_P_and_small_p/abc_capital_P_and_small_p.m3u8,arjun
3237ff91-ceee-4d4d-a729-52ef9b068dea,Hen,BabyBillion_Education,"[{""S"":""0-3""}]",efdd9da9-9b29-45aa-8bc4-3ddbee54940d,https://video.babybillion.in/hls/Hen/Hen.m3u8,/Hen/Hen.m3u8,arjun
32494c6f-b9ff-4bc7-8d4e-8d4823bc4595,My_Favorite_Outdoor_Game,BabyBillion_Education,"[{""S"":""6+""}]",cf83518a-7e38-483a-9b3e-a943beb08196,https://video.babybillion.in/hls/My_Favorite_Outdoor_Game/My_Favorite_Outdoor_Game.m3u8,/My_Favorite_Outdoor_Game/My_Favorite_Outdoor_Game.m3u8,arjun
3269e871-1505-45da-b25a-c2bbbe8ac328,Number_14,BabyBillion_Education,"[{""S"":""3-6""}]",96c17b79-8401-4494-9e78-28c683d600c0,https://video.babybillion.in/hls/Number_14/Number_14.m3u8,/Number_14/Number_14.m3u8,arjun
32ae984b-3e42-4ea2-ade3-f373a72cded1,Orange_Vegetables-_Carrot_Pumpkin_Sweet_Potato,BabyBillion_Education,"[{""S"":""3-6""}]",c3d15541-8760-45ff-b253-1647ca61bf37,https://video.babybillion.in/hls/Orange_Vegetables-_Carrot_Pumpkin_Sweet_Potato/Orange_Vegetables-_Carrot_Pumpkin_Sweet_Potato.m3u8,/Orange_Vegetables-_Carrot_Pumpkin_Sweet_Potato/Orange_Vegetables-_Carrot_Pumpkin_Sweet_Potato.m3u8,arjun
339ccd84-fc95-46a9-8685-f9292805e1b3,I_am_happy_sad,BabyBillion_Education,"[{""S"":""3-6""}]",4c06fdb7-0fe2-4c21-aab0-f80f2fa1f650,https://video.babybillion.in/hls/I_am_happy_sad/I_am_happy_sad.m3u8,/I_am_happy_sad/I_am_happy_sad.m3u8,arjun
33fd3841-1688-483b-b629-905788318348,Calf_Baby_Cow,BabyBillion_Education,"[{""S"":""0-3""}]",79156051-e033-423a-b7de-a68fe1342a75,https://video.babybillion.in/hls/Calf_Baby_Cow/Calf_Baby_Cow.m3u8,/Calf_Baby_Cow/Calf_Baby_Cow.m3u8,arjun
343a70ec-61fb-44fb-b0ae-280a1ab27dc6,Train_Toy,BabyBillion_Education,"[{""S"":""0-3""}]",259e1ebe-d005-41f2-a3f8-810078f51c98,https://video.babybillion.in/hls/Train_Toy/Train_Toy.m3u8,/Train_Toy/Train_Toy.m3u8,arjun
3684106b-f608-424d-a62a-c69766c2a9bb,Taking_a_Bath_Daily,BabyBillion_Education,"[{""S"":""3-6""}]",06f625da-1202-4c8a-8b16-e624b97476d1,https://video.babybillion.in/hls/Taking_a_Bath_Daily/Taking_a_Bath_Daily.m3u8,/Taking_a_Bath_Daily/Taking_a_Bath_Daily.m3u8,Arjun
37c37df7-b471-4512-a159-d42490a35eb5,I_am_name,BabyBillion_Education,"[{""S"":""3-6""}]",4c06fdb7-0fe2-4c21-aab0-f80f2fa1f650,https://video.babybillion.in/hls/I_am_name/I_am_name.m3u8,/I_am_name/I_am_name.m3u8,arjun
382021fa-968e-42b2-9065-dca71ddee549,Proud,BabyBillion_Education,"[{""S"":""6+""}]",90ff5296-5b99-4ddf-8bdf-ac55f6f7b6c2,https://video.babybillion.in/hls/Proud/Proud.m3u8,/Proud/Proud.m3u8,arjun
3a2b6746-f793-4607-a17c-452927ecf7ff,041_simple_sentences_it_is_cloudy,BabyBillion_Education,"[{""S"":""3-6""}]",4c06fdb7-0fe2-4c21-aab0-f80f2fa1f650,https://video.babybillion.in/hls/041_simple_sentences_it_is_cloudy/041_simple_sentences_it_is_cloudy.m3u8,/041_simple_sentences_it_is_cloudy/041_simple_sentences_it_is_cloudy.m3u8,arjun
3ad2cc11-9d6d-473c-9c6c-9af49b333d2e,Soap_Towel,BabyBillion_Education,"[{""S"":""3-6""}]",aa154d92-77f0-4dd7-9c3f-d7e57bd9baf5,https://video.babybillion.in/hls/Soap_Towel/Soap_Towel.m3u8,/Soap_Towel/Soap_Towel.m3u8,arjun
3adad897-f8c0-4d03-8808-ef541b43d77e,This_is_my_family_member,BabyBillion_Education,"[{""S"":""3-6""}]",4c06fdb7-0fe2-4c21-aab0-f80f2fa1f650,https://video.babybillion.in/hls/This_is_my_family_member/This_is_my_family_member.m3u8,/This_is_my_family_member/This_is_my_family_member.m3u8,arjun
3b2e853c-f836-4fce-ad93-d890f3009461,Texture-_Rough,BabyBillion_Education,"[{""S"":""3-6""}]",b7ef253a-6fb1-4247-ad59-99c4c945c8ec,https://video.babybillion.in/hls/Texture-_Rough/Texture-_Rough.m3u8,/Texture-_Rough/Texture-_Rough.m3u8,arjun
3c65acbc-16eb-47d1-9496-00d740b57d57,Waking_Up_Early,BabyBillion_Education,"[{""S"":""3-6""}]",06f625da-1202-4c8a-8b16-e624b97476d1,https://video.babybillion.in/hls/Waking_Up_Early/Waking_Up_Early.m3u8,/Waking_Up_Early/Waking_Up_Early.m3u8,arjun
3e6aa283-1b36-491a-a5e6-644ad437cce8,Hemisphere,BabyBillion_Education,"[{""S"":""6+""}]",3579ea01-b32b-40f9-aac1-be5997a17606,https://video.babybillion.in/hls/Hemisphere/Hemisphere.m3u8,/Hemisphere/Hemisphere.m3u8,arjun
3eba758f-89bb-42ff-ab04-096d46bb64c6,State,BabyBillion_Education,"[{""S"":""3-6""}]",b7ef253a-6fb1-4247-ad59-99c4c945c8ec,https://video.babybillion.in/hls/State/State.m3u8,/State/State.m3u8,arjun
4036cf25-cf2f-42f2-8629-c0c3e87e06e5,BikeMotorcycle,BabyBillion_Education,"[{""S"":""3-6""}]",bf9d1fdb-31f8-48e3-9114-9e4e4967617c,https://video.babybillion.in/hls/BikeMotorcycle/BikeMotorcycle.m3u8,/BikeMotorcycle/BikeMotorcycle.m3u8,arjun
403745e9-bc10-4a61-9879-6e7905643dce,Mosquito,BabyBillion_Education,"[{""S"":""0-3""}]",40d567cd-95aa-469e-b7a8-da623f2579d8,https://video.babybillion.in/hls/Mosquito/Mosquito.m3u8,/Mosquito/Mosquito.m3u8,arjun
41b10b00-c8e0-44c6-b37f-94b8d107cc75,JCB_Bulldozer,BabyBillion_Education,"[{""S"":""0-3""}]",bf9d1fdb-31f8-48e3-9114-9e4e4967617c,https://video.babybillion.in/hls/JCB_Bulldozer/JCB_Bulldozer.m3u8,/JCB_Bulldozer/JCB_Bulldozer.m3u8,Arjun
4913f680-1df7-46c4-90fc-8c595f9a7a2b,022_colors_yellow_banana,BabyBillion_Education,"[{""S"":""3-6""}]",c23beb7b-23de-440c-9fb1-2990013f11a6,https://video.babybillion.in/hls/022_colors_yellow_banana/022_colors_yellow_banana.m3u8,/022_colors_yellow_banana/022_colors_yellow_banana.m3u8,arjun
49269e1a-3789-4d85-beeb-1f884ec8c608,Common_Foods-_Dal,BabyBillion_Education,"[{""S"":""3-6""}]",2754f754-bfaf-4810-9852-60d5960a7a74,https://video.babybillion.in/hls/Common_Foods-_Dal/Common_Foods-_Dal.m3u8,/Common_Foods-_Dal/Common_Foods-_Dal.m3u8,arjun
4956b489-3e0a-4ce0-95e6-bd254d7b8956,050_colors_brown_chocolate,BabyBillion_Education,"[{""S"":""3-6""}]",c23beb7b-23de-440c-9fb1-2990013f11a6,https://video.babybillion.in/hls/050_colors_brown_chocolate/050_colors_brown_chocolate.m3u8,/050_colors_brown_chocolate/050_colors_brown_chocolate.m3u8,arjun
49a8e268-b4d3-4374-a76a-f1ac02c7b5d7,Digraphs_ch_sh_th_wh_ph,BabyBillion_Education,"[{""S"":""6+""}]",b79bd45b-2c9c-4b7d-91a0-07c93a4dbea1,https://video.babybillion.in/hls/Digraphs_ch_sh_th_wh_ph/Digraphs_ch_sh_th_wh_ph.m3u8,/Digraphs_ch_sh_th_wh_ph/Digraphs_ch_sh_th_wh_ph.m3u8,arjun
49aee3e2-1122-4fe2-925a-c5ae16d2e595,059_cvc_words_fit,BabyBillion_Education,"[{""S"":""3-6""}]",bac6ace6-06bc-4f67-85bb-5f0b144d5a15,https://video.babybillion.in/hls/059_cvc_words_fit/059_cvc_words_fit.m3u8,/059_cvc_words_fit/059_cvc_words_fit.m3u8,arjun
4a679f7c-794d-401c-892c-3ad200acc29f,Letter_G_Goat,BabyBillion_Education,"[{""S"":""0-3""}]",1bf17868-9fb8-419a-b7d7-e9ba3b51a364,https://video.babybillion.in/hls/Letter_G_Goat/Letter_G_Goat.m3u8,/Letter_G_Goat/Letter_G_Goat.m3u8,arjun
4a70219e-0ed0-4993-b9ab-e72d9397d836,Book_Rectangle,BabyBillion_Education,"[{""S"":""0-3""}]",da4d2220-056e-483b-9fc0-8451577d4cc9,https://video.babybillion.in/hls/Book_Rectangle/Book_Rectangle.m3u8,/Book_Rectangle/Book_Rectangle.m3u8,arjun
4bcb963b-52b0-4de1-8bad-f9bcc618647a,Ship,BabyBillion_Education,"[{""S"":""0-3""}]",bf9d1fdb-31f8-48e3-9114-9e4e4967617c,https://video.babybillion.in/hls/Ship/Ship.m3u8,/Ship/Ship.m3u8,arjun
4c54cb50-a921-4aaf-939a-e4bc0e233ef2,032_varnmala_vyanjan_ha_se_haathi,BabyBillion_Education,"[{""S"":""3-6""}]",fec06a4b-b277-4fe2-8fff-bb40451bf2d9,https://video.babybillion.in/hls/032_varnmala_vyanjan_ha_se_haathi/032_varnmala_vyanjan_ha_se_haathi.m3u8,/032_varnmala_vyanjan_ha_se_haathi/032_varnmala_vyanjan_ha_se_haathi.m3u8,arjun
4ccabcb9-8ab6-4d32-abaa-82bd0a393e69,Brinjal,BabyBillion_Education,"[{""S"":""0-3""}]",c3d15541-8760-45ff-b253-1647ca61bf37,https://video.babybillion.in/hls/Brinjal/Brinjal.m3u8,/Brinjal/Brinjal.m3u8,arjun
4d6a1283-c43e-45d5-90d1-1f6e601e2000,Big_Small,BabyBillion_Education,"[{""S"":""0-3""}]",03776bdf-d177-47e6-abe5-d3215a0df920,https://video.babybillion.in/hls/Big_Small/Big_Small.m3u8,/Big_Small/Big_Small.m3u8,arjun
4de51e69-4618-4208-80b3-621408f0956c,043_phonics_digraph_wh_as_in_whale,BabyBillion_Education,"[{""S"":""3-6""}]",b79bd45b-2c9c-4b7d-91a0-07c93a4dbea1,https://video.babybillion.in/hls/043_phonics_digraph_wh_as_in_whale/043_phonics_digraph_wh_as_in_whale.m3u8,/043_phonics_digraph_wh_as_in_whale/043_phonics_digraph_wh_as_in_whale.m3u8,arjun
4eebb0c3-3d62-443a-b848-621cfd8a9f2e,Feeling_Confused,BabyBillion_Education,"[{""S"":""6+""}]",90ff5296-5b99-4ddf-8bdf-ac55f6f7b6c2,https://video.babybillion.in/hls/Feeling_Confused/Feeling_Confused.m3u8,/Feeling_Confused/Feeling_Confused.m3u8,arjun
508ffbf4-a32f-4381-8e73-68f5626f935d,Rolling_Pin_Belan,BabyBillion_Education,"[{""S"":""0-3""}]",aa154d92-77f0-4dd7-9c3f-d7e57bd9baf5,https://video.babybillion.in/hls/Rolling_Pin_Belan/Rolling_Pin_Belan.m3u8,/Rolling_Pin_Belan/Rolling_Pin_Belan.m3u8,arjun
50944af1-78fb-4f32-97ca-18d196226ec4,Bath_Toys,BabyBillion_Education,"[{""S"":""0-3""}]",259e1ebe-d005-41f2-a3f8-810078f51c98,https://video.babybillion.in/hls/Bath_Toys/Bath_Toys.m3u8,/Bath_Toys/Bath_Toys.m3u8,arjun
5250f01e-6a1a-42c1-a169-d4e1277f1d17,Car_Toy,BabyBillion_Education,"[{""S"":""0-3""}]",259e1ebe-d005-41f2-a3f8-810078f51c98,https://video.babybillion.in/hls/Car_Toy/Car_Toy.m3u8,/Car_Toy/Car_Toy.m3u8,arjun
5378a9f1-7e01-4490-91aa-f4844f6afcb5,Mother_Mumma,BabyBillion_Education,"[{""S"":""0-3""}]",24429faf-f706-4456-a1a0-d8b55cc55f9d,https://video.babybillion.in/hls/Mother_Mumma/Mother_Mumma.m3u8,/Mother_Mumma/Mother_Mumma.m3u8,arjun
558c933e-6265-42bb-a003-fd6425b96bd4,A,BabyBillion_Education,"[{""S"":""3-6""}]",fec06a4b-b277-4fe2-8fff-bb40451bf2d9,https://video.babybillion.in/hls/A/A.m3u8,/A/A.m3u8,arjun
55dc754b-b4fd-4f48-a42d-b5326f4476d4,Herbivores_Carnivores_Omnivores,BabyBillion_Education,"[{""S"":""6+""}]",b7ef253a-6fb1-4247-ad59-99c4c945c8ec,https://video.babybillion.in/hls/Herbivores_Carnivores_Omnivores/Herbivores_Carnivores_Omnivores.m3u8,/Herbivores_Carnivores_Omnivores/Herbivores_Carnivores_Omnivores.m3u8,arjun
56457f64-7e1c-484f-8ed1-36d161ae9150,Cvc_words_fig,BabyBillion_Education,"[{""S"":""3-6""}]",bac6ace6-06bc-4f67-85bb-5f0b144d5a15,https://video.babybillion.in/hls/Cvc_words_fig/Cvc_words_fig.m3u8,/Cvc_words_fig/Cvc_words_fig.m3u8,arjun
5694ffc5-7c42-47d2-8848-8bc30901aea3,Ordering_Food,BabyBillion_Education,"[{""S"":""6+""}]",0eba9676-9d93-484f-8938-41e3ab588a7f,https://video.babybillion.in/hls/Ordering_Food/Ordering_Food.m3u8,/Ordering_Food/Ordering_Food.m3u8,arjun
57029f51-dc1e-4dec-b194-bea0b3b8258e,106_6_Which_is_lesser_1_or_9_1Which_is_lesser_8_or_16_8Which_is_lesser_10_or_100_10,BabyBillion_Education,"[{""S"":""6+""}]",9964bf6a-c340-4e3a-b7e6-9f3d435449d3,https://video.babybillion.in/hls/106_6_Which_is_lesser_1_or_9_1Which_is_lesser_8_or_16_8Which_is_lesser_10_or_100_10/106_6_Which_is_lesser_1_or_9_1Which_is_lesser_8_or_16_8Which_is_lesser_10_or_100_10.m3u8,/106_6_Which_is_lesser_1_or_9_1Which_is_lesser_8_or_16_8Which_is_lesser_10_or_100_10/106_6_Which_is_lesser_1_or_9_1Which_is_lesser_8_or_16_8Which_is_lesser_10_or_100_10.m3u8,arjun
57a0d36f-d943-4736-b7ae-30058b3b4075,003_phonics_sound_of_l_l_as_in_lion,BabyBillion_Education,"[{""S"":""3-6""}]",b79bd45b-2c9c-4b7d-91a0-07c93a4dbea1,https://video.babybillion.in/hls/003_phonics_sound_of_l_l_as_in_lion/003_phonics_sound_of_l_l_as_in_lion.m3u8,/003_phonics_sound_of_l_l_as_in_lion/003_phonics_sound_of_l_l_as_in_lion.m3u8,arjun
5812c90c-6836-4d54-ba82-13fb18332d66,026_cvc_words_ram,BabyBillion_Education,"[{""S"":""3-6""}]",bac6ace6-06bc-4f67-85bb-5f0b144d5a15,https://video.babybillion.in/hls/026_cvc_words_ram/026_cvc_words_ram.m3u8,/026_cvc_words_ram/026_cvc_words_ram.m3u8,arjun
58da7c70-5838-4bd6-8b04-f4a674b5fa8f,009_abc_letter_s_sun_snake,BabyBillion_Education,"[{""S"":""3-6""}]",1bf17868-9fb8-419a-b7d7-e9ba3b51a364,https://video.babybillion.in/hls/009_abc_letter_s_sun_snake/009_abc_letter_s_sun_snake.m3u8,/009_abc_letter_s_sun_snake/009_abc_letter_s_sun_snake.m3u8,arjun
59ab7fbd-0ba2-4ac3-8bbc-c1ef9e4220b4,Saying_Sorry_and_Forgiving,BabyBillion_Education,"[{""S"":""6+""}]",90ff5296-5b99-4ddf-8bdf-ac55f6f7b6c2,https://video.babybillion.in/hls/Saying_Sorry_and_Forgiving/Saying_Sorry_and_Forgiving.m3u8,/Saying_Sorry_and_Forgiving/Saying_Sorry_and_Forgiving.m3u8,arjun
5c18d60a-d542-4eb5-8fc1-6c3fbaefcfe0,Leafy_Vegetables-_Spinach_Cabbage_Lettuce_Fenugreek_Leaves,BabyBillion_Education,"[{""S"":""3-6""}]",c3d15541-8760-45ff-b253-1647ca61bf37,https://video.babybillion.in/hls/Leafy_Vegetables-_Spinach_Cabbage_Lettuce_Fenugreek_Leaves/Leafy_Vegetables-_Spinach_Cabbage_Lettuce_Fenugreek_Leaves.m3u8,/Leafy_Vegetables-_Spinach_Cabbage_Lettuce_Fenugreek_Leaves/Leafy_Vegetables-_Spinach_Cabbage_Lettuce_Fenugreek_Leaves.m3u8,arjun
5d30f58a-fa35-450d-821f-b538a3357abb,Hawk,BabyBillion_Education,"[{""S"":""0-3""}]",efdd9da9-9b29-45aa-8bc4-3ddbee54940d,https://video.babybillion.in/hls/Hawk/Hawk.m3u8,/Hawk/Hawk.m3u8,arjun
607bb318-b3a6-4351-b6a7-e0eb1b271e36,009_phonics_sound_of_r_r_as_in_rat,BabyBillion_Education,"[{""S"":""3-6""}]",b79bd45b-2c9c-4b7d-91a0-07c93a4dbea1,https://video.babybillion.in/hls/009_phonics_sound_of_r_r_as_in_rat/009_phonics_sound_of_r_r_as_in_rat.m3u8,/009_phonics_sound_of_r_r_as_in_rat/009_phonics_sound_of_r_r_as_in_rat.m3u8,arjun
60801b95-c799-487a-acdf-04b453ed436e,013_community_helpers_baker,BabyBillion_Education,"[{""S"":""3-6""}]",3dc35861-75e5-4d11-a33d-d263d159f041,https://video.babybillion.in/hls/013_community_helpers_baker/013_community_helpers_baker.m3u8,/013_community_helpers_baker/013_community_helpers_baker.m3u8,arjun
608b98b3-d8d8-4f5f-b9af-073f516370ce,038_ba_se_bakri,BabyBillion_Education,"[{""S"":""0-3""}]",de5577e3-4806-4284-9cab-9e7ecf907095,https://video.babybillion.in/hls/038_ba_se_bakri/038_ba_se_bakri.m3u8,/038_ba_se_bakri/038_ba_se_bakri.m3u8,arjun
610731de-5857-4d33-8533-e857c056d54a,Rhino,BabyBillion_Education,"[{""S"":""3-6""}]",c1f0397a-0732-418a-b6e4-50081b10219c,https://video.babybillion.in/hls/Rhino/Rhino.m3u8,/Rhino/Rhino.m3u8,arjun
62cdb136-dc2b-4f66-8bd7-f43126178178,Waking_Up_Early,BabyBillion_Education,"[{""S"":""3-6""}]",06f625da-1202-4c8a-8b16-e624b97476d1,https://video.babybillion.in/hls/Waking_Up_Early/Waking_Up_Early.m3u8,/Waking_Up_Early/Waking_Up_Early.m3u8,arjun
63fc547a-d329-4b0e-8dd0-dd0675315c21,029_abc_capital_m_and_small_m,BabyBillion_Education,"[{""S"":""0-3""}]",1bf17868-9fb8-419a-b7d7-e9ba3b51a364,https://video.babybillion.in/hls/029_abc_capital_m_and_small_m/029_abc_capital_m_and_small_m.m3u8,/029_abc_capital_m_and_small_m/029_abc_capital_m_and_small_m.m3u8,arjun
65fdc081-b82c-425d-a0e1-0a26058c68be,Joint_Family,BabyBillion_Education,"[{""S"":""3-6""}]",24429faf-f706-4456-a1a0-d8b55cc55f9d,https://video.babybillion.in/hls/Joint_Family/Joint_Family.m3u8,/Joint_Family/Joint_Family.m3u8,arjun
675528b8-4493-4811-b1db-9968ac791a35,Building_with_blocks,BabyBillion_Education,"[{""S"":""3-6""}]",6d841cca-a54f-451a-90fc-aeffa145e274,https://video.babybillion.in/hls/Building_with_blocks/Building_with_blocks.m3u8,/Building_with_blocks/Building_with_blocks.m3u8,arjun
68526c6d-7165-416d-8317-48ff0304a77c,Kick,BabyBillion_Education,"[{""S"":""0-3""}]",6d841cca-a54f-451a-90fc-aeffa145e274,https://video.babybillion.in/hls/Kick/Kick.m3u8,/Kick/Kick.m3u8,arjun
68668564-7238-485f-8911-5c0107f4b3d3,Addition_1_5_6_1_6_7,BabyBillion_Education,"[{""S"":""3-6""}]",f86787db-e9ed-4093-9aa4-a1df05f1c772,https://video.babybillion.in/hls/Addition_1_5_6_1_6_7/Addition_1_5_6_1_6_7.m3u8,/Addition_1_5_6_1_6_7/Addition_1_5_6_1_6_7.m3u8,arjun
68697480-1445-45ce-8e86-95f8d8faba2e,050_community_helpers_plumbers_tools_wrench,BabyBillion_Education,"[{""S"":""6+""}]",3dc35861-75e5-4d11-a33d-d263d159f041,https://video.babybillion.in/hls/050_community_helpers_plumbers_tools_wrench/050_community_helpers_plumbers_tools_wrench.m3u8,/050_community_helpers_plumbers_tools_wrench/050_community_helpers_plumbers_tools_wrench.m3u8,arjun
6ab3f972-88ee-44ff-bc05-48e55b918190,Metro_Train,BabyBillion_Education,"[{""S"":""0-3""}]",bf9d1fdb-31f8-48e3-9114-9e4e4967617c,https://video.babybillion.in/hls/Metro_Train/Metro_Train.m3u8,/Metro_Train/Metro_Train.m3u8,arjun
6c097b8b-a965-4284-bbf7-74c96119a742,Round_Roti,BabyBillion_Education,"[{""S"":""0-3""}]",da4d2220-056e-483b-9fc0-8451577d4cc9,https://video.babybillion.in/hls/Round_Roti/Round_Roti.m3u8,/Round_Roti/Round_Roti.m3u8,arjun
6c9e8d69-f502-4170-8b61-4a13cf5a3d92,Stomp,BabyBillion_Education,"[{""S"":""3-6""}]",6d841cca-a54f-451a-90fc-aeffa145e274,https://video.babybillion.in/hls/Stomp/Stomp.m3u8,/Stomp/Stomp.m3u8,arjun
6ca1a42a-c530-49a9-945f-efebfc176130,Kick,BabyBillion_Education,"[{""S"":""3-6""}]",cdd3ba69-c04a-402a-a061-05e0f816a161,https://video.babybillion.in/hls/Kick/Kick.m3u8,/Kick/Kick.m3u8,arjun
6db403f3-4cc7-4d3b-8b98-bd48b5d8a7ef,020_cvc_words_sad,BabyBillion_Education,"[{""S"":""3-6""}]",bac6ace6-06bc-4f67-85bb-5f0b144d5a15,https://video.babybillion.in/hls/020_cvc_words_sad/020_cvc_words_sad.m3u8,/020_cvc_words_sad/020_cvc_words_sad.m3u8,arjun
6e30a368-d76c-4397-a5a5-aead50b1d986,Stomp,BabyBillion_Education,"[{""S"":""3-6""}]",cdd3ba69-c04a-402a-a061-05e0f816a161,https://video.babybillion.in/hls/Stomp/Stomp.m3u8,/Stomp/Stomp.m3u8,arjun
6efa7e3d-096e-4edd-a9b0-177301871a62,Forehead,BabyBillion_Education,"[{""S"":""3-6""}]",6d841cca-a54f-451a-90fc-aeffa145e274,https://video.babybillion.in/hls/Forehead/Forehead.m3u8,/Forehead/Forehead.m3u8,arjun
6fa5dd02-95aa-438f-a1be-d1f430cfa541,Ordering_Food,BabyBillion_Education,"[{""S"":""6+""}]",0eba9676-9d93-484f-8938-41e3ab588a7f,https://video.babybillion.in/hls/Ordering_Food/Ordering_Food.m3u8,/Ordering_Food/Ordering_Food.m3u8,arjun
7061f512-4191-4866-a09c-69fcc444d840,Fruits_on_trees,BabyBillion_Education,"[{""S"":""0-3""}]",f476a63c-f5d0-4454-afee-eb96182ff983,https://video.babybillion.in/hls/Fruits_on_trees/Fruits_on_trees.m3u8,/Fruits_on_trees/Fruits_on_trees.m3u8,arjun
70ba2ccb-240b-4dea-9dc3-a65f589f486f,Kick,BabyBillion_Education,"[{""S"":""0-3""}]",cdd3ba69-c04a-402a-a061-05e0f816a161,https://video.babybillion.in/hls/Kick/Kick.m3u8,/Kick/Kick.m3u8,arjun
70d283aa-cba0-46d5-a6b6-d2e53274d76b,055_simple_sentences_i_am_running,BabyBillion_Education,"[{""S"":""3-6""}]",4c06fdb7-0fe2-4c21-aab0-f80f2fa1f650,https://video.babybillion.in/hls/055_simple_sentences_i_am_running/055_simple_sentences_i_am_running.m3u8,/055_simple_sentences_i_am_running/055_simple_sentences_i_am_running.m3u8,arjun
711c6dac-0543-4416-988d-c1672bf22a7f,Muskmelon_Kharbooja,BabyBillion_Education,"[{""S"":""0-3""}]",2c830c25-38e8-4d38-a3c3-cc9a3ff96b5f,https://video.babybillion.in/hls/Muskmelon_Kharbooja/Muskmelon_Kharbooja.m3u8,/Muskmelon_Kharbooja/Muskmelon_Kharbooja.m3u8,arjun
71e2a80e-87b3-4341-a256-3b764277672b,013_e_se_imli,BabyBillion_Education,"[{""S"":""0-3""}]",de5577e3-4806-4284-9cab-9e7ecf907095,https://video.babybillion.in/hls/013_e_se_imli/013_e_se_imli.m3u8,/013_e_se_imli/013_e_se_imli.m3u8,arjun
72e1cd96-79f0-4de1-9e8d-0c156eb749b3,Milkman_Dudhwala,BabyBillion_Education,"[{""S"":""0-3""}]",18ae1c51-e0c5-4df1-94f6-30f5e6732dd3,https://video.babybillion.in/hls/Milkman_Dudhwala/Milkman_Dudhwala.m3u8,/Milkman_Dudhwala/Milkman_Dudhwala.m3u8,arjun
75c50906-822c-4591-8d7e-462020d3b5ae,106_6_Life_on_the_Moon_and_Other_Planets,BabyBillion_Education,"[{""S"":""6+""}]",b7ef253a-6fb1-4247-ad59-99c4c945c8ec,https://video.babybillion.in/hls/106_6_Life_on_the_Moon_and_Other_Planets/106_6_Life_on_the_Moon_and_Other_Planets.m3u8,/106_6_Life_on_the_Moon_and_Other_Planets/106_6_Life_on_the_Moon_and_Other_Planets.m3u8,arjun
77372ace-a00d-4e16-9183-d9311b1c4cb2,Chin_Thodi,BabyBillion_Education,"[{""S"":""0-3""}]",6d841cca-a54f-451a-90fc-aeffa145e274,https://video.babybillion.in/hls/Chin_Thodi/Chin_Thodi.m3u8,/Chin_Thodi/Chin_Thodi.m3u8,arjun
7788353b-e7a0-42a1-8e56-d18f810d6b81,Curtain_Rod,BabyBillion_Education,"[{""S"":""3-6""}]",aa154d92-77f0-4dd7-9c3f-d7e57bd9baf5,https://video.babybillion.in/hls/Curtain_Rod/Curtain_Rod.m3u8,/Curtain_Rod/Curtain_Rod.m3u8,arjun
781a5e3f-07b1-4e19-8339-581437321493,P_for_Pen,BabyBillion_Education,"[{""S"":""0-3""}]",1bf17868-9fb8-419a-b7d7-e9ba3b51a364,https://video.babybillion.in/hls/P_for_Pen/P_for_Pen.m3u8,/P_for_Pen/P_for_Pen.m3u8,arjun
789cd37f-ca6d-4d31-a764-446e352260d7,Evening,BabyBillion_Education,"[{""S"":""3-6""}]",61d5066e-0470-45e3-8a5b-54a0703db8c0,https://video.babybillion.in/hls/Evening/Evening.m3u8,/Evening/Evening.m3u8,arjun
7984a0da-5c25-43b3-ba49-3e99c2353314,006_cvc_words_man,BabyBillion_Education,"[{""S"":""3-6""}]",bac6ace6-06bc-4f67-85bb-5f0b144d5a15,https://video.babybillion.in/hls/006_cvc_words_man/006_cvc_words_man.m3u8,/006_cvc_words_man/006_cvc_words_man.m3u8,arjun
79b2878c-d417-4a50-ab21-c585d9795e76,Cvc_words_wig,BabyBillion_Education,"[{""S"":""3-6""}]",bac6ace6-06bc-4f67-85bb-5f0b144d5a15,https://video.babybillion.in/hls/Cvc_words_wig/Cvc_words_wig.m3u8,/Cvc_words_wig/Cvc_words_wig.m3u8,arjun
7ace8663-7e09-48ce-9992-a8f9a8095111,Scared,BabyBillion_Education,"[{""S"":""6+""}]",90ff5296-5b99-4ddf-8bdf-ac55f6f7b6c2,https://video.babybillion.in/hls/Scared/Scared.m3u8,/Scared/Scared.m3u8,arjun
7b19e271-035a-411d-b773-14656e27feea,Addition_21_3_3_0_3_2_1_3,BabyBillion_Education,"[{""S"":""3-6""}]",f86787db-e9ed-4093-9aa4-a1df05f1c772,https://video.babybillion.in/hls/Addition_21_3_3_0_3_2_1_3/Addition_21_3_3_0_3_2_1_3.m3u8,/Addition_21_3_3_0_3_2_1_3/Addition_21_3_3_0_3_2_1_3.m3u8,arjun
7dbf0760-55a6-49ca-b4d5-1fe8ad93ea37,002_cvc_words_pat,BabyBillion_Education,"[{""S"":""3-6""}]",bac6ace6-06bc-4f67-85bb-5f0b144d5a15,https://video.babybillion.in/hls/002_cvc_words_pat/002_cvc_words_pat.m3u8,/002_cvc_words_pat/002_cvc_words_pat.m3u8,arjun
7f0a1fb7-27c9-452b-87fc-638926b9e00f,016_cvc_words_bad,BabyBillion_Education,"[{""S"":""3-6""}]",bac6ace6-06bc-4f67-85bb-5f0b144d5a15,https://video.babybillion.in/hls/016_cvc_words_bad/016_cvc_words_bad.m3u8,/016_cvc_words_bad/016_cvc_words_bad.m3u8,arjun
7f8feb09-381b-4fb3-8f97-2f335af4007a,Rhino,BabyBillion_Education,"[{""S"":""3-6""}]",79156051-e033-423a-b7de-a68fe1342a75,https://video.babybillion.in/hls/Rhino/Rhino.m3u8,/Rhino/Rhino.m3u8,arjun
7f96917a-673f-44ed-a207-710ff228d1db,Temperature_hotcold,BabyBillion_Education,"[{""S"":""3-6""}]",b7ef253a-6fb1-4247-ad59-99c4c945c8ec,https://video.babybillion.in/hls/Temperature_hotcold/Temperature_hotcold.m3u8,/Temperature_hotcold/Temperature_hotcold.m3u8,arjun
7fae722b-98e4-44a1-ac7a-facb25ef2b55,Horse,BabyBillion_Education,"[{""S"":""0-3""}]",79156051-e033-423a-b7de-a68fe1342a75,https://video.babybillion.in/hls/Horse/Horse.m3u8,/Horse/Horse.m3u8,arjun
847f827d-0386-433b-8789-7762c4ac3ac7,Kind,BabyBillion_Education,"[{""S"":""0-3""}]",90ff5296-5b99-4ddf-8bdf-ac55f6f7b6c2,https://video.babybillion.in/hls/Kind/Kind.m3u8,/Kind/Kind.m3u8,arjun
84a4b288-8d4a-4585-8f3b-62d774498e84,004_varnmala_vyanjan_ga_se_gaay,BabyBillion_Education,"[{""S"":""3-6""}]",fec06a4b-b277-4fe2-8fff-bb40451bf2d9,https://video.babybillion.in/hls/004_varnmala_vyanjan_ga_se_gaay/004_varnmala_vyanjan_ga_se_gaay.m3u8,/004_varnmala_vyanjan_ga_se_gaay/004_varnmala_vyanjan_ga_se_gaay.m3u8,arjun
84c920e9-b251-45eb-9583-bf8b684525d5,Gardener_Maali,BabyBillion_Education,"[{""S"":""0-3""}]",18ae1c51-e0c5-4df1-94f6-30f5e6732dd3,https://video.babybillion.in/hls/Gardener_Maali/Gardener_Maali.m3u8,/Gardener_Maali/Gardener_Maali.m3u8,arjun
850ffe3b-bda7-4552-bf80-62c655f54f50,Short_Vowel_Sounds_a_e_i_o_u,BabyBillion_Education,"[{""S"":""6+""}]",b79bd45b-2c9c-4b7d-91a0-07c93a4dbea1,https://video.babybillion.in/hls/Short_Vowel_Sounds_a_e_i_o_u/Short_Vowel_Sounds_a_e_i_o_u.m3u8,/Short_Vowel_Sounds_a_e_i_o_u/Short_Vowel_Sounds_a_e_i_o_u.m3u8,arjun
86a9a635-ac19-4d62-b923-04a5cf37c9d6,Vehicles_three_wheelers,BabyBillion_Education,"[{""S"":""3-6""}]",bf9d1fdb-31f8-48e3-9114-9e4e4967617c,https://video.babybillion.in/hls/Vehicles_three_wheelers/Vehicles_three_wheelers.m3u8,/Vehicles_three_wheelers/Vehicles_three_wheelers.m3u8,arjun
870ed97d-4b42-4927-9b70-2225de784cd7,039_good_habits_sharing_toys_with_friends,BabyBillion_Education,"[{""S"":""3-6""}]",06f625da-1202-4c8a-8b16-e624b97476d1,https://video.babybillion.in/hls/039_good_habits_sharing_toys_with_friends/039_good_habits_sharing_toys_with_friends.m3u8,/039_good_habits_sharing_toys_with_friends/039_good_habits_sharing_toys_with_friends.m3u8,arjun
876f805a-12d1-4433-ad46-38a0192e8187,Patient,BabyBillion_Education,"[{""S"":""3-6""}]",90ff5296-5b99-4ddf-8bdf-ac55f6f7b6c2,https://video.babybillion.in/hls/Patient/Patient.m3u8,/Patient/Patient.m3u8,arjun
87da650d-b9fa-4552-86af-ff43d0d58242,101_3-6_Parrot,BabyBillion_Education,"[{""S"":""3-6""}]",efdd9da9-9b29-45aa-8bc4-3ddbee54940d,https://video.babybillion.in/hls/101_3-6_Parrot/101_3-6_Parrot.m3u8,/101_3-6_Parrot/101_3-6_Parrot.m3u8,arjun
8809f6db-93c5-4cd4-a372-029433e57101,Crow,BabyBillion_Education,"[{""S"":""0-3""}]",efdd9da9-9b29-45aa-8bc4-3ddbee54940d,https://video.babybillion.in/hls/Crow/Crow.m3u8,/Crow/Crow.m3u8,arjun
8a660a34-f32a-40ca-a35f-54a459c5d96a,Airport,BabyBillion_Education,"[{""S"":""0-3""}]",18ae1c51-e0c5-4df1-94f6-30f5e6732dd3,https://video.babybillion.in/hls/Airport/Airport.m3u8,/Airport/Airport.m3u8,arjun
8c58bbe4-33c2-4ef5-b2a6-2c6399a1a8a3,104_3-6_Peacock,BabyBillion_Education,"[{""S"":""3-6""}]",efdd9da9-9b29-45aa-8bc4-3ddbee54940d,https://video.babybillion.in/hls/104_3-6_Peacock/104_3-6_Peacock.m3u8,/104_3-6_Peacock/104_3-6_Peacock.m3u8,arjun
8da40cdd-475b-4db5-b37c-91cab37fbe30,063_cvc_words_kit,BabyBillion_Education,"[{""S"":""3-6""}]",bac6ace6-06bc-4f67-85bb-5f0b144d5a15,https://video.babybillion.in/hls/063_cvc_words_kit/063_cvc_words_kit.m3u8,/063_cvc_words_kit/063_cvc_words_kit.m3u8,arjun
8dc3680b-9e56-4bef-8d28-314f592c0ba7,Sweet_Potato_Shakarkandi,BabyBillion_Education,"[{""S"":""0-3""}]",c3d15541-8760-45ff-b253-1647ca61bf37,https://video.babybillion.in/hls/Sweet_Potato_Shakarkandi/Sweet_Potato_Shakarkandi.m3u8,/Sweet_Potato_Shakarkandi/Sweet_Potato_Shakarkandi.m3u8,arjun
8ebc99ee-3d01-4387-ad75-8efa87460678,Is,BabyBillion_Education,"[{""S"":""3-6""}]",181961d7-b484-40c7-b24c-9b3f335cc424,https://video.babybillion.in/hls/Is/Is.m3u8,/Is/Is.m3u8,arjun
904113d6-b0f0-4a7e-a714-b9a303e73ba3,Kadhi_Rice,BabyBillion_Education,"[{""S"":""3-6""}]",5bc39ba0-a18b-42a9-9176-736112991697,https://video.babybillion.in/hls/Kadhi_Rice/Kadhi_Rice.m3u8,/Kadhi_Rice/Kadhi_Rice.m3u8,arjun
90640f76-6391-4dcd-8271-4501b8757cf3,050_english_speaking_i_like_this,BabyBillion_Education,"[{""S"":""3-6""}]",0eba9676-9d93-484f-8938-41e3ab588a7f,https://video.babybillion.in/hls/050_english_speaking_i_like_this/050_english_speaking_i_like_this.m3u8,/050_english_speaking_i_like_this/050_english_speaking_i_like_this.m3u8,arjun
90a363ad-d820-477d-8ae2-7686fc626b9a,110_6_Counting_forward_by_1s_Example_15161718192021222324,BabyBillion_Education,"[{""S"":""6+""}]",98263b2e-41f3-413e-9a83-b64ef2016a53,https://video.babybillion.in/hls/110_6_Counting_forward_by_1s_Example_15161718192021222324/110_6_Counting_forward_by_1s_Example_15161718192021222324.m3u8,/110_6_Counting_forward_by_1s_Example_15161718192021222324/110_6_Counting_forward_by_1s_Example_15161718192021222324.m3u8,arjun
91a58a08-8439-4282-915d-f0155d643e23,CurdDahi,BabyBillion_Education,"[{""S"":""0-3""}]",aa154d92-77f0-4dd7-9c3f-d7e57bd9baf5,https://video.babybillion.in/hls/CurdDahi/CurdDahi.m3u8,/CurdDahi/CurdDahi.m3u8,arjun
932e5a52-e34f-46ab-be1c-dd2ed7ba0669,Vada_Sambar,BabyBillion_Education,"[{""S"":""3-6""}]",5bc39ba0-a18b-42a9-9176-736112991697,https://video.babybillion.in/hls/Vada_Sambar/Vada_Sambar.m3u8,/Vada_Sambar/Vada_Sambar.m3u8,arjun
948158fd-4b1a-47bb-9011-30b963924ecd,101_1_Family_Members_and_Their_Roles,BabyBillion_Education,"[{""S"":""6+""}]",24429faf-f706-4456-a1a0-d8b55cc55f9d,https://video.babybillion.in/hls/101_1_Family_Members_and_Their_Roles/101_1_Family_Members_and_Their_Roles.m3u8,/101_1_Family_Members_and_Their_Roles/101_1_Family_Members_and_Their_Roles.m3u8,arjun
955ef6e2-6bcb-4072-a729-2df680bab2cf,Sleeping_Early,BabyBillion_Education,"[{""S"":""3-6""}]",06f625da-1202-4c8a-8b16-e624b97476d1,https://video.babybillion.in/hls/Sleeping_Early/Sleeping_Early.m3u8,/Sleeping_Early/Sleeping_Early.m3u8,arjun
957e9d5d-aae7-4400-a3c7-9f54fcca2c15,People_of_India,BabyBillion_Education,"[{""S"":""3-6""}]",2754f754-bfaf-4810-9852-60d5960a7a74,https://video.babybillion.in/hls/People_of_India/People_of_India.m3u8,/People_of_India/People_of_India.m3u8,arjun
968c0d06-cc8e-4826-9a09-b709eed4dc7e,037_pha_se_phal,BabyBillion_Education,"[{""S"":""0-3""}]",de5577e3-4806-4284-9cab-9e7ecf907095,https://video.babybillion.in/hls/037_pha_se_phal/037_pha_se_phal.m3u8,/037_pha_se_phal/037_pha_se_phal.m3u8,arjun
96906a4b-576d-41e9-af29-5130eb3c7d44,021_abc_capital_e_and_small_e,BabyBillion_Education,"[{""S"":""3-6""}]",1bf17868-9fb8-419a-b7d7-e9ba3b51a364,https://video.babybillion.in/hls/021_abc_capital_e_and_small_e/021_abc_capital_e_and_small_e.m3u8,/021_abc_capital_e_and_small_e/021_abc_capital_e_and_small_e.m3u8,arjun
96e75c2d-180a-4537-bd4d-12625af5a255,Keeping_RoomStudy_Table_Clean,BabyBillion_Education,"[{""S"":""6+""}]",06f625da-1202-4c8a-8b16-e624b97476d1,https://video.babybillion.in/hls/Keeping_RoomStudy_Table_Clean/Keeping_RoomStudy_Table_Clean.m3u8,/Keeping_RoomStudy_Table_Clean/Keeping_RoomStudy_Table_Clean.m3u8,arjun
97446b5f-f5f1-4b60-a8bb-c3fc53f3c5f9,Fan,BabyBillion_Education,"[{""S"":""0-3""}]",aa154d92-77f0-4dd7-9c3f-d7e57bd9baf5,https://video.babybillion.in/hls/Fan/Fan.m3u8,/Fan/Fan.m3u8,arjun
98c6df11-6716-42b1-a830-18199c7f2e5c,Walk_only_on_footpaths,BabyBillion_Education,"[{""S"":""3-6""}]",c3533a50-aeac-4a7c-9f5c-e82d64be5e32,https://video.babybillion.in/hls/Walk_only_on_footpaths/Walk_only_on_footpaths.m3u8,/Walk_only_on_footpaths/Walk_only_on_footpaths.m3u8,arjun
99059f11-abb7-403c-a298-e726d1ab4a24,Mother_Mumma,BabyBillion_Education,"[{""S"":""0-3""}]",24429faf-f706-4456-a1a0-d8b55cc55f9d,https://video.babybillion.in/hls/Mother_Mumma/Mother_Mumma.m3u8,/Mother_Mumma/Mother_Mumma.m3u8,arjun
9a7cc5ec-57f9-4635-bbbe-d0119ce0edb0,Farmer,BabyBillion_Education,"[{""S"":""3-6""}]",3dc35861-75e5-4d11-a33d-d263d159f041,https://video.babybillion.in/hls/Farmer/Farmer.m3u8,/Farmer/Farmer.m3u8,arjun
9b6abd3e-cfae-4f9c-91e6-fb96203362d7,Sleeping_Early,BabyBillion_Education,"[{""S"":""3-6""}]",06f625da-1202-4c8a-8b16-e624b97476d1,https://video.babybillion.in/hls/Sleeping_Early/Sleeping_Early.m3u8,/Sleeping_Early/Sleeping_Early.m3u8,arjun
9b92f47a-96da-4dcb-a0b6-263dd76622c0,Deer,BabyBillion_Education,"[{""S"":""3-6""}]",c1f0397a-0732-418a-b6e4-50081b10219c,https://video.babybillion.in/hls/Deer/Deer.m3u8,/Deer/Deer.m3u8,arjun
9c613220-d628-4d65-aa53-3560f504193b,Falcon,BabyBillion_Education,"[{""S"":""0-3""}]",efdd9da9-9b29-45aa-8bc4-3ddbee54940d,https://video.babybillion.in/hls/Falcon/Falcon.m3u8,/Falcon/Falcon.m3u8,arjun
9cd5d8e9-2472-4f05-a1fb-ecd1a343972a,Building_with_blocks,BabyBillion_Education,"[{""S"":""3-6""}]",cdd3ba69-c04a-402a-a061-05e0f816a161,https://video.babybillion.in/hls/Building_with_blocks/Building_with_blocks.m3u8,/Building_with_blocks/Building_with_blocks.m3u8,arjun
9d2a3a31-dff1-44eb-b2da-51f896bf331f,Lift,BabyBillion_Education,"[{""S"":""3-6""}]",6d841cca-a54f-451a-90fc-aeffa145e274,https://video.babybillion.in/hls/Lift/Lift.m3u8,/Lift/Lift.m3u8,arjun
9e74f721-dc48-4571-9ac5-a6b42eadfc1a,050_sight_words_like,BabyBillion_Education,"[{""S"":""3-6""}]",181961d7-b484-40c7-b24c-9b3f335cc424,https://video.babybillion.in/hls/050_sight_words_like/050_sight_words_like.m3u8,/050_sight_words_like/050_sight_words_like.m3u8,arjun
9ed7b4c5-fb40-4a90-bf77-503ce178c086,004_shapes_cylinder_3d,BabyBillion_Education,"[{""S"":""3-6""}]",da4d2220-056e-483b-9fc0-8451577d4cc9,https://video.babybillion.in/hls/004_shapes_cylinder_3d/004_shapes_cylinder_3d.m3u8,/004_shapes_cylinder_3d/004_shapes_cylinder_3d.m3u8,arjun
9eda0109-41f2-4a7e-bb81-64389350913f,022_phonics_short_u_sound_as_in_up,BabyBillion_Education,"[{""S"":""3-6""}]",b79bd45b-2c9c-4b7d-91a0-07c93a4dbea1,https://video.babybillion.in/hls/022_phonics_short_u_sound_as_in_up/022_phonics_short_u_sound_as_in_up.m3u8,/022_phonics_short_u_sound_as_in_up/022_phonics_short_u_sound_as_in_up.m3u8,arjun
9feae025-70b4-4a65-937a-9384281e34e4,Lift,BabyBillion_Education,"[{""S"":""3-6""}]",cdd3ba69-c04a-402a-a061-05e0f816a161,https://video.babybillion.in/hls/Lift/Lift.m3u8,/Lift/Lift.m3u8,arjun
a27b85e9-f44d-4d53-a01f-e224cf06bd81,Short_Vowel_Sounds_a_e_i_o_u,BabyBillion_Education,"[{""S"":""6+""}]",b79bd45b-2c9c-4b7d-91a0-07c93a4dbea1,https://video.babybillion.in/hls/Short_Vowel_Sounds_a_e_i_o_u/Short_Vowel_Sounds_a_e_i_o_u.m3u8,/Short_Vowel_Sounds_a_e_i_o_u/Short_Vowel_Sounds_a_e_i_o_u.m3u8,arjun
a297a4b7-a449-412f-8087-02718c0f321a,Listening_to_Teachers,BabyBillion_Education,"[{""S"":""3-6""}]",06f625da-1202-4c8a-8b16-e624b97476d1,https://video.babybillion.in/hls/Listening_to_Teachers/Listening_to_Teachers.m3u8,/Listening_to_Teachers/Listening_to_Teachers.m3u8,arjun
a46e5bb6-3dd3-4170-8ff1-7c25800eef2b,Hexagon_Honeycomb,BabyBillion_Education,"[{""S"":""0-3""}]",da4d2220-056e-483b-9fc0-8451577d4cc9,https://video.babybillion.in/hls/Hexagon_Honeycomb/Hexagon_Honeycomb.m3u8,/Hexagon_Honeycomb/Hexagon_Honeycomb.m3u8,arjun
a6a8fea6-c7f0-4673-9eef-990acf85cad2,064_sight_words_big_and_little,BabyBillion_Education,"[{""S"":""3-6""}]",181961d7-b484-40c7-b24c-9b3f335cc424,https://video.babybillion.in/hls/a6a8fea6-c7f0-4673-9eef-990acf85cad2/a6a8fea6-c7f0-4673-9eef-990acf85cad2.m3u8,/hls/a6a8fea6-c7f0-4673-9eef-990acf85cad2/a6a8fea6-c7f0-4673-9eef-990acf85cad2.m3u8,arjun
a7252418-f5d3-45dc-ae2b-86af656e525d,054_phonics_digraph_ow_as_in_cow,BabyBillion_Education,"[{""S"":""3-6""}]",b79bd45b-2c9c-4b7d-91a0-07c93a4dbea1,https://video.babybillion.in/hls/054_phonics_digraph_ow_as_in_cow/054_phonics_digraph_ow_as_in_cow.m3u8,/054_phonics_digraph_ow_as_in_cow/054_phonics_digraph_ow_as_in_cow.m3u8,arjun
a83c5ae7-4d62-47ca-8700-dc77ce88dba4,102_6_The_Five_Senses,BabyBillion_Education,"[{""S"":""6+""}]",6d841cca-a54f-451a-90fc-aeffa145e274,https://video.babybillion.in/hls/102_6_The_Five_Senses/102_6_The_Five_Senses.m3u8,/102_6_The_Five_Senses/102_6_The_Five_Senses.m3u8,arjun
a9596c43-abaa-45dc-9f84-529f00bcadba,Book_Bag,BabyBillion_Education,"[{""S"":""3-6""}]",aa154d92-77f0-4dd7-9c3f-d7e57bd9baf5,https://video.babybillion.in/hls/Book_Bag/Book_Bag.m3u8,/Book_Bag/Book_Bag.m3u8,arjun
a99f46ed-60c2-4837-9569-de6665d2ef34,Fire_safety_basics,BabyBillion_Education,"[{""S"":""3-6""}]",b7ef253a-6fb1-4247-ad59-99c4c945c8ec,https://video.babybillion.in/hls/Fire_safety_basics/Fire_safety_basics.m3u8,/Fire_safety_basics/Fire_safety_basics.m3u8,arjun
aabe84ae-068a-4e41-b63e-65a127c1c2e2,Kick,BabyBillion_Education,"[{""S"":""3-6""}]",6d841cca-a54f-451a-90fc-aeffa145e274,https://video.babybillion.in/hls/Kick/Kick.m3u8,/Kick/Kick.m3u8,arjun
ab7f3a70-d2e6-409f-906b-2b2e1c068bf9,O_for_Orange,BabyBillion_Education,"[{""S"":""0-3""}]",1bf17868-9fb8-419a-b7d7-e9ba3b51a364,https://video.babybillion.in/hls/O_for_Orange/O_for_Orange.m3u8,/O_for_Orange/O_for_Orange.m3u8,arjun
abc1e0bb-6b84-469f-9315-20dc3995824b,055_simple_sentences_i_am_running,BabyBillion_Education,"[{""S"":""3-6""}]",0eba9676-9d93-484f-8938-41e3ab588a7f,https://video.babybillion.in/hls/055_simple_sentences_i_am_running/055_simple_sentences_i_am_running.m3u8,/055_simple_sentences_i_am_running/055_simple_sentences_i_am_running.m3u8,arjun
ac35e41c-57e6-44d4-93ad-a680f0a2c419,030_english_speaking_may_i_sit_here,BabyBillion_Education,"[{""S"":""3-6""}]",0eba9676-9d93-484f-8938-41e3ab588a7f,https://video.babybillion.in/hls/030_english_speaking_may_i_sit_here/030_english_speaking_may_i_sit_here.m3u8,/030_english_speaking_may_i_sit_here/030_english_speaking_may_i_sit_here.m3u8,arjun
acc92a47-f6c4-41f5-b660-5b7432279b71,009_simple_sentences_i_can_run_fast,BabyBillion_Education,"[{""S"":""3-6""}]",4c06fdb7-0fe2-4c21-aab0-f80f2fa1f650,https://video.babybillion.in/hls/009_simple_sentences_i_can_run_fast/009_simple_sentences_i_can_run_fast.m3u8,/009_simple_sentences_i_can_run_fast/009_simple_sentences_i_can_run_fast.m3u8,arjun
ad620de4-b988-4696-81f8-f8695c87ad61,Walk,BabyBillion_Education,"[{""S"":""0-3""}]",6d841cca-a54f-451a-90fc-aeffa145e274,https://video.babybillion.in/hls/Walk/Walk.m3u8,/Walk/Walk.m3u8,arjun
adb73d9c-2809-425e-a743-8c4eb2e9ecba,050_phonics_digraph_ai_as_in_rain,BabyBillion_Education,"[{""S"":""3-6""}]",b79bd45b-2c9c-4b7d-91a0-07c93a4dbea1,https://video.babybillion.in/hls/050_phonics_digraph_ai_as_in_rain/050_phonics_digraph_ai_as_in_rain.m3u8,/050_phonics_digraph_ai_as_in_rain/050_phonics_digraph_ai_as_in_rain.m3u8,arjun
ae2a2e5d-83da-4dde-853f-c401b3eadd2e,Proud,BabyBillion_Education,"[{""S"":""3-6""}]",90ff5296-5b99-4ddf-8bdf-ac55f6f7b6c2,https://video.babybillion.in/hls/Proud/Proud.m3u8,/Proud/Proud.m3u8,arjun
afd1fa99-8d90-4d72-ae50-d6f9a40b1472,003_3_teen,BabyBillion_Education,"[{""S"":""0-3""}]",080cfa0b-e72e-4774-b8eb-a2359ce9ff2e,https://video.babybillion.in/hls/003_3_teen/003_3_teen.m3u8,/003_3_teen/003_3_teen.m3u8,arjun
afed3d86-304d-4fa8-b9b0-d8f62a83af03,034_english_speaking_can_you_help_me,BabyBillion_Education,"[{""S"":""3-6""}]",0eba9676-9d93-484f-8938-41e3ab588a7f,https://video.babybillion.in/hls/034_english_speaking_can_you_help_me/034_english_speaking_can_you_help_me.m3u8,/034_english_speaking_can_you_help_me/034_english_speaking_can_you_help_me.m3u8,arjun
b082b797-79b9-4b0f-b044-b206a30ffc7f,Fats,BabyBillion_Education,"[{""S"":""6+""}]",5bc39ba0-a18b-42a9-9176-736112991697,https://video.babybillion.in/hls/Fats/Fats.m3u8,/Fats/Fats.m3u8,arjun
b0d4ac90-dcbd-4c3f-94db-f82b5c7fe41b,Forest_Jungle,BabyBillion_Education,"[{""S"":""0-3""}]",eb5f90b5-3650-49b9-95b6-d4e3a89c0662,https://video.babybillion.in/hls/Forest_Jungle/Forest_Jungle.m3u8,/Forest_Jungle/Forest_Jungle.m3u8,arjun
b27ba8c7-784f-4517-b449-423370cdcb29,Magic_E_cake_bike,BabyBillion_Education,"[{""S"":""6+""}]",b79bd45b-2c9c-4b7d-91a0-07c93a4dbea1,https://video.babybillion.in/hls/Magic_E_cake_bike/Magic_E_cake_bike.m3u8,/Magic_E_cake_bike/Magic_E_cake_bike.m3u8,arjun
b2c6859c-9bbc-4acc-8f4d-d31f89c875ed,014_varnmala_vyanjan_na_hard_se_namak,BabyBillion_Education,"[{""S"":""3-6""}]",fec06a4b-b277-4fe2-8fff-bb40451bf2d9,https://video.babybillion.in/hls/014_varnmala_vyanjan_na_hard_se_namak/014_varnmala_vyanjan_na_hard_se_namak.m3u8,/014_varnmala_vyanjan_na_hard_se_namak/014_varnmala_vyanjan_na_hard_se_namak.m3u8,arjun
b48e359a-850b-438f-8855-0dccabc5d891,Indoor_vs_Outdoor_Sports,BabyBillion_Education,"[{""S"":""6+""}]",cf83518a-7e38-483a-9b3e-a943beb08196,https://video.babybillion.in/hls/Indoor_vs_Outdoor_Sports/Indoor_vs_Outdoor_Sports.m3u8,/Indoor_vs_Outdoor_Sports/Indoor_vs_Outdoor_Sports.m3u8,arjun
b4bf1e6e-03df-4793-9bc9-05a89a1f51e4,020_varnmala_vyanjan_pa_se_patang,BabyBillion_Education,"[{""S"":""3-6""}]",fec06a4b-b277-4fe2-8fff-bb40451bf2d9,https://video.babybillion.in/hls/020_varnmala_vyanjan_pa_se_patang/020_varnmala_vyanjan_pa_se_patang.m3u8,/020_varnmala_vyanjan_pa_se_patang/020_varnmala_vyanjan_pa_se_patang.m3u8,arjun
b7d0f36f-18ce-4f55-932a-fbb456df5377,005_good_habits_wearing_clean_clothes,BabyBillion_Education,"[{""S"":""3-6""}]",06f625da-1202-4c8a-8b16-e624b97476d1,https://video.babybillion.in/hls/005_good_habits_wearing_clean_clothes/005_good_habits_wearing_clean_clothes.m3u8,/005_good_habits_wearing_clean_clothes/005_good_habits_wearing_clean_clothes.m3u8,arjun
b7d5b17f-8c9c-4f11-ab96-9e6edecdb5bc,Brother,BabyBillion_Education,"[{""S"":""3-6""}]",24429faf-f706-4456-a1a0-d8b55cc55f9d,https://video.babybillion.in/hls/Brother/Brother.m3u8,/Brother/Brother.m3u8,arjun
b7ef4cba-d6dc-48ed-bead-ff246885f8a9,Staying_Safe_While_Playing,BabyBillion_Education,"[{""S"":""6+""}]",cf83518a-7e38-483a-9b3e-a943beb08196,https://video.babybillion.in/hls/Staying_Safe_While_Playing/Staying_Safe_While_Playing.m3u8,/Staying_Safe_While_Playing/Staying_Safe_While_Playing.m3u8,arjun
b943ee8f-5feb-4195-9c43-58eb4772d467,Ship,BabyBillion_Education,"[{""S"":""0-3""}]",bf9d1fdb-31f8-48e3-9114-9e4e4967617c,https://video.babybillion.in/hls/Ship/Ship.m3u8,/Ship/Ship.m3u8,arjun
b970c445-13ab-4727-b9d8-a4b2af2a1802,being_kind_to_animals,BabyBillion_Education,"[{""S"":""3-6""}]",06f625da-1202-4c8a-8b16-e624b97476d1,https://video.babybillion.in/hls/being_kind_to_animals/being_kind_to_animals.m3u8,/being_kind_to_animals/being_kind_to_animals.m3u8,arjun
b99a3bb4-cde4-4408-9baf-ae18bc82fbe6,035_simple_sentences_i_see_the_sky,BabyBillion_Education,"[{""S"":""3-6""}]",4c06fdb7-0fe2-4c21-aab0-f80f2fa1f650,https://video.babybillion.in/hls/035_simple_sentences_i_see_the_sky/035_simple_sentences_i_see_the_sky.m3u8,/035_simple_sentences_i_see_the_sky/035_simple_sentences_i_see_the_sky.m3u8,arjun
b9fb6d41-3754-4051-8ca2-ddb1e36885d4,love,BabyBillion_Education,"[{""S"":""3-6""}]",90ff5296-5b99-4ddf-8bdf-ac55f6f7b6c2,https://video.babybillion.in/hls/love/love.m3u8,/love/love.m3u8,arjun
ba9dfd61-841c-44c3-9ab1-ed3a94cb7461,054_english_speaking_my_favorite_animal_is,BabyBillion_Education,"[{""S"":""3-6""}]",0eba9676-9d93-484f-8938-41e3ab588a7f,https://video.babybillion.in/hls/054_english_speaking_my_favorite_animal_is/054_english_speaking_my_favorite_animal_is.m3u8,/054_english_speaking_my_favorite_animal_is/054_english_speaking_my_favorite_animal_is.m3u8,arjun
bb495e0f-ad56-4ffe-b8bc-5e0fea5ef507,117_3-6_Canary,BabyBillion_Education,"[{""S"":""3-6""}]",efdd9da9-9b29-45aa-8bc4-3ddbee54940d,https://video.babybillion.in/hls/117_3-6_Canary/117_3-6_Canary.m3u8,/117_3-6_Canary/117_3-6_Canary.m3u8,arjun
bc077deb-60fe-4a4c-b5a6-42a0dc64f298,064_sight_words_big_and_little,BabyBillion_Education,"[{""S"":""3-6""}]",181961d7-b484-40c7-b24c-9b3f335cc424,https://video.babybillion.in/hls/bc077deb-60fe-4a4c-b5a6-42a0dc64f298/bc077deb-60fe-4a4c-b5a6-42a0dc64f298.m3u8,/hls/bc077deb-60fe-4a4c-b5a6-42a0dc64f298/bc077deb-60fe-4a4c-b5a6-42a0dc64f298.m3u8,arjun
bc9b1611-e276-4d3d-b63d-f0354307898e,Heavy_-_Light,BabyBillion_Education,"[{""S"":""6+""}]",03776bdf-d177-47e6-abe5-d3215a0df920,https://video.babybillion.in/hls/Heavy_-_Light/Heavy_-_Light.m3u8,/Heavy_-_Light/Heavy_-_Light.m3u8,arjun
bee1136d-b2ef-4f40-8f0b-5cf1ba1ad81f,Scooter,BabyBillion_Education,"[{""S"":""0-3""}]",bf9d1fdb-31f8-48e3-9114-9e4e4967617c,https://video.babybillion.in/hls/Scooter/Scooter.m3u8,/Scooter/Scooter.m3u8,arjun
bf6dcd28-e98c-4e5e-abf6-6c0cf077e62f,T_for_Tiger,BabyBillion_Education,"[{""S"":""0-3""}]",1bf17868-9fb8-419a-b7d7-e9ba3b51a364,https://video.babybillion.in/hls/T_for_Tiger/T_for_Tiger.m3u8,/T_for_Tiger/T_for_Tiger.m3u8,arjun
c013ddc9-082a-485a-a73b-b6e0c8748acb,047_phonics_digraph_ll_as_in_ball,BabyBillion_Education,"[{""S"":""3-6""}]",b79bd45b-2c9c-4b7d-91a0-07c93a4dbea1,https://video.babybillion.in/hls/047_phonics_digraph_ll_as_in_ball/047_phonics_digraph_ll_as_in_ball.m3u8,/047_phonics_digraph_ll_as_in_ball/047_phonics_digraph_ll_as_in_ball.m3u8,arjun
c07462e6-ee61-448b-a862-e82c4e9ce193,Counting_numbers_171-180,BabyBillion_Education,"[{""S"":""6+""}]",96c17b79-8401-4494-9e78-28c683d600c0,https://video.babybillion.in/hls/Counting_numbers_171-180/Counting_numbers_171-180.m3u8,/Counting_numbers_171-180/Counting_numbers_171-180.m3u8,arjun
c1385fe2-0056-4503-87f8-c00a38fb6b78,Letter_O,BabyBillion_Education,"[{""S"":""0-3""},{""S"":""3-6""}]",1bf17868-9fb8-419a-b7d7-e9ba3b51a364,https://video.babybillion.in/hls/Letter_O/Letter_O.m3u8,/Letter_O/Letter_O.m3u8,arjun
c16fec1f-ddb7-49f8-ad00-3cd97913e548,Toucan,BabyBillion_Education,"[{""S"":""0-3""}]",efdd9da9-9b29-45aa-8bc4-3ddbee54940d,https://video.babybillion.in/hls/Toucan/Toucan.m3u8,/Toucan/Toucan.m3u8,arjun
c27dfc81-1dfb-4317-a994-c1d8d5477753,066_cvc_words_hip,BabyBillion_Education,"[{""S"":""3-6""}]",bac6ace6-06bc-4f67-85bb-5f0b144d5a15,https://video.babybillion.in/hls/066_cvc_words_hip/066_cvc_words_hip.m3u8,/066_cvc_words_hip/066_cvc_words_hip.m3u8,arjun
c322204f-0b1e-4bb7-80a0-f8e5c134599c,Sounds_around_us,BabyBillion_Education,"[{""S"":""3-6""}]",b7ef253a-6fb1-4247-ad59-99c4c945c8ec,https://video.babybillion.in/hls/Sounds_around_us/Sounds_around_us.m3u8,/Sounds_around_us/Sounds_around_us.m3u8,arjun
c3514c61-f4ee-47ef-a5c8-da75f50e3fdf,015_english_speaking_i_have_a_brother,BabyBillion_Education,"[{""S"":""3-6""}]",0eba9676-9d93-484f-8938-41e3ab588a7f,https://video.babybillion.in/hls/015_english_speaking_i_have_a_brother/015_english_speaking_i_have_a_brother.m3u8,/015_english_speaking_i_have_a_brother/015_english_speaking_i_have_a_brother.m3u8,arjun
c493a9bf-ad8f-428f-98ed-2330565daee6,Teacher,BabyBillion_Education,"[{""S"":""3-6""}]",3dc35861-75e5-4d11-a33d-d263d159f041,https://video.babybillion.in/hls/Teacher/Teacher.m3u8,/Teacher/Teacher.m3u8,arjun
c810c3d1-635e-483f-bcd7-5ec3dc8efc63,Ball,BabyBillion_Education,"[{""S"":""0-3""}]",259e1ebe-d005-41f2-a3f8-810078f51c98,https://video.babybillion.in/hls/Ball/Ball.m3u8,/Ball/Ball.m3u8,arjun
c88077d4-f53e-4d26-8c75-6ab0c0fcdd62,Number_2_Two,BabyBillion_Education,"[{""S"":""0-3""}]",7f104108-2a0b-4ef6-ae47-dd084674c0e6,https://video.babybillion.in/hls/Number_2_Two/Number_2_Two.m3u8,/Number_2_Two/Number_2_Two.m3u8,arjun
c8ef67b5-7f33-41a2-b180-03a6626eeb36,Teacher,BabyBillion_Education,"[{""S"":""0-3""}]",18ae1c51-e0c5-4df1-94f6-30f5e6732dd3,https://video.babybillion.in/hls/Teacher/Teacher.m3u8,/Teacher/Teacher.m3u8,arjun
c94e1b7b-16ba-4f19-9afd-247f3d2805de,Temperature_hotcold,BabyBillion_Education,"[{""S"":""3-6""}]",ed57a6ae-2009-4c19-9800-8826437fde62,https://video.babybillion.in/hls/Temperature_hotcold/Temperature_hotcold.m3u8,/Temperature_hotcold/Temperature_hotcold.m3u8,arjun
c9bc3956-a474-44f0-8df8-3951bde02a90,008_varnmala_vyanjan_ja_se_jahaaz,BabyBillion_Education,"[{""S"":""3-6""}]",fec06a4b-b277-4fe2-8fff-bb40451bf2d9,https://video.babybillion.in/hls/008_varnmala_vyanjan_ja_se_jahaaz/008_varnmala_vyanjan_ja_se_jahaaz.m3u8,/008_varnmala_vyanjan_ja_se_jahaaz/008_varnmala_vyanjan_ja_se_jahaaz.m3u8,arjun
cac6a2d3-1be1-4113-ba7e-2d4a9de747f1,Pentagon,BabyBillion_Education,"[{""S"":""0-3""}]",da4d2220-056e-483b-9fc0-8451577d4cc9,https://video.babybillion.in/hls/Pentagon/Pentagon.m3u8,/Pentagon/Pentagon.m3u8,arjun
ce615a0a-5d6c-4af7-a9d2-3613b53c1683,Pull,BabyBillion_Education,"[{""S"":""0-3""}]",cdd3ba69-c04a-402a-a061-05e0f816a161,https://video.babybillion.in/hls/Pull/Pull.m3u8,/Pull/Pull.m3u8,arjun
d289d482-8450-4b04-809e-a8a3b22d6620,051_simple_sentences_i_am_reading,BabyBillion_Education,"[{""S"":""3-6""}]",0eba9676-9d93-484f-8938-41e3ab588a7f,https://video.babybillion.in/hls/051_simple_sentences_i_am_reading/051_simple_sentences_i_am_reading.m3u8,/051_simple_sentences_i_am_reading/051_simple_sentences_i_am_reading.m3u8,arjun
d3116987-4d11-49b0-9962-b259188bfdf9,Feeling_Tired,BabyBillion_Education,"[{""S"":""0-3""}]",90ff5296-5b99-4ddf-8bdf-ac55f6f7b6c2,https://video.babybillion.in/hls/Feeling_Tired/Feeling_Tired.m3u8,/Feeling_Tired/Feeling_Tired.m3u8,arjun
d47181c8-1aca-42f2-8c68-1f66f3ff99e1,Capital_of_India_New_Delhi,BabyBillion_Education,"[{""S"":""6+""}]",2754f754-bfaf-4810-9852-60d5960a7a74,https://video.babybillion.in/hls/Capital_of_India_New_Delhi/Capital_of_India_New_Delhi.m3u8,/Capital_of_India_New_Delhi/Capital_of_India_New_Delhi.m3u8,arjun
d6fc9eb2-d01e-4b52-a57a-284dfe86bc88,Scared,BabyBillion_Education,"[{""S"":""0-3""}]",90ff5296-5b99-4ddf-8bdf-ac55f6f7b6c2,https://video.babybillion.in/hls/Scared/Scared.m3u8,/Scared/Scared.m3u8,arjun
d74da766-7db6-48c2-9fae-d053f7523043,Blanket,BabyBillion_Education,"[{""S"":""0-3""}]",aa154d92-77f0-4dd7-9c3f-d7e57bd9baf5,https://video.babybillion.in/hls/Blanket/Blanket.m3u8,/Blanket/Blanket.m3u8,arjun
d77700d7-54fc-44a2-a726-48b9da5b6732,112_3-6_Penguin,BabyBillion_Education,"[{""S"":""3-6""}]",efdd9da9-9b29-45aa-8bc4-3ddbee54940d,https://video.babybillion.in/hls/112_3-6_Penguin/112_3-6_Penguin.m3u8,/112_3-6_Penguin/112_3-6_Penguin.m3u8,arjun
d78a0b3b-1454-4dee-9798-f15f453fa802,Bike,BabyBillion_Education,"[{""S"":""0-3""}]",bf9d1fdb-31f8-48e3-9114-9e4e4967617c,https://video.babybillion.in/hls/Bike/Bike.m3u8,/Bike/Bike.m3u8,arjun
d83d4eb0-b308-43d3-b7c8-b096a4c48e80,Makar_Sankranti,BabyBillion_Education,"[{""S"":""0-3""}]",655a5081-8ce4-4cfc-b36d-d5d0d1a06c1e,https://video.babybillion.in/hls/Makar_Sankranti/Makar_Sankranti.m3u8,/Makar_Sankranti/Makar_Sankranti.m3u8,arjun
d852505f-712c-46e5-b2d8-499c6924a7cb,Making_Amounts_eg_making_25,BabyBillion_Education,"[{""S"":""6+""}]",196088dd-3c9e-4930-8bfb-55110c194c2a,https://video.babybillion.in/hls/Making_Amounts_eg_making_25/Making_Amounts_eg_making_25.m3u8,/Making_Amounts_eg_making_25/Making_Amounts_eg_making_25.m3u8,arjun
d88a1fae-114e-473a-a399-7e7485a99868,Eid,BabyBillion_Education,"[{""S"":""0-3""}]",655a5081-8ce4-4cfc-b36d-d5d0d1a06c1e,https://video.babybillion.in/hls/Eid/Eid.m3u8,/Eid/Eid.m3u8,arjun
d8c44cee-f123-4555-8518-0fa130abe6b4,More,BabyBillion_Education,"[{""S"":""0-3""}]",4e8e2dbf-bad4-4a56-8365-251a1cfc4a10,https://video.babybillion.in/hls/More/More.m3u8,/More/More.m3u8,arjun
d9a977e3-eb4f-41b9-ad44-79e88d0b1b04,Pride,BabyBillion_Education,"[{""S"":""3-6""}]",90ff5296-5b99-4ddf-8bdf-ac55f6f7b6c2,https://video.babybillion.in/hls/Pride/Pride.m3u8,/Pride/Pride.m3u8,arjun
d9b84ee3-6caf-4b3d-8340-e6b7c204d84b,Sense-_Tongue_Taste,BabyBillion_Education,"[{""S"":""3-6""}]",b7ef253a-6fb1-4247-ad59-99c4c945c8ec,https://video.babybillion.in/hls/Sense-_Tongue_Taste/Sense-_Tongue_Taste.m3u8,/Sense-_Tongue_Taste/Sense-_Tongue_Taste.m3u8,arjun
dbdaa3fc-c226-415b-964f-053370c0c047,Sunny,BabyBillion_Education,"[{""S"":""3-6""}]",ed57a6ae-2009-4c19-9800-8826437fde62,https://video.babybillion.in/hls/Sunny/Sunny.m3u8,/Sunny/Sunny.m3u8,arjun
dc5b29be-a2bb-4e47-b90d-d8d29eaa3a4c,011_cvc_words_cap,BabyBillion_Education,"[{""S"":""3-6""}]",bac6ace6-06bc-4f67-85bb-5f0b144d5a15,https://video.babybillion.in/hls/011_cvc_words_cap/011_cvc_words_cap.m3u8,/011_cvc_words_cap/011_cvc_words_cap.m3u8,arjun
ddd52e37-e0f6-4c31-a95f-f88533af1265,Carbohydrates,BabyBillion_Education,"[{""S"":""6+""}]",5bc39ba0-a18b-42a9-9176-736112991697,https://video.babybillion.in/hls/Carbohydrates/Carbohydrates.m3u8,/Carbohydrates/Carbohydrates.m3u8,arjun
de679050-e41e-4fd8-bebf-3e241a490dd5,Deer,BabyBillion_Education,"[{""S"":""0-3""}]",79156051-e033-423a-b7de-a68fe1342a75,https://video.babybillion.in/hls/Deer/Deer.m3u8,/Deer/Deer.m3u8,arjun
de81789a-eafe-4e08-a8ae-7bf4c1964a03,Proud,BabyBillion_Education,"[{""S"":""0-3""}]",90ff5296-5b99-4ddf-8bdf-ac55f6f7b6c2,https://video.babybillion.in/hls/Proud/Proud.m3u8,/Proud/Proud.m3u8,arjun
deda2e0d-600d-4fa5-9fe4-6a22b090450d,Under_below,BabyBillion_Education,"[{""S"":""6+""}]",5463715e-88ba-4459-9ac2-0316966024ee,https://video.babybillion.in/hls/Under_below/Under_below.m3u8,/Under_below/Under_below.m3u8,arjun
e1f8530a-0f33-47ef-bf43-dc415fba1137,On_on_top_of,BabyBillion_Education,"[{""S"":""6+""}]",5463715e-88ba-4459-9ac2-0316966024ee,https://video.babybillion.in/hls/On_on_top_of/On_on_top_of.m3u8,/On_on_top_of/On_on_top_of.m3u8,arjun
e2365909-deb5-4eb4-af9d-9fb8120bc68e,Cinema,BabyBillion_Education,"[{""S"":""0-3""}]",e4dd4a24-f512-4d74-8bad-596b71c5369f,https://video.babybillion.in/hls/Cinema/Cinema.m3u8,/Cinema/Cinema.m3u8,arjun
e2c3a313-869c-4551-af9f-b57131ce26cc,Soap,BabyBillion_Education,"[{""S"":""0-3""}]",aa154d92-77f0-4dd7-9c3f-d7e57bd9baf5,https://video.babybillion.in/hls/Soap/Soap.m3u8,/Soap/Soap.m3u8,arjun
e5990b7c-6c49-46c5-abd2-d9719c863082,013_vehicles_submarine,BabyBillion_Education,"[{""S"":""3-6""}]",bf9d1fdb-31f8-48e3-9114-9e4e4967617c,https://video.babybillion.in/hls/013_vehicles_submarine/013_vehicles_submarine.m3u8,/013_vehicles_submarine/013_vehicles_submarine.m3u8,arjun
e6f81a29-cd4d-4711-8002-5425efcb2a3c,018_sight_words_or,BabyBillion_Education,"[{""S"":""3-6""}]",181961d7-b484-40c7-b24c-9b3f335cc424,https://video.babybillion.in/hls/018_sight_words_or/018_sight_words_or.m3u8,/018_sight_words_or/018_sight_words_or.m3u8,arjun
e73ba2a8-941c-4957-8684-800f57427fed,Waking_Up_Early,BabyBillion_Education,"[{""S"":""6+""}]",06f625da-1202-4c8a-8b16-e624b97476d1,https://video.babybillion.in/hls/Waking_Up_Early/Waking_Up_Early.m3u8,/Waking_Up_Early/Waking_Up_Early.m3u8,arjun
e774ac6d-3e6c-41f3-851b-abc180fa762f,Square_Window,BabyBillion_Education,"[{""S"":""0-3""}]",da4d2220-056e-483b-9fc0-8451577d4cc9,https://video.babybillion.in/hls/Square_Window/Square_Window.m3u8,/Square_Window/Square_Window.m3u8,arjun
e80fc0bf-c942-471a-8090-e7df832cb668,Chest_Back,BabyBillion_Education,"[{""S"":""3-6""}]",6d841cca-a54f-451a-90fc-aeffa145e274,https://video.babybillion.in/hls/Chest_Back/Chest_Back.m3u8,/Chest_Back/Chest_Back.m3u8,arjun
e9d8fddc-5d84-49f5-8af7-63b822dd741f,Fire_Truck,BabyBillion_Education,"[{""S"":""0-3""}]",bf9d1fdb-31f8-48e3-9114-9e4e4967617c,https://video.babybillion.in/hls/Fire_Truck/Fire_Truck.m3u8,/Fire_Truck/Fire_Truck.m3u8,arjun
e9f94cd0-e76a-4d64-ae8e-4122719593d7,Deer,BabyBillion_Education,"[{""S"":""3-6""}]",79156051-e033-423a-b7de-a68fe1342a75,https://video.babybillion.in/hls/Deer/Deer.m3u8,/Deer/Deer.m3u8,arjun
ea5a2828-7a28-4c9c-a6c6-1327d349785f,Throw,BabyBillion_Education,"[{""S"":""0-3""}]",cdd3ba69-c04a-402a-a061-05e0f816a161,https://video.babybillion.in/hls/Throw/Throw.m3u8,/Throw/Throw.m3u8,arjun
ebeda793-cf01-4df4-8a58-2ff309791edc,In_front_of,BabyBillion_Education,"[{""S"":""6+""}]",5463715e-88ba-4459-9ac2-0316966024ee,https://video.babybillion.in/hls/In_front_of/In_front_of.m3u8,/In_front_of/In_front_of.m3u8,arjun
ec9777e5-3154-4d8f-993a-2b0ce6a0c0ea,Equal,BabyBillion_Education,"[{""S"":""6+""}]",9964bf6a-c340-4e3a-b7e6-9f3d435449d3,https://video.babybillion.in/hls/Equal/Equal.m3u8,/Equal/Equal.m3u8,arjun
ed2314a2-8680-44c5-b38a-1413352340dd,Kind,BabyBillion_Education,"[{""S"":""3-6""}]",90ff5296-5b99-4ddf-8bdf-ac55f6f7b6c2,https://video.babybillion.in/hls/Kind/Kind.m3u8,/Kind/Kind.m3u8,arjun
ed72cf45-a596-41d3-bdc7-ec3c358b1920,Pan_Man,BabyBillion_Education,"[{""S"":""3-6""}]",bac6ace6-06bc-4f67-85bb-5f0b144d5a15,https://video.babybillion.in/hls/Pan_Man/Pan_Man.m3u8,/Pan_Man/Pan_Man.m3u8,arjun
eeeddcdf-834e-459a-b731-eb6c6e19a047,Mud_Mitti,BabyBillion_Education,"[{""S"":""0-3""}]",eb5f90b5-3650-49b9-95b6-d4e3a89c0662,https://video.babybillion.in/hls/Mud_Mitti/Mud_Mitti.m3u8,/Mud_Mitti/Mud_Mitti.m3u8,arjun
ef320f64-bb27-43d4-ba17-92c028ae4c3a,Throw,BabyBillion_Education,"[{""S"":""0-3""}]",cdd3ba69-c04a-402a-a061-05e0f816a161,https://video.babybillion.in/hls/Throw/Throw.m3u8,/Throw/Throw.m3u8,arjun
f1ce7cb8-aa9c-4644-b6aa-e24cede8737a,Calf_Baby_Cow,BabyBillion_Education,"[{""S"":""3-6""}]",f3cc6441-ba9d-4db9-85ec-3f3cdc60d542,https://video.babybillion.in/hls/Calf_Baby_Cow/Calf_Baby_Cow.m3u8,/Calf_Baby_Cow/Calf_Baby_Cow.m3u8,arjun
f1d41d29-8be0-40d9-911f-228d6822c88e,Letter_C_Cat_Cup,BabyBillion_Education,"[{""S"":""3-6""}]",1bf17868-9fb8-419a-b7d7-e9ba3b51a364,https://video.babybillion.in/hls/Letter_C_Cat_Cup/Letter_C_Cat_Cup.m3u8,/Letter_C_Cat_Cup/Letter_C_Cat_Cup.m3u8,arjun
f25cec64-1cc1-4a65-9ee0-74a3466afc5a,Dhokla_Chutney,BabyBillion_Education,"[{""S"":""3-6""}]",5bc39ba0-a18b-42a9-9176-736112991697,https://video.babybillion.in/hls/Dhokla_Chutney/Dhokla_Chutney.m3u8,/Dhokla_Chutney/Dhokla_Chutney.m3u8,arjun
f46c3cde-dd13-4d04-b281-9f1bf3c21030,Belly_Button_Naabhi,BabyBillion_Education,"[{""S"":""0-3""}]",6d841cca-a54f-451a-90fc-aeffa145e274,https://video.babybillion.in/hls/Belly_Button_Naabhi/Belly_Button_Naabhi.m3u8,/Belly_Button_Naabhi/Belly_Button_Naabhi.m3u8,arjun
f493f919-b526-4232-b3b9-df1f7808a948,Rhino,BabyBillion_Education,"[{""S"":""0-3""}]",79156051-e033-423a-b7de-a68fe1342a75,https://video.babybillion.in/hls/Rhino/Rhino.m3u8,/Rhino/Rhino.m3u8,arjun
f55ed73e-c9af-4334-b2df-1c8c88274a9c,Play,BabyBillion_Education,"[{""S"":""0-3""}]",4e8e2dbf-bad4-4a56-8365-251a1cfc4a10,https://video.babybillion.in/hls/Play/Play.m3u8,/Play/Play.m3u8,arjun
f7783688-bc9d-449d-9483-dab2b3d2e3ad,Gurpurab,BabyBillion_Education,"[{""S"":""0-3""}]",655a5081-8ce4-4cfc-b36d-d5d0d1a06c1e,https://video.babybillion.in/hls/Gurpurab/Gurpurab.m3u8,/Gurpurab/Gurpurab.m3u8,arjun
f924eb24-0b82-499a-ae4d-5472c89759f5,X_for_Xylophone,BabyBillion_Education,"[{""S"":""0-3""}]",1bf17868-9fb8-419a-b7d7-e9ba3b51a364,https://video.babybillion.in/hls/X_for_Xylophone/X_for_Xylophone.m3u8,/X_for_Xylophone/X_for_Xylophone.m3u8,arjun
fc8e6092-fd6c-4422-ab9b-bfa7c08be205,021_simple_sentences_i_have_a_yellow_pencil,BabyBillion_Education,"[{""S"":""3-6""}]",4c06fdb7-0fe2-4c21-aab0-f80f2fa1f650,https://video.babybillion.in/hls/021_simple_sentences_i_have_a_yellow_pencil/021_simple_sentences_i_have_a_yellow_pencil.m3u8,/021_simple_sentences_i_have_a_yellow_pencil/021_simple_sentences_i_have_a_yellow_pencil.m3u8,arjun
fccfca7a-4b37-4122-8043-770d2cfe25b8,Cvc_words_big,BabyBillion_Education,"[{""S"":""3-6""}]",bac6ace6-06bc-4f67-85bb-5f0b144d5a15,https://video.babybillion.in/hls/Cvc_words_big/Cvc_words_big.m3u8,/Cvc_words_big/Cvc_words_big.m3u8,arjun
fce06085-1d9c-4d94-a7f0-9919353270a4,Hospital,BabyBillion_Education,"[{""S"":""0-3""}]",e4dd4a24-f512-4d74-8bad-596b71c5369f,https://video.babybillion.in/hls/Hospital/Hospital.m3u8,/Hospital/Hospital.m3u8,arjun
fcf28dc6-dd53-4e52-957f-b4a165e3d984,Space,BabyBillion_Education,"[{""S"":""3-6""}]",b7ef253a-6fb1-4247-ad59-99c4c945c8ec,https://video.babybillion.in/hls/Space/Space.m3u8,/Space/Space.m3u8,arjun
fd0b0d6b-f278-46e0-8a81-bfd5d0950366,Common_Foods-_Dal_lentils,BabyBillion_Education,"[{""S"":""3-6""}]",2754f754-bfaf-4810-9852-60d5960a7a74,https://video.babybillion.in/hls/Common_Foods-_Dal_lentils/Common_Foods-_Dal_lentils.m3u8,/Common_Foods-_Dal_lentils/Common_Foods-_Dal_lentils.m3u8,arjun
ffa50acd-67ed-4c8a-b9ee-a1ada3da8b48,107_6_Feelings_Emotions_and_the_Body,BabyBillion_Education,"[{""S"":""6+""}]",6d841cca-a54f-451a-90fc-aeffa145e274,https://video.babybillion.in/hls/107_6_Feelings_Emotions_and_the_Body/107_6_Feelings_Emotions_and_the_Body.m3u8,/107_6_Feelings_Emotions_and_the_Body/107_6_Feelings_Emotions_and_the_Body.m3u8,arjun
ffb8b725-1454-4e33-b1e7-da839a2c3657,What_magnets_attract,BabyBillion_Education,"[{""S"":""0-3""}]",b7ef253a-6fb1-4247-ad59-99c4c945c8ec,https://video.babybillion.in/hls/What_magnets_attract/What_magnets_attract.m3u8,/What_magnets_attract/What_magnets_attract.m3u8,arjun
48b728e0-71e7-4f81-90b1-ffb0462c7082,abc_capital_W_and_small_w,BabyBillion_Education,"[{""S"":""3-6""}]",1bf17868-9fb8-419a-b7d7-e9ba3b51a364,https://video.babybillion.in/hls/abc_capital_W_and_small_w/abc_capital_W_and_small_w.m3u8,/abc_capital_W_and_small_w/abc_capital_W_and_small_w.m3u8,arjun 
8ad0c1ba-5b38-422f-b25a-a63284ac1ba4,006_sight_words_be,BabyBillion_Education,"[{""S"":""3-6""}]",181961d7-b484-40c7-b24c-9b3f335cc424,https://video.babybillion.in/hls/006_sight_words_be/006_sight_words_be.m3u8,/006_sight_words_be/006_sight_words_be.m3u8,arjun and 
02eb2885-8c79-4b7b-9f3b-e16989451834,051_simple_sentences_i_am_reading,BabyBillion_Education,"[{""S"":""3-6""}]",4c06fdb7-0fe2-4c21-aab0-f80f2fa1f650,https://video.babybillion.in/hls/051_simple_sentences_i_am_reading/051_simple_sentences_i_am_reading.m3u8,/051_simple_sentences_i_am_reading/051_simple_sentences_i_am_reading.m3u8,Arjun and Jai
2170390f-61a0-4a93-b705-4ff83b5c9bc6,027_sight_words_has,BabyBillion_Education,"[{""S"":""3-6""}]",181961d7-b484-40c7-b24c-9b3f335cc424,https://video.babybillion.in/hls/027_sight_words_has/027_sight_words_has.m3u8,/027_sight_words_has/027_sight_words_has.m3u8,arjun and mia
21779cd3-e6ab-411e-be71-55a85e5a7901,Chole_Bhature,BabyBillion_Education,"[{""S"":""3-6""}]",5bc39ba0-a18b-42a9-9176-736112991697,https://video.babybillion.in/hls/Chole_Bhature/Chole_Bhature.m3u8,/Chole_Bhature/Chole_Bhature.m3u8,arjun and mia
3ca5edc4-3bbe-4754-ad5d-1a6d95cc404a,061_english_speaking_go_there,BabyBillion_Education,"[{""S"":""3-6""}]",0eba9676-9d93-484f-8938-41e3ab588a7f,https://video.babybillion.in/hls/3ca5edc4-3bbe-4754-ad5d-1a6d95cc404a/3ca5edc4-3bbe-4754-ad5d-1a6d95cc404a.m3u8,/hls/3ca5edc4-3bbe-4754-ad5d-1a6d95cc404a/3ca5edc4-3bbe-4754-ad5d-1a6d95cc404a.m3u8,arjun and mia
63ca7f3f-9ee1-4ab9-b24e-5cbe6cd30ee8,004_vehicles_ambulance,BabyBillion_Education,"[{""S"":""3-6""}]",bf9d1fdb-31f8-48e3-9114-9e4e4967617c,https://video.babybillion.in/hls/004_vehicles_ambulance/004_vehicles_ambulance.m3u8,/004_vehicles_ambulance/004_vehicles_ambulance.m3u8,arjun and mia
7166dc2b-8881-4362-95f2-d34ddadd9826,Jump,BabyBillion_Education,"[{""S"":""0-3""}]",cdd3ba69-c04a-402a-a061-05e0f816a161,https://video.babybillion.in/hls/Jump/Jump.m3u8,/Jump/Jump.m3u8,arjun and mia
85dd7276-8c47-464a-bc0b-3ebc2bcc3cc2,Angry,BabyBillion_Education,"[{""S"":""0-3""}]",90ff5296-5b99-4ddf-8bdf-ac55f6f7b6c2,https://video.babybillion.in/hls/Angry/Angry.m3u8,/Angry/Angry.m3u8,arjun and priya
b87bae74-fcfa-4913-b93e-f78bc13e88ae,Saying_Sorry_and_Forgiving,BabyBillion_Education,"[{""S"":""6+""}]",90ff5296-5b99-4ddf-8bdf-ac55f6f7b6c2,https://video.babybillion.in/hls/Saying_Sorry_and_Forgiving/Saying_Sorry_and_Forgiving.m3u8,/Saying_Sorry_and_Forgiving/Saying_Sorry_and_Forgiving.m3u8,arjun and priya
03bf02ed-560e-46f3-9030-79e819f1dfeb,108_6_Meteors_Asteroids_and_Comets,BabyBillion_Education,"[{""S"":""6+""}]",41f1f46f-18fc-4610-a538-2860e362964b,https://video.babybillion.in/hls/108_6_Meteors_Asteroids_and_Comets/108_6_Meteors_Asteroids_and_Comets.m3u8,/108_6_Meteors_Asteroids_and_Comets/108_6_Meteors_Asteroids_and_Comets.m3u8,Arjun and Tara
546aec49-2f87-41ce-97e4-2dcc86b8f3cd,Type_of_House-_Pucca_House,BabyBillion_Education,"[{""S"":""3-6""}]",2754f754-bfaf-4810-9852-60d5960a7a74,https://video.babybillion.in/hls/Type_of_House-_Pucca_House/Type_of_House-_Pucca_House.m3u8,/Type_of_House-_Pucca_House/Type_of_House-_Pucca_House.m3u8,arjun and tara
9d4dbb8c-100a-4a2d-96d0-27878b50dbe4,004_colors_sky_blue,BabyBillion_Education,"[{""S"":""3-6""}]",c23beb7b-23de-440c-9fb1-2990013f11a6,https://video.babybillion.in/hls/004_colors_sky_blue/004_colors_sky_blue.m3u8,/004_colors_sky_blue/004_colors_sky_blue.m3u8,arjun and tara
253b22cf-6b7b-45c7-869e-5e8bc14e323f,Above,BabyBillion_Education,"[{""S"":""6+""}]",5463715e-88ba-4459-9ac2-0316966024ee,https://video.babybillion.in/hls/Above/Above.m3u8,/Above/Above.m3u8,arjun and teja
4c6d5a24-ae87-4fc3-aad0-461907c31de1,003_community_helpers_shopkeeper,BabyBillion_Education,"[{""S"":""3-6""}]",3dc35861-75e5-4d11-a33d-d263d159f041,https://video.babybillion.in/hls/003_community_helpers_shopkeeper/003_community_helpers_shopkeeper.m3u8,/003_community_helpers_shopkeeper/003_community_helpers_shopkeeper.m3u8,arjun and veer
9aadcf38-d002-4e64-bd72-852f1b5d3189,Loneliness,BabyBillion_Education,"[{""S"":""3-6""}]",90ff5296-5b99-4ddf-8bdf-ac55f6f7b6c2,https://video.babybillion.in/hls/Loneliness/Loneliness.m3u8,/Loneliness/Loneliness.m3u8,arjun and zoya
39108a15-5e69-4f2a-ab26-ef87f0d8df1e,In_inside,BabyBillion_Education,"[{""S"":""6+""}]",5463715e-88ba-4459-9ac2-0316966024ee,https://video.babybillion.in/hls/In_inside/In_inside.m3u8,/In_inside/In_inside.m3u8,arjun ans teja
b80bc320-b32f-4ae1-9de1-d51f1d80e6a2,Long_Short,BabyBillion_Education,"[{""S"":""0-3""}]",03776bdf-d177-47e6-abe5-d3215a0df920,https://video.babybillion.in/hls/Long_Short/Long_Short.m3u8,/Long_Short/Long_Short.m3u8,chiku
4f83382f-997b-4012-8e4f-580d40cb9aaf,Pyramid_Square,BabyBillion_Education,"[{""S"":""6+""}]",3579ea01-b32b-40f9-aac1-be5997a17606,https://video.babybillion.in/hls/Pyramid_Square/Pyramid_Square.m3u8,/Pyramid_Square/Pyramid_Square.m3u8,chintu
2a56af5b-8bd6-4eb1-87b6-3eca8700908f,Happy_Sad,BabyBillion_Education,"[{""S"":""0-3""}]",03776bdf-d177-47e6-abe5-d3215a0df920,https://video.babybillion.in/hls/Happy_Sad/Happy_Sad.m3u8,/Happy_Sad/Happy_Sad.m3u8,Golu
4ce9c2db-9177-414a-be3f-e27752b27543,Clean_Dirty,BabyBillion_Education,"[{""S"":""0-3""}]",03776bdf-d177-47e6-abe5-d3215a0df920,https://video.babybillion.in/hls/Clean_Dirty/Clean_Dirty.m3u8,/Clean_Dirty/Clean_Dirty.m3u8,golu
645f6575-fc74-448a-84d3-77e10102bd63,Letter_H_Hat,BabyBillion_Education,"[{""S"":""0-3""}]",1bf17868-9fb8-419a-b7d7-e9ba3b51a364,https://video.babybillion.in/hls/Letter_H_Hat/Letter_H_Hat.m3u8,/Letter_H_Hat/Letter_H_Hat.m3u8,golu
6de0b8fe-6788-4824-ae9a-783e2adea660,Watermelon,BabyBillion_Education,"[{""S"":""0-3""}]",2c830c25-38e8-4d38-a3c3-cc9a3ff96b5f,https://video.babybillion.in/hls/Watermelon/Watermelon.m3u8,/Watermelon/Watermelon.m3u8,Golu
73d2368a-c709-458a-88ab-e2ba82c859f5,Hard_Soft,BabyBillion_Education,"[{""S"":""0-3""}]",03776bdf-d177-47e6-abe5-d3215a0df920,https://video.babybillion.in/hls/Hard_Soft/Hard_Soft.m3u8,/Hard_Soft/Hard_Soft.m3u8,golu
7ed65dab-84bc-40e2-a3f3-d02722b50c82,Letter_C_Cat,BabyBillion_Education,"[{""S"":""0-3""}]",1bf17868-9fb8-419a-b7d7-e9ba3b51a364,https://video.babybillion.in/hls/Letter_C_Cat/Letter_C_Cat.m3u8,/Letter_C_Cat/Letter_C_Cat.m3u8,golu
8654416c-bf1f-4232-8702-3cd40a29c124,Light_Dark,BabyBillion_Education,"[{""S"":""0-3""}]",03776bdf-d177-47e6-abe5-d3215a0df920,https://video.babybillion.in/hls/Light_Dark/Light_Dark.m3u8,/Light_Dark/Light_Dark.m3u8,golu
e55a0147-e552-4c70-853b-fbe3aeaf61d8,Banana,BabyBillion_Education,"[{""S"":""0-3""}]",2c830c25-38e8-4d38-a3c3-cc9a3ff96b5f,https://video.babybillion.in/hls/Banana/Banana.m3u8,/Banana/Banana.m3u8,golu
f5e04243-6c33-4eb8-ab3c-e82eb2b3edd9,Panda,BabyBillion_Education,"[{""S"":""3-6""}]",79156051-e033-423a-b7de-a68fe1342a75,https://video.babybillion.in/hls/Panda/Panda.m3u8,/Panda/Panda.m3u8,golu
90338a1f-68a5-4a6f-a060-4d7a453e968d,Dance,BabyBillion_Education,"[{""S"":""3-6""}]",cdd3ba69-c04a-402a-a061-05e0f816a161,https://video.babybillion.in/hls/Dance/Dance.m3u8,/Dance/Dance.m3u8,golu and  mia
bea68963-50a9-41f5-805a-c13e9e4b2868,Hi,BabyBillion_Education,"[{""S"":""0-3""}]",4e8e2dbf-bad4-4a56-8365-251a1cfc4a10,https://video.babybillion.in/hls/Hi/Hi.m3u8,/Hi/Hi.m3u8,golu and guddi
4673424f-a237-4637-b6fc-058f442f4fc2,Panda,BabyBillion_Education,"[{""S"":""3-6""}]",c1f0397a-0732-418a-b6e4-50081b10219c,https://video.babybillion.in/hls/Panda/Panda.m3u8,/Panda/Panda.m3u8,golu and mia
5724ddb8-0061-4d51-9d48-c075b96d6baa,Panda,BabyBillion_Education,"[{""S"":""0-3""}]",79156051-e033-423a-b7de-a68fe1342a75,https://video.babybillion.in/hls/Panda/Panda.m3u8,/Panda/Panda.m3u8,golu and mia
ff5e8dc0-e53d-4e7b-8a4a-473f999acff9,Dance,BabyBillion_Education,"[{""S"":""3-6""}]",6d841cca-a54f-451a-90fc-aeffa145e274,https://video.babybillion.in/hls/Dance/Dance.m3u8,/Dance/Dance.m3u8,golu and mia
18421119-70e7-48c1-a88b-0cbdc0b63d71,Strawberry,BabyBillion_Education,"[{""S"":""0-3""}]",2c830c25-38e8-4d38-a3c3-cc9a3ff96b5f,https://video.babybillion.in/hls/Strawberry/Strawberry.m3u8,/Strawberry/Strawberry.m3u8,guddi
20a51380-6445-4106-a87a-d23ce5cb8895,Letter_I_Ice_Cream,BabyBillion_Education,"[{""S"":""0-3""}]",1bf17868-9fb8-419a-b7d7-e9ba3b51a364,https://video.babybillion.in/hls/Letter_I_Ice_Cream/Letter_I_Ice_Cream.m3u8,/Letter_I_Ice_Cream/Letter_I_Ice_Cream.m3u8,guddi
2d4c8774-d083-4867-a321-0687b63a1ccd,Food,BabyBillion_Education,"[{""S"":""0-3""}]",4e8e2dbf-bad4-4a56-8365-251a1cfc4a10,https://video.babybillion.in/hls/Food/Food.m3u8,/Food/Food.m3u8,guddi
40a41082-a7db-49b9-a138-23e68b9d5aca,10_Long_3_6_Communityhelpers_01,BabyBillion_Education,"[{""S"":""3-6""}]",3dc35861-75e5-4d11-a33d-d263d159f041,https://video.babybillion.in/hls/40a41082-a7db-49b9-a138-23e68b9d5aca/40a41082-a7db-49b9-a138-23e68b9d5aca.m3u8,/hls/40a41082-a7db-49b9-a138-23e68b9d5aca/40a41082-a7db-49b9-a138-23e68b9d5aca.m3u8,guddi
4fa80d4a-0d3b-4ddc-8a6e-45cc0996f376,028_cvc_words_red,BabyBillion_Education,"[{""S"":""3-6""}]",bac6ace6-06bc-4f67-85bb-5f0b144d5a15,https://video.babybillion.in/hls/028_cvc_words_red/028_cvc_words_red.m3u8,/028_cvc_words_red/028_cvc_words_red.m3u8,guddi
5e224a06-ce7d-4dbf-83df-a0ce19326398,Strawberry,BabyBillion_Education,"[{""S"":""0-3""}]",2c830c25-38e8-4d38-a3c3-cc9a3ff96b5f,https://video.babybillion.in/hls/Strawberry/Strawberry.m3u8,/Strawberry/Strawberry.m3u8,guddi
6613f52a-7a89-4fb6-8c1b-d6f62ee866e9,Circle,BabyBillion_Education,"[{""S"":""3-6""}]",da4d2220-056e-483b-9fc0-8451577d4cc9,https://video.babybillion.in/hls/Circle/Circle.m3u8,/Circle/Circle.m3u8,guddi
87bfcb78-7261-420b-95b1-74c10d2a1546,On_Under,BabyBillion_Education,"[{""S"":""0-3""}]",03776bdf-d177-47e6-abe5-d3215a0df920,https://video.babybillion.in/hls/On_Under/On_Under.m3u8,/On_Under/On_Under.m3u8,guddi
9fdd0228-eddb-4da0-962f-76780d783860,Clap,BabyBillion_Education,"[{""S"":""3-6""}]",cdd3ba69-c04a-402a-a061-05e0f816a161,https://video.babybillion.in/hls/Clap/Clap.m3u8,/Clap/Clap.m3u8,guddi
a5be216f-fdf9-4f39-b5c8-a4f1796a8a3e,035_colors_orange_carrot,BabyBillion_Education,"[{""S"":""3-6""}]",c23beb7b-23de-440c-9fb1-2990013f11a6,https://video.babybillion.in/hls/035_colors_orange_carrot/035_colors_orange_carrot.m3u8,/035_colors_orange_carrot/035_colors_orange_carrot.m3u8,guddi
b0f7a591-5f35-4582-8aa0-bf67324a4272,Apple,BabyBillion_Education,"[{""S"":""0-3""}]",2c830c25-38e8-4d38-a3c3-cc9a3ff96b5f,https://video.babybillion.in/hls/Apple/Apple.m3u8,/Apple/Apple.m3u8,guddi
cf022312-7e7e-4a0e-b9c2-d929730d54fd,031_colors_green_grass,BabyBillion_Education,"[{""S"":""0-3""}]",c23beb7b-23de-440c-9fb1-2990013f11a6,https://video.babybillion.in/hls/031_colors_green_grass/031_colors_green_grass.m3u8,/031_colors_green_grass/031_colors_green_grass.m3u8,guddi
e5cf1cdc-7008-4fb5-aace-cf06abfe42e9,Circle,BabyBillion_Education,"[{""S"":""0-3""}]",da4d2220-056e-483b-9fc0-8451577d4cc9,https://video.babybillion.in/hls/Circle/Circle.m3u8,/Circle/Circle.m3u8,guddi
ea0a0bcd-8097-4877-a17d-3e6bcb39c7be,Loud_Quiet,BabyBillion_Education,"[{""S"":""0-3""}]",03776bdf-d177-47e6-abe5-d3215a0df920,https://video.babybillion.in/hls/Loud_Quiet/Loud_Quiet.m3u8,/Loud_Quiet/Loud_Quiet.m3u8,guddi
eb8a922f-9238-40b2-a27f-97360f4b8d90,Letter_F_Fish,BabyBillion_Education,"[{""S"":""0-3""}]",1bf17868-9fb8-419a-b7d7-e9ba3b51a364,https://video.babybillion.in/hls/Letter_F_Fish/Letter_F_Fish.m3u8,/Letter_F_Fish/Letter_F_Fish.m3u8,guddi
00276f89-6a14-4eca-8143-80fb937d538a,043_english_speaking_i_am_bored,BabyBillion_Education,"[{""S"":""3-6""}]",0eba9676-9d93-484f-8938-41e3ab588a7f,https://video.babybillion.in/hls/043_english_speaking_i_am_bored/043_english_speaking_i_am_bored.m3u8,/043_english_speaking_i_am_bored/043_english_speaking_i_am_bored.m3u8,Jai
0053775d-4302-41cf-9f20-c9bcbf681022,018_cvc_words_mad,BabyBillion_Education,"[{""S"":""3-6""}]",bac6ace6-06bc-4f67-85bb-5f0b144d5a15,https://video.babybillion.in/hls/018_cvc_words_mad/018_cvc_words_mad.m3u8,/018_cvc_words_mad/018_cvc_words_mad.m3u8,Jai
0262a533-35f1-4ee2-8c89-3a105c73f27c,Carpenter,BabyBillion_Education,"[{""S"":""0-3""}]",18ae1c51-e0c5-4df1-94f6-30f5e6732dd3,https://video.babybillion.in/hls/Carpenter/Carpenter.m3u8,/Carpenter/Carpenter.m3u8,Jai
0476b20d-a4fb-4fc2-a5fd-269fe5465606,Substraction_within_20_2,BabyBillion_Education,"[{""S"":""6+""}]",9a5470ca-9377-4780-8e16-07dafe876377,https://video.babybillion.in/hls/Substraction_within_20_2/Substraction_within_20_2.m3u8,/Substraction_within_20_2/Substraction_within_20_2.m3u8,Jai
057a294f-29d1-487a-adcd-1a802b136c9d,014_phonics_sound_of_w_w_as_in_watch,BabyBillion_Education,"[{""S"":""3-6""}]",b79bd45b-2c9c-4b7d-91a0-07c93a4dbea1,https://video.babybillion.in/hls/014_phonics_sound_of_w_w_as_in_watch/014_phonics_sound_of_w_w_as_in_watch.m3u8,/014_phonics_sound_of_w_w_as_in_watch/014_phonics_sound_of_w_w_as_in_watch.m3u8,Jai
06315359-aac8-4895-b704-3a561c4b2531,Tiffin_Box,BabyBillion_Education,"[{""S"":""0-3""}]",aa154d92-77f0-4dd7-9c3f-d7e57bd9baf5,https://video.babybillion.in/hls/Tiffin_Box/Tiffin_Box.m3u8,/Tiffin_Box/Tiffin_Box.m3u8,Jai
063e7c06-1361-4b6c-8b5a-940637f973a2,014_english_speaking_my_best_friend_is_name,BabyBillion_Education,"[{""S"":""3-6""}]",0eba9676-9d93-484f-8938-41e3ab588a7f,https://video.babybillion.in/hls/014_english_speaking_my_best_friend_is_name/014_english_speaking_my_best_friend_is_name.m3u8,/014_english_speaking_my_best_friend_is_name/014_english_speaking_my_best_friend_is_name.m3u8,Jai
07c2712f-8c52-4024-a6de-52bb38466072,023_community_helpers_what_does_a_police_officer_do,BabyBillion_Education,"[{""S"":""0-3""}]",3dc35861-75e5-4d11-a33d-d263d159f041,https://video.babybillion.in/hls/023_community_helpers_what_does_a_police_officer_do/023_community_helpers_what_does_a_police_officer_do.m3u8,/023_community_helpers_what_does_a_police_officer_do/023_community_helpers_what_does_a_police_officer_do.m3u8,Jai
081459f2-0bc5-44f5-bbdd-9229c449afaf,Bear,BabyBillion_Education,"[{""S"":""3-6""}]",c1f0397a-0732-418a-b6e4-50081b10219c,https://video.babybillion.in/hls/Bear/Bear.m3u8,/Bear/Bear.m3u8,Jai
0a0c24f5-f422-47bf-ae1b-cad5aefe5d7d,110_6_Comparing_two_numbers_Example_Which_is_greater_and_which_is_lesser_5_or_50_50_is_greater_and_5,BabyBillion_Education,"[{""S"":""6+""}]",9964bf6a-c340-4e3a-b7e6-9f3d435449d3,https://video.babybillion.in/hls/110_6_Comparing_two_numbers_Example_Which_is_greater_and_which_is_lesser_5_or_50_50_is_greater_and_5/110_6_Comparing_two_numbers_Example_Which_is_greater_and_which_is_lesser_5_or_50_50_is_greater_and_5.m3u8,/110_6_Comparing_two_numbers_Example_Which_is_greater_and_which_is_lesser_5_or_50_50_is_greater_and_5/110_6_Comparing_two_numbers_Example_Which_is_greater_and_which_is_lesser_5_or_50_50_is_greater_and_5.m3u8,Jai
0a27e7e5-bf51-42a7-9455-b89eaf8452b3,Paratha_Curd,BabyBillion_Education,"[{""S"":""3-6""}]",5bc39ba0-a18b-42a9-9176-736112991697,https://video.babybillion.in/hls/Paratha_Curd/Paratha_Curd.m3u8,/Paratha_Curd/Paratha_Curd.m3u8,Jai
0aa333a3-896d-4321-9b3b-a6a30bbb54c7,053_phonics_digraph_ou_as_in_cloud,BabyBillion_Education,"[{""S"":""3-6""}]",b79bd45b-2c9c-4b7d-91a0-07c93a4dbea1,https://video.babybillion.in/hls/053_phonics_digraph_ou_as_in_cloud/053_phonics_digraph_ou_as_in_cloud.m3u8,/053_phonics_digraph_ou_as_in_cloud/053_phonics_digraph_ou_as_in_cloud.m3u8,Jai
0bd77031-6dc8-4261-b926-c802c235ffd1,040_simple_sentences_it_is_windy,BabyBillion_Education,"[{""S"":""3-6""}]",4c06fdb7-0fe2-4c21-aab0-f80f2fa1f650,https://video.babybillion.in/hls/040_simple_sentences_it_is_windy/040_simple_sentences_it_is_windy.m3u8,/040_simple_sentences_it_is_windy/040_simple_sentences_it_is_windy.m3u8,Jai
0de2e901-67cc-43d9-916d-8b21824004dd,Letter_I_Ice_Ink,BabyBillion_Education,"[{""S"":""3-6""}]",1bf17868-9fb8-419a-b7d7-e9ba3b51a364,https://video.babybillion.in/hls/Letter_I_Ice_Ink/Letter_I_Ice_Ink.m3u8,/Letter_I_Ice_Ink/Letter_I_Ice_Ink.m3u8,jai
0f45b5d8-abc1-438a-95bf-e0e4c8fa5d6e,Train,BabyBillion_Education,"[{""S"":""0-3""}]",bf9d1fdb-31f8-48e3-9114-9e4e4967617c,https://video.babybillion.in/hls/Train/Train.m3u8,/Train/Train.m3u8,jai
112ada1a-4d0f-449b-9783-b5aae69191ea,037_simple_sentences_it_is_hot_today,BabyBillion_Education,"[{""S"":""3-6""}]",4c06fdb7-0fe2-4c21-aab0-f80f2fa1f650,https://video.babybillion.in/hls/037_simple_sentences_it_is_hot_today/037_simple_sentences_it_is_hot_today.m3u8,/037_simple_sentences_it_is_hot_today/037_simple_sentences_it_is_hot_today.m3u8,jai
11e6946e-36fd-4c36-9cdd-1ccb262886a8,Shadow_Parchhai,BabyBillion_Education,"[{""S"":""0-3""}]",eb5f90b5-3650-49b9-95b6-d4e3a89c0662,https://video.babybillion.in/hls/Shadow_Parchhai/Shadow_Parchhai.m3u8,/Shadow_Parchhai/Shadow_Parchhai.m3u8,jai
13519309-6d90-4d20-a045-de5399342ed2,Number_9,BabyBillion_Education,"[{""S"":""3-6""}]",96c17b79-8401-4494-9e78-28c683d600c0,https://video.babybillion.in/hls/Number_9/Number_9.m3u8,/Number_9/Number_9.m3u8,jai
13f33b4f-bcea-46ec-a39e-b1696e27143d,Multiplication_on_Number_Line-_video_8,BabyBillion_Education,"[{""S"":""6+""}]",830fb885-9ece-438e-a380-dabd811f06b2,https://video.babybillion.in/hls/Multiplication_on_Number_Line-_video_8/Multiplication_on_Number_Line-_video_8.m3u8,/Multiplication_on_Number_Line-_video_8/Multiplication_on_Number_Line-_video_8.m3u8,jai
1422a079-6f1e-44bd-989e-3c469fdd19f2,Triangle_Samosa,BabyBillion_Education,"[{""S"":""0-3""}]",da4d2220-056e-483b-9fc0-8451577d4cc9,https://video.babybillion.in/hls/Triangle_Samosa/Triangle_Samosa.m3u8,/Triangle_Samosa/Triangle_Samosa.m3u8,jai
14d280bb-9e6a-4d41-b075-2eb98789bde9,Dewdrops,BabyBillion_Education,"[{""S"":""0-3""}]",eb5f90b5-3650-49b9-95b6-d4e3a89c0662,https://video.babybillion.in/hls/Dewdrops/Dewdrops.m3u8,/Dewdrops/Dewdrops.m3u8,jai
1a2034d8-f1b4-43f7-b36a-8c6c612b55eb,010_cvc_words_tan,BabyBillion_Education,"[{""S"":""3-6""}]",bac6ace6-06bc-4f67-85bb-5f0b144d5a15,https://video.babybillion.in/hls/010_cvc_words_tan/010_cvc_words_tan.m3u8,/010_cvc_words_tan/010_cvc_words_tan.m3u8,jai
1b229485-24c8-4ae9-b757-f4f7640259ec,Letter_D_Dog_Duck,BabyBillion_Education,"[{""S"":""3-6""}]",1bf17868-9fb8-419a-b7d7-e9ba3b51a364,https://video.babybillion.in/hls/Letter_D_Dog_Duck/Letter_D_Dog_Duck.m3u8,/Letter_D_Dog_Duck/Letter_D_Dog_Duck.m3u8,jai
1badf0f0-b4b1-4335-9b69-d5d046f9c934,056_simple_sentences_i_am_jumping,BabyBillion_Education,"[{""S"":""3-6""}]",0eba9676-9d93-484f-8938-41e3ab588a7f,https://video.babybillion.in/hls/056_simple_sentences_i_am_jumping/056_simple_sentences_i_am_jumping.m3u8,/056_simple_sentences_i_am_jumping/056_simple_sentences_i_am_jumping.m3u8,jai
20d92115-7762-4449-94e7-07aacef4a033,Star,BabyBillion_Education,"[{""S"":""0-3""}]",eb5f90b5-3650-49b9-95b6-d4e3a89c0662,https://video.babybillion.in/hls/Star/Star.m3u8,/Star/Star.m3u8,jai
24c83184-f10d-4743-873a-c17ce7ca4b30,Number_8,BabyBillion_Education,"[{""S"":""3-6""}]",96c17b79-8401-4494-9e78-28c683d600c0,https://video.babybillion.in/hls/Number_8/Number_8.m3u8,/Number_8/Number_8.m3u8,jai
269bfdcd-1ad5-48b8-940d-7d6776b6284d,Never_go_near_water_alone_ocean_pool,BabyBillion_Education,"[{""S"":""3-6""}]",c3533a50-aeac-4a7c-9f5c-e82d64be5e32,https://video.babybillion.in/hls/Never_go_near_water_alone_ocean_pool/Never_go_near_water_alone_ocean_pool.m3u8,/Never_go_near_water_alone_ocean_pool/Never_go_near_water_alone_ocean_pool.m3u8,jai
27c45f6c-9b2c-4349-9e9c-9903189fb1bf,Walk_in_a_straight_line,BabyBillion_Education,"[{""S"":""0-3""}]",6d841cca-a54f-451a-90fc-aeffa145e274,https://video.babybillion.in/hls/Walk_in_a_straight_line/Walk_in_a_straight_line.m3u8,/Walk_in_a_straight_line/Walk_in_a_straight_line.m3u8,jai
27e64183-5353-44e0-9b2a-738db2a72679,107_6_Which_is_smaller_72_or_27_27_Which_is_smaller_12_or_21_12_Which_is_smaller_32_or_23_23,BabyBillion_Education,"[{""S"":""6+""}]",9964bf6a-c340-4e3a-b7e6-9f3d435449d3,https://video.babybillion.in/hls/107_6_Which_is_smaller_72_or_27_27_Which_is_smaller_12_or_21_12_Which_is_smaller_32_or_23_23/107_6_Which_is_smaller_72_or_27_27_Which_is_smaller_12_or_21_12_Which_is_smaller_32_or_23_23.m3u8,/107_6_Which_is_smaller_72_or_27_27_Which_is_smaller_12_or_21_12_Which_is_smaller_32_or_23_23/107_6_Which_is_smaller_72_or_27_27_Which_is_smaller_12_or_21_12_Which_is_smaller_32_or_23_23.m3u8,jai
285d5124-1d22-41da-872c-738816293cc4,Pebble_Kankar,BabyBillion_Education,"[{""S"":""0-3""}]",eb5f90b5-3650-49b9-95b6-d4e3a89c0662,https://video.babybillion.in/hls/Pebble_Kankar/Pebble_Kankar.m3u8,/Pebble_Kankar/Pebble_Kankar.m3u8,jai
29c6e411-525e-4a45-918d-5113802644d6,Coins_1_2_5_10_rupees,BabyBillion_Education,"[{""S"":""6+""}]",196088dd-3c9e-4930-8bfb-55110c194c2a,https://video.babybillion.in/hls/Coins_1_2_5_10_rupees/Coins_1_2_5_10_rupees.m3u8,/Coins_1_2_5_10_rupees/Coins_1_2_5_10_rupees.m3u8,jai
29e514a3-0317-4a39-938b-966cce61ef26,Clean_and_dirty_water,BabyBillion_Education,"[{""S"":""3-6""}]",b7ef253a-6fb1-4247-ad59-99c4c945c8ec,https://video.babybillion.in/hls/Clean_and_dirty_water/Clean_and_dirty_water.m3u8,/Clean_and_dirty_water/Clean_and_dirty_water.m3u8,jai
2c216c4a-31e2-4e2c-af07-1190d8b576af,K_for_Kite,BabyBillion_Education,"[{""S"":""0-3""}]",1bf17868-9fb8-419a-b7d7-e9ba3b51a364,https://video.babybillion.in/hls/K_for_Kite/K_for_Kite.m3u8,/K_for_Kite/K_for_Kite.m3u8,jai
2cb100a0-03e7-46da-8858-e38d2a135c82,What_is_Division_sharing_equally_Video_8,BabyBillion_Education,"[{""S"":""6+""}]",8f8705a0-ed36-4a82-90a8-a60a42f82502,https://video.babybillion.in/hls/What_is_Division_sharing_equally_Video_8/What_is_Division_sharing_equally_Video_8.m3u8,/What_is_Division_sharing_equally_Video_8/What_is_Division_sharing_equally_Video_8.m3u8,jai
2e9cc790-ecc5-4e3a-b506-6fe2ba977472,106_6_Ordering_2-digit_numbers_Example_441155226677998833-_112233445566778899,BabyBillion_Education,"[{""S"":""6+""}]",98263b2e-41f3-413e-9a83-b64ef2016a53,https://video.babybillion.in/hls/106_6_Ordering_2-digit_numbers_Example_441155226677998833-_112233445566778899/106_6_Ordering_2-digit_numbers_Example_441155226677998833-_112233445566778899.m3u8,/106_6_Ordering_2-digit_numbers_Example_441155226677998833-_112233445566778899/106_6_Ordering_2-digit_numbers_Example_441155226677998833-_112233445566778899.m3u8,jai
30ab678c-0e4e-4e5b-bb0e-3a1f47d00d27,Being_gentle_with_siblings,BabyBillion_Education,"[{""S"":""3-6""}]",06f625da-1202-4c8a-8b16-e624b97476d1,https://video.babybillion.in/hls/Being_gentle_with_siblings/Being_gentle_with_siblings.m3u8,/Being_gentle_with_siblings/Being_gentle_with_siblings.m3u8,jai
30d9c09a-fccf-4592-a57a-97e923fe44e8,Samosa,BabyBillion_Education,"[{""S"":""3-6""}]",2754f754-bfaf-4810-9852-60d5960a7a74,https://video.babybillion.in/hls/Samosa/Samosa.m3u8,/Samosa/Samosa.m3u8,jai
3570e3d1-bd47-43ed-a567-d32993ca4267,107_3-6_Duck,BabyBillion_Education,"[{""S"":""3-6""}]",efdd9da9-9b29-45aa-8bc4-3ddbee54940d,https://video.babybillion.in/hls/107_3-6_Duck/107_3-6_Duck.m3u8,/107_3-6_Duck/107_3-6_Duck.m3u8,jai
36a143b4-c8f0-43a2-a88b-167ea573c318,FRACTIONS_13_Video_4,BabyBillion_Education,"[{""S"":""6+""}]",a96dafb1-5d53-4882-9355-9bd920a4aa91,https://video.babybillion.in/hls/FRACTIONS_13_Video_4/FRACTIONS_13_Video_4.m3u8,/FRACTIONS_13_Video_4/FRACTIONS_13_Video_4.m3u8,jai
37b23c36-21b8-4b38-b22d-f68b9c560656,Walk_in_a_straight_line,BabyBillion_Education,"[{""S"":""0-3""}]",cdd3ba69-c04a-402a-a061-05e0f816a161,https://video.babybillion.in/hls/Walk_in_a_straight_line/Walk_in_a_straight_line.m3u8,/Walk_in_a_straight_line/Walk_in_a_straight_line.m3u8,jai
38293ee9-9697-4776-bb6f-1c0dadc776be,FRACTIONS_13_Video_5,BabyBillion_Education,"[{""S"":""6+""}]",a96dafb1-5d53-4882-9355-9bd920a4aa91,https://video.babybillion.in/hls/FRACTIONS_13_Video_5/FRACTIONS_13_Video_5.m3u8,/FRACTIONS_13_Video_5/FRACTIONS_13_Video_5.m3u8,jai
39eda677-c6bf-45bf-a8fd-610344a8315c,Octopus,BabyBillion_Education,"[{""S"":""0-3""}]",bd7c6e2d-c979-43ea-89eb-899d9aeb8b94,https://video.babybillion.in/hls/Octopus/Octopus.m3u8,/Octopus/Octopus.m3u8,jai
3f1f7adb-8b50-47d6-963f-04ca98a4212e,Common_Foods-_Idli,BabyBillion_Education,"[{""S"":""3-6""}]",2754f754-bfaf-4810-9852-60d5960a7a74,https://video.babybillion.in/hls/Common_Foods-_Idli/Common_Foods-_Idli.m3u8,/Common_Foods-_Idli/Common_Foods-_Idli.m3u8,jai
3fd91632-4425-4acf-ac53-a8640c599d06,Chair,BabyBillion_Education,"[{""S"":""0-3""}]",aa154d92-77f0-4dd7-9c3f-d7e57bd9baf5,https://video.babybillion.in/hls/Chair/Chair.m3u8,/Chair/Chair.m3u8,jai
403fb397-d54a-412e-8f45-de04864217bb,Bear,BabyBillion_Education,"[{""S"":""0-3""}]",79156051-e033-423a-b7de-a68fe1342a75,https://video.babybillion.in/hls/Bear/Bear.m3u8,/Bear/Bear.m3u8,jai
42ee8699-051c-47c9-8f7a-caec4abd0cf5,Paani,BabyBillion_Education,"[{""S"":""0-3""}]",de5577e3-4806-4284-9cab-9e7ecf907095,https://video.babybillion.in/hls/Paani/Paani.m3u8,/Paani/Paani.m3u8,jai
470fa3c1-6463-4b34-ba2d-b749490070c5,Upma_Coconut_Chutney,BabyBillion_Education,"[{""S"":""3-6""}]",5bc39ba0-a18b-42a9-9176-736112991697,https://video.babybillion.in/hls/Upma_Coconut_Chutney/Upma_Coconut_Chutney.m3u8,/Upma_Coconut_Chutney/Upma_Coconut_Chutney.m3u8,jai
47616c30-2200-45d2-9abd-0900c91b3fa8,Mat_Sat,BabyBillion_Education,"[{""S"":""3-6""}]",bac6ace6-06bc-4f67-85bb-5f0b144d5a15,https://video.babybillion.in/hls/Mat_Sat/Mat_Sat.m3u8,/Mat_Sat/Mat_Sat.m3u8,jai
47b79816-4ead-42b7-bec5-b97c588dd5e0,subtraction_with_in_20_video04,BabyBillion_Education,"[{""S"":""6+""}]",9a5470ca-9377-4780-8e16-07dafe876377,https://video.babybillion.in/hls/subtraction_with_in_20_video04/subtraction_with_in_20_video04.m3u8,/subtraction_with_in_20_video04/subtraction_with_in_20_video04.m3u8,jai
498378a6-f672-45b7-b677-6d9a5adb61bc,119_3-6_Crane,BabyBillion_Education,"[{""S"":""3-6""}]",efdd9da9-9b29-45aa-8bc4-3ddbee54940d,https://video.babybillion.in/hls/119_3-6_Crane/119_3-6_Crane.m3u8,/119_3-6_Crane/119_3-6_Crane.m3u8,jai
4bd73828-3bed-49d2-ab57-1a7cab22872e,014_abc_letter_x_xylophone_box,BabyBillion_Education,"[{""S"":""3-6""}]",1bf17868-9fb8-419a-b7d7-e9ba3b51a364,https://video.babybillion.in/hls/014_abc_letter_x_xylophone_box/014_abc_letter_x_xylophone_box.m3u8,/014_abc_letter_x_xylophone_box/014_abc_letter_x_xylophone_box.m3u8,jai
4c17d950-d9b0-4d52-b671-4ea3529f9943,Slide,BabyBillion_Education,"[{""S"":""3-6""}]",cdd3ba69-c04a-402a-a061-05e0f816a161,https://video.babybillion.in/hls/Slide/Slide.m3u8,/Slide/Slide.m3u8,jai
4df94b52-701e-4ec1-9bbe-a5c6a2ebc940,Vegetables_We_Eat_Daily-_Potato_Tomato_Onion_Carrot,BabyBillion_Education,"[{""S"":""3-6""}]",c3d15541-8760-45ff-b253-1647ca61bf37,https://video.babybillion.in/hls/Vegetables_We_Eat_Daily-_Potato_Tomato_Onion_Carrot/Vegetables_We_Eat_Daily-_Potato_Tomato_Onion_Carrot.m3u8,/Vegetables_We_Eat_Daily-_Potato_Tomato_Onion_Carrot/Vegetables_We_Eat_Daily-_Potato_Tomato_Onion_Carrot.m3u8,jai
4f09bfaa-4ea7-4cf3-b860-2745f1f302a8,029_phonics_blending_i_plus_n_equals_in,BabyBillion_Education,"[{""S"":""3-6""}]",b79bd45b-2c9c-4b7d-91a0-07c93a4dbea1,https://video.babybillion.in/hls/029_phonics_blending_i_plus_n_equals_in/029_phonics_blending_i_plus_n_equals_in.m3u8,/029_phonics_blending_i_plus_n_equals_in/029_phonics_blending_i_plus_n_equals_in.m3u8,jai
4f257f3e-02c1-43f8-b290-20634f1d09fe,Pearl_in_Oyster,BabyBillion_Education,"[{""S"":""0-3""}]",bd7c6e2d-c979-43ea-89eb-899d9aeb8b94,https://video.babybillion.in/hls/Pearl_in_Oyster/Pearl_in_Oyster.m3u8,/Pearl_in_Oyster/Pearl_in_Oyster.m3u8,jai
509c69bb-a150-4fdf-a873-7a8ae8dcb557,Black,BabyBillion_Education,"[{""S"":""0-3""}]",c23beb7b-23de-440c-9fb1-2990013f11a6,https://video.babybillion.in/hls/Black/Black.m3u8,/Black/Black.m3u8,jai
50f08c9e-c97f-4f86-915a-7dd17ae82522,Subtracting_1-digit_from_2-digit_4th_video,BabyBillion_Education,"[{""S"":""6+""}]",9a5470ca-9377-4780-8e16-07dafe876377,https://video.babybillion.in/hls/Subtracting_1-digit_from_2-digit_4th_video/Subtracting_1-digit_from_2-digit_4th_video.m3u8,/Subtracting_1-digit_from_2-digit_4th_video/Subtracting_1-digit_from_2-digit_4th_video.m3u8,jai
53203358-cba0-4395-9067-22f828e09716,Long_3-6_Wild_Animals_01___pg_36963e60e8f480e5b244fd376a1fe7e7___ln_En,BabyBillion_Education,"[{""S"":""3-6""}]",c1f0397a-0732-418a-b6e4-50081b10219c,https://video.babybillion.in/hls/53203358-cba0-4395-9067-22f828e09716/53203358-cba0-4395-9067-22f828e09716.m3u8,/hls/53203358-cba0-4395-9067-22f828e09716/53203358-cba0-4395-9067-22f828e09716.m3u8,jai
53385e8a-be36-42de-b41a-f8d43abaf958,056_simple_sentences_i_am_jumping,BabyBillion_Education,"[{""S"":""3-6""}]",4c06fdb7-0fe2-4c21-aab0-f80f2fa1f650,https://video.babybillion.in/hls/056_simple_sentences_i_am_jumping/056_simple_sentences_i_am_jumping.m3u8,/056_simple_sentences_i_am_jumping/056_simple_sentences_i_am_jumping.m3u8,jai
541d0ec3-bc55-4dd0-9a02-a7e5c892e2ef,Nahi,BabyBillion_Education,"[{""S"":""0-3""}]",de5577e3-4806-4284-9cab-9e7ecf907095,https://video.babybillion.in/hls/Nahi/Nahi.m3u8,/Nahi/Nahi.m3u8,jai
5455488c-be51-4323-9f65-96c39d9aff5e,053_english_speaking_my_favorite_fruit_is,BabyBillion_Education,"[{""S"":""3-6""}]",0eba9676-9d93-484f-8938-41e3ab588a7f,https://video.babybillion.in/hls/053_english_speaking_my_favorite_fruit_is/053_english_speaking_my_favorite_fruit_is.m3u8,/053_english_speaking_my_favorite_fruit_is/053_english_speaking_my_favorite_fruit_is.m3u8,jai
5aca0b76-039e-452c-ae4c-7803bb1fe9a7,040_simple_sentences_it_is_windy,BabyBillion_Education,"[{""S"":""3-6""}]",0eba9676-9d93-484f-8938-41e3ab588a7f,https://video.babybillion.in/hls/040_simple_sentences_it_is_windy/040_simple_sentences_it_is_windy.m3u8,/040_simple_sentences_it_is_windy/040_simple_sentences_it_is_windy.m3u8,jai
5ad6f029-275c-4c63-8615-2fc14736c3ab,Multiplication_on_number_line_-_5,BabyBillion_Education,"[{""S"":""6+""}]",830fb885-9ece-438e-a380-dabd811f06b2,https://video.babybillion.in/hls/Multiplication_on_number_line_-_5/Multiplication_on_number_line_-_5.m3u8,/Multiplication_on_number_line_-_5/Multiplication_on_number_line_-_5.m3u8,jai
5fa43059-d7db-423a-837e-2f2124dab369,What_is_Division_Video_1,BabyBillion_Education,"[{""S"":""6+""}]",8f8705a0-ed36-4a82-90a8-a60a42f82502,https://video.babybillion.in/hls/What_is_Division_Video_1/What_is_Division_Video_1.m3u8,/What_is_Division_Video_1/What_is_Division_Video_1.m3u8,jai
5fa97505-e4d4-4f04-b31d-a59bbb12b2ee,Star,BabyBillion_Education,"[{""S"":""3-6""}]",da4d2220-056e-483b-9fc0-8451577d4cc9,https://video.babybillion.in/hls/Star/Star.m3u8,/Star/Star.m3u8,jai
642ce82a-d9fc-4b97-9375-16045d185222,Cube_Dice,BabyBillion_Education,"[{""S"":""0-3""}]",3579ea01-b32b-40f9-aac1-be5997a17606,https://video.babybillion.in/hls/Cube_Dice/Cube_Dice.m3u8,/Cube_Dice/Cube_Dice.m3u8,jai
6590a882-89c8-4593-982b-8aa008170caa,Night,BabyBillion_Education,"[{""S"":""3-6""}]",61d5066e-0470-45e3-8a5b-54a0703db8c0,https://video.babybillion.in/hls/Night/Night.m3u8,/Night/Night.m3u8,jai
66393cd5-9a97-4f16-9f7c-f3eeaaf20565,Mine,BabyBillion_Education,"[{""S"":""0-3""}]",4e8e2dbf-bad4-4a56-8365-251a1cfc4a10,https://video.babybillion.in/hls/Mine/Mine.m3u8,/Mine/Mine.m3u8,jai
666e3e0c-a566-4280-a3da-77634291ecf1,Mouth,BabyBillion_Education,"[{""S"":""0-3""}]",6d841cca-a54f-451a-90fc-aeffa145e274,https://video.babybillion.in/hls/Mouth/Mouth.m3u8,/Mouth/Mouth.m3u8,jai
668733b6-8735-49f8-8b84-b87e1ba239c2,007_english_speaking_have_a_nice_day,BabyBillion_Education,"[{""S"":""3-6""}]",0eba9676-9d93-484f-8938-41e3ab588a7f,https://video.babybillion.in/hls/007_english_speaking_have_a_nice_day/007_english_speaking_have_a_nice_day.m3u8,/007_english_speaking_have_a_nice_day/007_english_speaking_have_a_nice_day.m3u8,jai
66c035f0-a5b1-49b6-8e02-b9d9f7355632,Stacking_Cups,BabyBillion_Education,"[{""S"":""0-3""}]",259e1ebe-d005-41f2-a3f8-810078f51c98,https://video.babybillion.in/hls/Stacking_Cups/Stacking_Cups.m3u8,/Stacking_Cups/Stacking_Cups.m3u8,jai
686d97c2-ff4f-42f5-91c9-c3df074b6f89,Tamarind_Imli,BabyBillion_Education,"[{""S"":""0-3""}]",2c830c25-38e8-4d38-a3c3-cc9a3ff96b5f,https://video.babybillion.in/hls/Tamarind_Imli/Tamarind_Imli.m3u8,/Tamarind_Imli/Tamarind_Imli.m3u8,jai
68909ef1-cfb0-48e0-83f4-f91ecccfe298,023_english_speaking_this_is_my_chacha,BabyBillion_Education,"[{""S"":""3-6""}]",0eba9676-9d93-484f-8938-41e3ab588a7f,https://video.babybillion.in/hls/023_english_speaking_this_is_my_chacha/023_english_speaking_this_is_my_chacha.m3u8,/023_english_speaking_this_is_my_chacha/023_english_speaking_this_is_my_chacha.m3u8,jai
69fc5d0f-0da4-4841-816a-998b332ce86a,Slide,BabyBillion_Education,"[{""S"":""3-6""}]",6d841cca-a54f-451a-90fc-aeffa145e274,https://video.babybillion.in/hls/Slide/Slide.m3u8,/Slide/Slide.m3u8,jai
6bea1c9c-826d-4bcc-bdee-eb3db5979e97,Blue,BabyBillion_Education,"[{""S"":""0-3""}]",c23beb7b-23de-440c-9fb1-2990013f11a6,https://video.babybillion.in/hls/Blue/Blue.m3u8,/Blue/Blue.m3u8,jai
6c47b9f2-dc5d-4c1e-9012-1a7d6693b9fc,Cry,BabyBillion_Education,"[{""S"":""0-3""}]",cdd3ba69-c04a-402a-a061-05e0f816a161,https://video.babybillion.in/hls/Cry/Cry.m3u8,/Cry/Cry.m3u8,jai
6c736b67-cb28-4168-adfe-f00616188f44,Lamb_Baby_Sheep,BabyBillion_Education,"[{""S"":""3-6""}]",79156051-e033-423a-b7de-a68fe1342a75,https://video.babybillion.in/hls/Lamb_Baby_Sheep/Lamb_Baby_Sheep.m3u8,/Lamb_Baby_Sheep/Lamb_Baby_Sheep.m3u8,jai
6df6e11a-8db6-4b3a-aa8e-04038150e680,Dosa_Chutney,BabyBillion_Education,"[{""S"":""3-6""}]",5bc39ba0-a18b-42a9-9176-736112991697,https://video.babybillion.in/hls/Dosa_Chutney/Dosa_Chutney.m3u8,/Dosa_Chutney/Dosa_Chutney.m3u8,jai
6f1ef6e1-aec3-4b53-ba25-af3a5acb94e6,023_good_habits_keeping_bag_at_the_right_place,BabyBillion_Education,"[{""S"":""3-6""}]",06f625da-1202-4c8a-8b16-e624b97476d1,https://video.babybillion.in/hls/023_good_habits_keeping_bag_at_the_right_place/023_good_habits_keeping_bag_at_the_right_place.m3u8,/023_good_habits_keeping_bag_at_the_right_place/023_good_habits_keeping_bag_at_the_right_place.m3u8,jai
6f97bbb3-f00b-4fd1-807f-347e8a808d3a,PlayDough,BabyBillion_Education,"[{""S"":""0-3""}]",259e1ebe-d005-41f2-a3f8-810078f51c98,https://video.babybillion.in/hls/PlayDough/PlayDough.m3u8,/PlayDough/PlayDough.m3u8,jai
73ff47b6-b9d5-4acb-88fc-4c6254ed0cef,014_cvc_words_tap,BabyBillion_Education,"[{""S"":""3-6""}]",bac6ace6-06bc-4f67-85bb-5f0b144d5a15,https://video.babybillion.in/hls/014_cvc_words_tap/014_cvc_words_tap.m3u8,/014_cvc_words_tap/014_cvc_words_tap.m3u8,jai
75af7b05-4e2e-4ee1-be8e-1a462114e273,105_6_Rockets_and_Spacecraft,BabyBillion_Education,"[{""S"":""6+""}]",b7ef253a-6fb1-4247-ad59-99c4c945c8ec,https://video.babybillion.in/hls/105_6_Rockets_and_Spacecraft/105_6_Rockets_and_Spacecraft.m3u8,/105_6_Rockets_and_Spacecraft/105_6_Rockets_and_Spacecraft.m3u8,jai
75c3e1ff-45cf-4c62-b70e-ab21df4bfb92,Paani,BabyBillion_Education,"[{""S"":""0-3""}]",de5577e3-4806-4284-9cab-9e7ecf907095,https://video.babybillion.in/hls/Paani/Paani.m3u8,/Paani/Paani.m3u8,jai
76a71d78-06a1-4cf8-bd22-2d2b3091b5eb,Subtraction_within_20_-_video5,BabyBillion_Education,"[{""S"":""6+""}]",9a5470ca-9377-4780-8e16-07dafe876377,https://video.babybillion.in/hls/Subtraction_within_20_-_video5/Subtraction_within_20_-_video5.m3u8,/Subtraction_within_20_-_video5/Subtraction_within_20_-_video5.m3u8,jai
76bf14b2-3576-4ae1-be2b-b74508b2e5fc,058_sight_words_drink,BabyBillion_Education,"[{""S"":""3-6""}]",181961d7-b484-40c7-b24c-9b3f335cc424,https://video.babybillion.in/hls/058_sight_words_drink/058_sight_words_drink.m3u8,/058_sight_words_drink/058_sight_words_drink.m3u8,jai
777d61b2-4ed1-4f68-90bb-120ecce56e0b,Clothes_hanger_Wardrobe,BabyBillion_Education,"[{""S"":""3-6""}]",aa154d92-77f0-4dd7-9c3f-d7e57bd9baf5,https://video.babybillion.in/hls/Clothes_hanger_Wardrobe/Clothes_hanger_Wardrobe.m3u8,/Clothes_hanger_Wardrobe/Clothes_hanger_Wardrobe.m3u8,jai
7852b803-7396-424b-87a1-fae9f310d3e6,Poha,BabyBillion_Education,"[{""S"":""0-3""}]",aa154d92-77f0-4dd7-9c3f-d7e57bd9baf5,https://video.babybillion.in/hls/Poha/Poha.m3u8,/Poha/Poha.m3u8,jai
7b3c0fc7-3896-425f-8929-c49d279c92b5,Samosa,BabyBillion_Education,"[{""S"":""0-3""}]",aa154d92-77f0-4dd7-9c3f-d7e57bd9baf5,https://video.babybillion.in/hls/Samosa/Samosa.m3u8,/Samosa/Samosa.m3u8,jai
7be208b8-03aa-4862-9046-a515c0615c1d,Big_Juicy_Fruits-_Watermelon_Muskmelon,BabyBillion_Education,"[{""S"":""3-6""}]",2c830c25-38e8-4d38-a3c3-cc9a3ff96b5f,https://video.babybillion.in/hls/Big_Juicy_Fruits-_Watermelon_Muskmelon/Big_Juicy_Fruits-_Watermelon_Muskmelon.m3u8,/Big_Juicy_Fruits-_Watermelon_Muskmelon/Big_Juicy_Fruits-_Watermelon_Muskmelon.m3u8,jai
7bffc517-2c24-4fec-bd6d-ec73be167ec8,Cherry,BabyBillion_Education,"[{""S"":""0-3""}]",2c830c25-38e8-4d38-a3c3-cc9a3ff96b5f,https://video.babybillion.in/hls/Cherry/Cherry.m3u8,/Cherry/Cherry.m3u8,jai
7c303a37-4398-4a49-9261-3fe18296455e,Kachori_Aloo_Sabzi,BabyBillion_Education,"[{""S"":""3-6""}]",5bc39ba0-a18b-42a9-9176-736112991697,https://video.babybillion.in/hls/Kachori_Aloo_Sabzi/Kachori_Aloo_Sabzi.m3u8,/Kachori_Aloo_Sabzi/Kachori_Aloo_Sabzi.m3u8,jai
8031fa5b-8f6c-410e-92b3-a3278371f075,Slanting_Line,BabyBillion_Education,"[{""S"":""0-3""}]",da4d2220-056e-483b-9fc0-8451577d4cc9,https://video.babybillion.in/hls/Slanting_Line/Slanting_Line.m3u8,/Slanting_Line/Slanting_Line.m3u8,jai
82884d72-6fd9-412b-a391-2fe5c1266dba,Adding_2-digit_2-digit_no_carry_Video_3,BabyBillion_Education,"[{""S"":""6+""}]",f86787db-e9ed-4093-9aa4-a1df05f1c772,https://video.babybillion.in/hls/Adding_2-digit_2-digit_no_carry_Video_3/Adding_2-digit_2-digit_no_carry_Video_3.m3u8,/Adding_2-digit_2-digit_no_carry_Video_3/Adding_2-digit_2-digit_no_carry_Video_3.m3u8,jai
841046ef-b621-4d70-b776-7f5bd1b5d35d,Birthday,BabyBillion_Education,"[{""S"":""0-3""}]",655a5081-8ce4-4cfc-b36d-d5d0d1a06c1e,https://video.babybillion.in/hls/Birthday/Birthday.m3u8,/Birthday/Birthday.m3u8,jai
86f897d6-56cc-4da8-a4e4-2cf0d25a08bc,Starfish,BabyBillion_Education,"[{""S"":""0-3""}]",bd7c6e2d-c979-43ea-89eb-899d9aeb8b94,https://video.babybillion.in/hls/Starfish/Starfish.m3u8,/Starfish/Starfish.m3u8,jai
87080e96-7431-4546-92b3-0e661c55f288,Garlic_Lehsun,BabyBillion_Education,"[{""S"":""0-3""}]",c3d15541-8760-45ff-b253-1647ca61bf37,https://video.babybillion.in/hls/Garlic_Lehsun/Garlic_Lehsun.m3u8,/Garlic_Lehsun/Garlic_Lehsun.m3u8,jai
87461167-8acf-4e86-aa56-08a8810440a1,002_phonics_sound_of_k_k_as_in_kite,BabyBillion_Education,"[{""S"":""3-6""}]",b79bd45b-2c9c-4b7d-91a0-07c93a4dbea1,https://video.babybillion.in/hls/002_phonics_sound_of_k_k_as_in_kite/002_phonics_sound_of_k_k_as_in_kite.m3u8,/002_phonics_sound_of_k_k_as_in_kite/002_phonics_sound_of_k_k_as_in_kite.m3u8,jai
888dba01-aca7-4b02-9c58-90c33723db82,060_english_speaking_come_here,BabyBillion_Education,"[{""S"":""3-6""}]",0eba9676-9d93-484f-8938-41e3ab588a7f,https://video.babybillion.in/hls/060_english_speaking_come_here/060_english_speaking_come_here.m3u8,/060_english_speaking_come_here/060_english_speaking_come_here.m3u8,jai
8c5f679f-a237-4968-9a7a-6ac853fcfdfb,Eagle,BabyBillion_Education,"[{""S"":""0-3""}]",efdd9da9-9b29-45aa-8bc4-3ddbee54940d,https://video.babybillion.in/hls/Eagle/Eagle.m3u8,/Eagle/Eagle.m3u8,jai
8ddacbd7-19cc-4c70-8957-9ad1af173adc,029_good_habits_touching_elders_feet_on_festivals,BabyBillion_Education,"[{""S"":""0-3""}]",06f625da-1202-4c8a-8b16-e624b97476d1,https://video.babybillion.in/hls/029_good_habits_touching_elders_feet_on_festivals/029_good_habits_touching_elders_feet_on_festivals.m3u8,/029_good_habits_touching_elders_feet_on_festivals/029_good_habits_touching_elders_feet_on_festivals.m3u8,jai
8e09d3b9-8f7c-429f-9104-ab84d08a4d3b,Car,BabyBillion_Education,"[{""S"":""3-6""}]",bf9d1fdb-31f8-48e3-9114-9e4e4967617c,https://video.babybillion.in/hls/Car/Car.m3u8,/Car/Car.m3u8,jai
8e2a2789-d446-47ea-9653-2af6a1076aec,Earthworm,BabyBillion_Education,"[{""S"":""0-3""}]",40d567cd-95aa-469e-b7a8-da623f2579d8,https://video.babybillion.in/hls/Earthworm/Earthworm.m3u8,/Earthworm/Earthworm.m3u8,jai
8f0b7526-24fa-446f-aa72-0a6fca690aff,Relaxed,BabyBillion_Education,"[{""S"":""3-6""}]",90ff5296-5b99-4ddf-8bdf-ac55f6f7b6c2,https://video.babybillion.in/hls/Relaxed/Relaxed.m3u8,/Relaxed/Relaxed.m3u8,jai
8f7e5719-bde8-4459-b25f-00266ba5c948,060_english_speaking_come_here,BabyBillion_Education,"[{""S"":""3-6""}]",0eba9676-9d93-484f-8938-41e3ab588a7f,https://video.babybillion.in/hls/060_english_speaking_come_here/060_english_speaking_come_here.m3u8,/060_english_speaking_come_here/060_english_speaking_come_here.m3u8,jai
90e6998d-3d2e-47a4-b07e-84367b9d066e,Heatwaves,BabyBillion_Education,"[{""S"":""3-6""}]",ed57a6ae-2009-4c19-9800-8826437fde62,https://video.babybillion.in/hls/Heatwaves/Heatwaves.m3u8,/Heatwaves/Heatwaves.m3u8,jai
9126a852-17f5-4cea-93c6-4da2332bbaf1,090_06_Managing_Anger_In_Healthy_Ways,BabyBillion_Education,"[{""S"":""3-6""}]",90ff5296-5b99-4ddf-8bdf-ac55f6f7b6c2,https://video.babybillion.in/hls/9126a852-17f5-4cea-93c6-4da2332bbaf1/9126a852-17f5-4cea-93c6-4da2332bbaf1.m3u8,/hls/9126a852-17f5-4cea-93c6-4da2332bbaf1/9126a852-17f5-4cea-93c6-4da2332bbaf1.m3u8,jai
91b780b1-08af-4734-af60-14439affd9c5,Frying_pan_Spatula,BabyBillion_Education,"[{""S"":""3-6""}]",aa154d92-77f0-4dd7-9c3f-d7e57bd9baf5,https://video.babybillion.in/hls/Frying_pan_Spatula/Frying_pan_Spatula.m3u8,/Frying_pan_Spatula/Frying_pan_Spatula.m3u8,jai
92150467-32a1-4e5f-99c3-35e926bd91a2,Cuckoo_Koel,BabyBillion_Education,"[{""S"":""0-3""}]",efdd9da9-9b29-45aa-8bc4-3ddbee54940d,https://video.babybillion.in/hls/Cuckoo_Koel/Cuckoo_Koel.m3u8,/Cuckoo_Koel/Cuckoo_Koel.m3u8,jai
94143589-0972-41b0-bd17-fadcc3436e4b,What_is_multiplication_video_10,BabyBillion_Education,"[{""S"":""6+""}]",830fb885-9ece-438e-a380-dabd811f06b2,https://video.babybillion.in/hls/What_is_multiplication_video_10/What_is_multiplication_video_10.m3u8,/What_is_multiplication_video_10/What_is_multiplication_video_10.m3u8,jai
96ca7fd1-15dd-46ef-a3ac-cd0fa04a4cb4,017_colors_red_tomato,BabyBillion_Education,"[{""S"":""0-3""}]",c23beb7b-23de-440c-9fb1-2990013f11a6,https://video.babybillion.in/hls/017_colors_red_tomato/017_colors_red_tomato.m3u8,/017_colors_red_tomato/017_colors_red_tomato.m3u8,jai
998e4c3b-05c3-4b67-b5e4-52c6aeb2e28e,Lamb_Baby_Sheep,BabyBillion_Education,"[{""S"":""3-6""}]",f3cc6441-ba9d-4db9-85ec-3f3cdc60d542,https://video.babybillion.in/hls/Lamb_Baby_Sheep/Lamb_Baby_Sheep.m3u8,/Lamb_Baby_Sheep/Lamb_Baby_Sheep.m3u8,jai
9bfd9cbd-04c0-4d18-8bb8-6a0643c0af3d,FRACTIONS_13_Video_3,BabyBillion_Education,"[{""S"":""6+""}]",a96dafb1-5d53-4882-9355-9bd920a4aa91,https://video.babybillion.in/hls/FRACTIONS_13_Video_3/FRACTIONS_13_Video_3.m3u8,/FRACTIONS_13_Video_3/FRACTIONS_13_Video_3.m3u8,jai
9cc8410b-6331-415a-9a4f-0141e69c1a5d,Jalebi,BabyBillion_Education,"[{""S"":""0-3""}]",5bc39ba0-a18b-42a9-9176-736112991697,https://video.babybillion.in/hls/Jalebi/Jalebi.m3u8,/Jalebi/Jalebi.m3u8,jai
9df5414c-eb81-4083-a293-e21040c5af23,Swimming_Pool,BabyBillion_Education,"[{""S"":""0-3""}]",e4dd4a24-f512-4d74-8bad-596b71c5369f,https://video.babybillion.in/hls/Swimming_Pool/Swimming_Pool.m3u8,/Swimming_Pool/Swimming_Pool.m3u8,jai
a0349d60-963c-4319-98fe-75332b3f3b39,abc_capital_Y_and_small_y,BabyBillion_Education,"[{""S"":""3-6""}]",1bf17868-9fb8-419a-b7d7-e9ba3b51a364,https://video.babybillion.in/hls/abc_capital_Y_and_small_y/abc_capital_Y_and_small_y.m3u8,/abc_capital_Y_and_small_y/abc_capital_Y_and_small_y.m3u8,jai
a224aa73-54c6-4b73-9c6e-3c0269bbf18d,Mouth,BabyBillion_Education,"[{""S"":""0-3""}]",6d841cca-a54f-451a-90fc-aeffa145e274,https://video.babybillion.in/hls/Mouth/Mouth.m3u8,/Mouth/Mouth.m3u8,jai
a228487d-638b-4b5c-b5e8-e1ba7d88a1ab,015_u_se_ullu,BabyBillion_Education,"[{""S"":""0-3""}]",de5577e3-4806-4284-9cab-9e7ecf907095,https://video.babybillion.in/hls/015_u_se_ullu/015_u_se_ullu.m3u8,/015_u_se_ullu/015_u_se_ullu.m3u8,jai
a29872ed-3df7-430e-954b-717088186755,049_community_helpers_carpenters_tools_hammer_and_saw,BabyBillion_Education,"[{""S"":""6+""}]",3dc35861-75e5-4d11-a33d-d263d159f041,https://video.babybillion.in/hls/049_community_helpers_carpenters_tools_hammer_and_saw/049_community_helpers_carpenters_tools_hammer_and_saw.m3u8,/049_community_helpers_carpenters_tools_hammer_and_saw/049_community_helpers_carpenters_tools_hammer_and_saw.m3u8,jai
a45cf54c-81b0-4e2a-9418-78755eb3f40f,025_abc_capital_i_and_small_i,BabyBillion_Education,"[{""S"":""3-6""}]",1bf17868-9fb8-419a-b7d7-e9ba3b51a364,https://video.babybillion.in/hls/025_abc_capital_i_and_small_i/025_abc_capital_i_and_small_i.m3u8,/025_abc_capital_i_and_small_i/025_abc_capital_i_and_small_i.m3u8,jai
a4b29cca-3d59-4867-b9e7-c5524e5cdfab,Cube,BabyBillion_Education,"[{""S"":""6+""}]",3579ea01-b32b-40f9-aac1-be5997a17606,https://video.babybillion.in/hls/Cube/Cube.m3u8,/Cube/Cube.m3u8,jai
a612f26a-5d90-443a-a285-99449e8623d8,064_simple_sentences_i_want_to_go_home,BabyBillion_Education,"[{""S"":""3-6""}]",4c06fdb7-0fe2-4c21-aab0-f80f2fa1f650,https://video.babybillion.in/hls/064_simple_sentences_i_want_to_go_home/064_simple_sentences_i_want_to_go_home.m3u8,/064_simple_sentences_i_want_to_go_home/064_simple_sentences_i_want_to_go_home.m3u8,jai
a6407399-c352-4262-ba23-b1033099e878,Long_3-6_Wild_Animals_01___pg_36963e60e8f480e5b244fd376a1fe7e7___ln_Hi,BabyBillion_Education,"[{""S"":""3-6""}]",c1f0397a-0732-418a-b6e4-50081b10219c,https://video.babybillion.in/hls/a6407399-c352-4262-ba23-b1033099e878/a6407399-c352-4262-ba23-b1033099e878.m3u8,/hls/a6407399-c352-4262-ba23-b1033099e878/a6407399-c352-4262-ba23-b1033099e878.m3u8,jai
a8d70e09-b798-44cc-87da-8d2bfe401742,Straight_Line,BabyBillion_Education,"[{""S"":""0-3""}]",da4d2220-056e-483b-9fc0-8451577d4cc9,https://video.babybillion.in/hls/Straight_Line/Straight_Line.m3u8,/Straight_Line/Straight_Line.m3u8,jai
a8db48b5-a274-4c43-b186-c945efd12058,Lamb_Baby_Sheep,BabyBillion_Education,"[{""S"":""0-3""}]",79156051-e033-423a-b7de-a68fe1342a75,https://video.babybillion.in/hls/Lamb_Baby_Sheep/Lamb_Baby_Sheep.m3u8,/Lamb_Baby_Sheep/Lamb_Baby_Sheep.m3u8,jai
aa3b9725-a7a5-431e-ab3f-ca1900faf748,W_for_Watermelon,BabyBillion_Education,"[{""S"":""0-3""}]",1bf17868-9fb8-419a-b7d7-e9ba3b51a364,https://video.babybillion.in/hls/W_for_Watermelon/W_for_Watermelon.m3u8,/W_for_Watermelon/W_for_Watermelon.m3u8,jai
ac653b80-2855-43ae-aabc-d32c5312c7c9,Train,BabyBillion_Education,"[{""S"":""3-6""}]",bf9d1fdb-31f8-48e3-9114-9e4e4967617c,https://video.babybillion.in/hls/Train/Train.m3u8,/Train/Train.m3u8,jai
ac70be96-e310-48d3-aac4-d77a3b955f82,024_english_speaking_this_is_my_chachi,BabyBillion_Education,"[{""S"":""3-6""}]",0eba9676-9d93-484f-8938-41e3ab588a7f,https://video.babybillion.in/hls/024_english_speaking_this_is_my_chachi/024_english_speaking_this_is_my_chachi.m3u8,/024_english_speaking_this_is_my_chachi/024_english_speaking_this_is_my_chachi.m3u8,jai
acf8fee2-a9f3-4b1f-8c3d-8e3e3f0065b1,052_simple_sentences_i_am_writing,BabyBillion_Education,"[{""S"":""3-6""}]",4c06fdb7-0fe2-4c21-aab0-f80f2fa1f650,https://video.babybillion.in/hls/052_simple_sentences_i_am_writing/052_simple_sentences_i_am_writing.m3u8,/052_simple_sentences_i_am_writing/052_simple_sentences_i_am_writing.m3u8,jai
ad2a85a7-6fb5-484c-8e5b-648fe7f825a4,Wrist,BabyBillion_Education,"[{""S"":""0-3""}]",6d841cca-a54f-451a-90fc-aeffa145e274,https://video.babybillion.in/hls/Wrist/Wrist.m3u8,/Wrist/Wrist.m3u8,jai
ad2b4730-8544-462a-a2a3-be99866040af,Subtracting_2-digit_-_2-digit_no_borrow_VIDEO_4,BabyBillion_Education,"[{""S"":""6+""}]",9a5470ca-9377-4780-8e16-07dafe876377,https://video.babybillion.in/hls/Subtracting_2-digit_-_2-digit_no_borrow_VIDEO_4/Subtracting_2-digit_-_2-digit_no_borrow_VIDEO_4.m3u8,/Subtracting_2-digit_-_2-digit_no_borrow_VIDEO_4/Subtracting_2-digit_-_2-digit_no_borrow_VIDEO_4.m3u8,jai
adc56b7d-a41c-4915-9bc3-00a4177635ba,Uranus,BabyBillion_Education,"[{""S"":""3-6""}]",b7ef253a-6fb1-4247-ad59-99c4c945c8ec,https://video.babybillion.in/hls/Uranus/Uranus.m3u8,/Uranus/Uranus.m3u8,jai
b0bb9f2c-f402-47d1-8da7-07b9ae669e4d,Lettuce,BabyBillion_Education,"[{""S"":""0-3""}]",c3d15541-8760-45ff-b253-1647ca61bf37,https://video.babybillion.in/hls/Lettuce/Lettuce.m3u8,/Lettuce/Lettuce.m3u8,jai
b1b6f5d3-8832-468a-85e6-5d86efa12374,102_6_Comparing_two_numbers_Example_Which_is_lesser_90_or_100_90_Comparing_two_numbers_Example_Which,BabyBillion_Education,"[{""S"":""6+""}]",9964bf6a-c340-4e3a-b7e6-9f3d435449d3,https://video.babybillion.in/hls/102_6_Comparing_two_numbers_Example_Which_is_lesser_90_or_100_90_Comparing_two_numbers_Example_Which/102_6_Comparing_two_numbers_Example_Which_is_lesser_90_or_100_90_Comparing_two_numbers_Example_Which.m3u8,/102_6_Comparing_two_numbers_Example_Which_is_lesser_90_or_100_90_Comparing_two_numbers_Example_Which/102_6_Comparing_two_numbers_Example_Which_is_lesser_90_or_100_90_Comparing_two_numbers_Example_Which.m3u8,jai
b3b81e99-7009-456a-ab98-6a3b5e3e671a,005_cvc_words_fan,BabyBillion_Education,"[{""S"":""3-6""}]",bac6ace6-06bc-4f67-85bb-5f0b144d5a15,https://video.babybillion.in/hls/005_cvc_words_fan/005_cvc_words_fan.m3u8,/005_cvc_words_fan/005_cvc_words_fan.m3u8,jai
b416c225-fa87-4dce-a53e-2daee42e9459,105_6_Ordering_2-digit_numbers_Example_102040609030507080_102030405060708090,BabyBillion_Education,"[{""S"":""6+""}]",98263b2e-41f3-413e-9a83-b64ef2016a53,https://video.babybillion.in/hls/105_6_Ordering_2-digit_numbers_Example_102040609030507080_102030405060708090/105_6_Ordering_2-digit_numbers_Example_102040609030507080_102030405060708090.m3u8,/105_6_Ordering_2-digit_numbers_Example_102040609030507080_102030405060708090/105_6_Ordering_2-digit_numbers_Example_102040609030507080_102030405060708090.m3u8,jai
b4982e44-b1b1-4069-8313-bf5ac87d5255,003_greater_lesser_big_elephant_vs_small_mouse,BabyBillion_Education,"[{""S"":""3-6""}]",9964bf6a-c340-4e3a-b7e6-9f3d435449d3,https://video.babybillion.in/hls/003_greater_lesser_big_elephant_vs_small_mouse/003_greater_lesser_big_elephant_vs_small_mouse.m3u8,/003_greater_lesser_big_elephant_vs_small_mouse/003_greater_lesser_big_elephant_vs_small_mouse.m3u8,jai
b595d2aa-977d-4120-9c9e-ba29b257e9ce,Train,BabyBillion_Education,"[{""S"":""3-6""}]",bf9d1fdb-31f8-48e3-9114-9e4e4967617c,https://video.babybillion.in/hls/Train/Train.m3u8,/Train/Train.m3u8,jai
b759de48-78d6-429b-8b22-861582f28895,105_6_Rockets_and_Spacecraft,BabyBillion_Education,"[{""S"":""6+""}]",41f1f46f-18fc-4610-a538-2860e362964b,https://video.babybillion.in/hls/105_6_Rockets_and_Spacecraft/105_6_Rockets_and_Spacecraft.m3u8,/105_6_Rockets_and_Spacecraft/105_6_Rockets_and_Spacecraft.m3u8,jai
b8f964b1-2524-4991-b5e0-00d95576ed74,Nahi,BabyBillion_Education,"[{""S"":""0-3""}]",de5577e3-4806-4284-9cab-9e7ecf907095,https://video.babybillion.in/hls/Nahi/Nahi.m3u8,/Nahi/Nahi.m3u8,jai
bc634a4f-3400-4966-b058-454d3e4b5fb7,Vehicles_on_water,BabyBillion_Education,"[{""S"":""3-6""}]",bf9d1fdb-31f8-48e3-9114-9e4e4967617c,https://video.babybillion.in/hls/Vehicles_on_water/Vehicles_on_water.m3u8,/Vehicles_on_water/Vehicles_on_water.m3u8,jai
bd1c7683-af1f-42f2-abff-f97badb7d96a,039_bha_se_bhalu,BabyBillion_Education,"[{""S"":""0-3""}]",de5577e3-4806-4284-9cab-9e7ecf907095,https://video.babybillion.in/hls/039_bha_se_bhalu/039_bha_se_bhalu.m3u8,/039_bha_se_bhalu/039_bha_se_bhalu.m3u8,jai
bed16062-7f44-4f49-b9d3-cdd95e641986,Oval,BabyBillion_Education,"[{""S"":""0-3""}]",da4d2220-056e-483b-9fc0-8451577d4cc9,https://video.babybillion.in/hls/Oval/Oval.m3u8,/Oval/Oval.m3u8,jai
c6587e6d-fa4e-4050-a51e-5503bdc3b037,111_6_Heart_and_Blood_Circulation,BabyBillion_Education,"[{""S"":""6+""}]",6d841cca-a54f-451a-90fc-aeffa145e274,https://video.babybillion.in/hls/111_6_Heart_and_Blood_Circulation/111_6_Heart_and_Blood_Circulation.m3u8,/111_6_Heart_and_Blood_Circulation/111_6_Heart_and_Blood_Circulation.m3u8,jai
c706e8cb-ae5b-48cc-b68d-c63b3168e9be,Star,BabyBillion_Education,"[{""S"":""0-3""}]",eb5f90b5-3650-49b9-95b6-d4e3a89c0662,https://video.babybillion.in/hls/Star/Star.m3u8,/Star/Star.m3u8,jai
c779f309-3834-4a02-90c5-a562e115a484,Microwave,BabyBillion_Education,"[{""S"":""0-3""}]",aa154d92-77f0-4dd7-9c3f-d7e57bd9baf5,https://video.babybillion.in/hls/Microwave/Microwave.m3u8,/Microwave/Microwave.m3u8,jai
c88858ad-98d6-4354-b584-fc11bb01a873,Pongal_Chutney,BabyBillion_Education,"[{""S"":""3-6""}]",5bc39ba0-a18b-42a9-9176-736112991697,https://video.babybillion.in/hls/Pongal_Chutney/Pongal_Chutney.m3u8,/Pongal_Chutney/Pongal_Chutney.m3u8,jai
cbe4f80e-a4de-47d1-83ea-7927b4e5ecc3,Bear,BabyBillion_Education,"[{""S"":""3-6""}]",79156051-e033-423a-b7de-a68fe1342a75,https://video.babybillion.in/hls/Bear/Bear.m3u8,/Bear/Bear.m3u8,jai
cbe5b5eb-82b9-4e58-9a06-a024522378e9,Ascending_Order_1-10,BabyBillion_Education,"[{""S"":""3-6""}]",98263b2e-41f3-413e-9a83-b64ef2016a53,https://video.babybillion.in/hls/Ascending_Order_1-10/Ascending_Order_1-10.m3u8,/Ascending_Order_1-10/Ascending_Order_1-10.m3u8,jai
d05ebf43-0e95-4b84-b497-821f8b3f706d,Uncle,BabyBillion_Education,"[{""S"":""3-6""}]",24429faf-f706-4456-a1a0-d8b55cc55f9d,https://video.babybillion.in/hls/Uncle/Uncle.m3u8,/Uncle/Uncle.m3u8,jai
d083c995-5047-4c49-b08c-f5ed638df8f8,044_ha_se_haathi,BabyBillion_Education,"[{""S"":""0-3""}]",de5577e3-4806-4284-9cab-9e7ecf907095,https://video.babybillion.in/hls/044_ha_se_haathi/044_ha_se_haathi.m3u8,/044_ha_se_haathi/044_ha_se_haathi.m3u8,jai
d0946737-389b-40e0-b204-5df55545ff52,046_phonics_digraph_ng_as_in_ring,BabyBillion_Education,"[{""S"":""3-6""}]",b79bd45b-2c9c-4b7d-91a0-07c93a4dbea1,https://video.babybillion.in/hls/046_phonics_digraph_ng_as_in_ring/046_phonics_digraph_ng_as_in_ring.m3u8,/046_phonics_digraph_ng_as_in_ring/046_phonics_digraph_ng_as_in_ring.m3u8,jai
d1240edb-5f98-414b-b388-bf9c3572f3a2,Asking_for_Help_When_Sad,BabyBillion_Education,"[{""S"":""6+""}]",90ff5296-5b99-4ddf-8bdf-ac55f6f7b6c2,https://video.babybillion.in/hls/Asking_for_Help_When_Sad/Asking_for_Help_When_Sad.m3u8,/Asking_for_Help_When_Sad/Asking_for_Help_When_Sad.m3u8,jai
d256aaef-896a-4e6d-852d-46e581acdc4c,Water_Sports,BabyBillion_Education,"[{""S"":""6+""}]",cf83518a-7e38-483a-9b3e-a943beb08196,https://video.babybillion.in/hls/Water_Sports/Water_Sports.m3u8,/Water_Sports/Water_Sports.m3u8,jai
d431c538-3366-4ca9-9487-96dc551d4250,Light_bulb_Lamp_holder,BabyBillion_Education,"[{""S"":""3-6""}]",aa154d92-77f0-4dd7-9c3f-d7e57bd9baf5,https://video.babybillion.in/hls/Light_bulb_Lamp_holder/Light_bulb_Lamp_holder.m3u8,/Light_bulb_Lamp_holder/Light_bulb_Lamp_holder.m3u8,jai
d4a7b9d4-16bb-46ec-984e-a130b1b3906a,Down,BabyBillion_Education,"[{""S"":""0-3""}]",4e8e2dbf-bad4-4a56-8365-251a1cfc4a10,https://video.babybillion.in/hls/Down/Down.m3u8,/Down/Down.m3u8,jai
d523f3e2-c316-41c4-9be0-aefc699916fd,Star,BabyBillion_Education,"[{""S"":""0-3""}]",da4d2220-056e-483b-9fc0-8451577d4cc9,https://video.babybillion.in/hls/Star/Star.m3u8,/Star/Star.m3u8,jai
d8748291-a67e-4ead-9534-1c2a64c1fd60,Family_Members,BabyBillion_Education,"[{""S"":""3-6""}]",24429faf-f706-4456-a1a0-d8b55cc55f9d,https://video.babybillion.in/hls/Family_Members/Family_Members.m3u8,/Family_Members/Family_Members.m3u8,jai
d8d37925-2b8f-41d6-9617-054ad7b62432,Adding_2-digit_2-digit_5th_Video,BabyBillion_Education,"[{""S"":""6+""}]",f86787db-e9ed-4093-9aa4-a1df05f1c772,https://video.babybillion.in/hls/Adding_2-digit_2-digit_5th_Video/Adding_2-digit_2-digit_5th_Video.m3u8,/Adding_2-digit_2-digit_5th_Video/Adding_2-digit_2-digit_5th_Video.m3u8,jai
d99a076b-9a6c-4ea9-b9cb-477ab84f3b27,Adding_2-digit_2-digit_no_carry_4_th_video,BabyBillion_Education,"[{""S"":""6+""}]",f86787db-e9ed-4093-9aa4-a1df05f1c772,https://video.babybillion.in/hls/Adding_2-digit_2-digit_no_carry_4_th_video/Adding_2-digit_2-digit_no_carry_4_th_video.m3u8,/Adding_2-digit_2-digit_no_carry_4_th_video/Adding_2-digit_2-digit_no_carry_4_th_video.m3u8,jai
da1d7c56-c926-4a15-9075-9a8b1eb93481,Mosque_Masjid,BabyBillion_Education,"[{""S"":""0-3""}]",e4dd4a24-f512-4d74-8bad-596b71c5369f,https://video.babybillion.in/hls/Mosque_Masjid/Mosque_Masjid.m3u8,/Mosque_Masjid/Mosque_Masjid.m3u8,jai
db54422f-8bb3-4d09-9e2e-ef99da968f8c,Spring,BabyBillion_Education,"[{""S"":""3-6""}]",ed57a6ae-2009-4c19-9800-8826437fde62,https://video.babybillion.in/hls/Spring/Spring.m3u8,/Spring/Spring.m3u8,jai
dc53bc4e-e435-4f0c-8751-df9ad5110f55,029_sight_words_his,BabyBillion_Education,"[{""S"":""3-6""}]",181961d7-b484-40c7-b24c-9b3f335cc424,https://video.babybillion.in/hls/029_sight_words_his/029_sight_words_his.m3u8,/029_sight_words_his/029_sight_words_his.m3u8,jai
dcf92149-6e92-485c-a476-2917e594b87b,Multiplication_on_number_line_-_1,BabyBillion_Education,"[{""S"":""6+""}]",830fb885-9ece-438e-a380-dabd811f06b2,https://video.babybillion.in/hls/Multiplication_on_number_line_-_1/Multiplication_on_number_line_-_1.m3u8,/Multiplication_on_number_line_-_1/Multiplication_on_number_line_-_1.m3u8,jai
de2f6b24-ace7-4f83-b7ba-de7d66f4dd7c,National_symbols_meaning_simple,BabyBillion_Education,"[{""S"":""3-6""}]",2754f754-bfaf-4810-9852-60d5960a7a74,https://video.babybillion.in/hls/National_symbols_meaning_simple/National_symbols_meaning_simple.m3u8,/National_symbols_meaning_simple/National_symbols_meaning_simple.m3u8,jai
df3c9330-334b-4d92-a9d9-c2c33a49ed1c,Night,BabyBillion_Education,"[{""S"":""3-6""}]",b7ef253a-6fb1-4247-ad59-99c4c945c8ec,https://video.babybillion.in/hls/Night/Night.m3u8,/Night/Night.m3u8,jai
e16e0a76-7b5a-4c0a-8864-d83ff687b4e5,What_is_Division_sharing_equally_Video_7,BabyBillion_Education,"[{""S"":""6+""}]",8f8705a0-ed36-4a82-90a8-a60a42f82502,https://video.babybillion.in/hls/What_is_Division_sharing_equally_Video_7/What_is_Division_sharing_equally_Video_7.m3u8,/What_is_Division_sharing_equally_Video_7/What_is_Division_sharing_equally_Video_7.m3u8,jai
e21bb3f1-fa89-4b80-aa52-8cd49fb8474a,025_simple_sentences_i_have_a_pet_dog,BabyBillion_Education,"[{""S"":""3-6""}]",4c06fdb7-0fe2-4c21-aab0-f80f2fa1f650,https://video.babybillion.in/hls/025_simple_sentences_i_have_a_pet_dog/025_simple_sentences_i_have_a_pet_dog.m3u8,/025_simple_sentences_i_have_a_pet_dog/025_simple_sentences_i_have_a_pet_dog.m3u8,jai
e23122b1-cfbb-48ef-8f6b-3d34d8d9c8f2,018_varnmala_vyanjan_dha_soft_se_dhanush,BabyBillion_Education,"[{""S"":""3-6""}]",fec06a4b-b277-4fe2-8fff-bb40451bf2d9,https://video.babybillion.in/hls/018_varnmala_vyanjan_dha_soft_se_dhanush/018_varnmala_vyanjan_dha_soft_se_dhanush.m3u8,/018_varnmala_vyanjan_dha_soft_se_dhanush/018_varnmala_vyanjan_dha_soft_se_dhanush.m3u8,jai
e35e6bef-da25-4c3b-ab0a-c39064daa945,What_is_Division_Video_2,BabyBillion_Education,"[{""S"":""6+""}]",8f8705a0-ed36-4a82-90a8-a60a42f82502,https://video.babybillion.in/hls/What_is_Division_Video_2/What_is_Division_Video_2.m3u8,/What_is_Division_Video_2/What_is_Division_Video_2.m3u8,jai
e36baa85-141a-4b01-8053-d9fc03af0a93,Kids_Learn_To_Ride_Bicycle,BabyBillion_Education,"[{""S"":""3-6""}]",06f625da-1202-4c8a-8b16-e624b97476d1,https://video.babybillion.in/hls/Kids_Learn_To_Ride_Bicycle/Kids_Learn_To_Ride_Bicycle.m3u8,/Kids_Learn_To_Ride_Bicycle/Kids_Learn_To_Ride_Bicycle.m3u8,jai
e4900b27-06cb-475c-9d55-32878dc8cde4,103_6_Bones_and_Muscles,BabyBillion_Education,"[{""S"":""6+""}]",6d841cca-a54f-451a-90fc-aeffa145e274,https://video.babybillion.in/hls/103_6_Bones_and_Muscles/103_6_Bones_and_Muscles.m3u8,/103_6_Bones_and_Muscles/103_6_Bones_and_Muscles.m3u8,jai
e65727ce-9af6-4f40-8b94-3a2b53e68b59,Subtracting_1-digit_from_2-digit_-_video2,BabyBillion_Education,"[{""S"":""6+""}]",9a5470ca-9377-4780-8e16-07dafe876377,https://video.babybillion.in/hls/Subtracting_1-digit_from_2-digit_-_video2/Subtracting_1-digit_from_2-digit_-_video2.m3u8,/Subtracting_1-digit_from_2-digit_-_video2/Subtracting_1-digit_from_2-digit_-_video2.m3u8,jai
e7dfcbca-0c98-4b6b-a4ea-a9662c4827f7,105_6_Which_is_greater_91_or_19_91_Which_is_greater_81_or_18_81_Which_is_greater_51_or_15_51,BabyBillion_Education,"[{""S"":""6+""}]",9964bf6a-c340-4e3a-b7e6-9f3d435449d3,https://video.babybillion.in/hls/105_6_Which_is_greater_91_or_19_91_Which_is_greater_81_or_18_81_Which_is_greater_51_or_15_51/105_6_Which_is_greater_91_or_19_91_Which_is_greater_81_or_18_81_Which_is_greater_51_or_15_51.m3u8,/105_6_Which_is_greater_91_or_19_91_Which_is_greater_81_or_18_81_Which_is_greater_51_or_15_51/105_6_Which_is_greater_91_or_19_91_Which_is_greater_81_or_18_81_Which_is_greater_51_or_15_51.m3u8,jai
e9046cb8-7047-4667-b2e9-a0e5fba6d701,062_english_speaking_sit_down,BabyBillion_Education,"[{""S"":""3-6""}]",0eba9676-9d93-484f-8938-41e3ab588a7f,https://video.babybillion.in/hls/062_english_speaking_sit_down/062_english_speaking_sit_down.m3u8,/062_english_speaking_sit_down/062_english_speaking_sit_down.m3u8,jai
ebc61886-bc62-443c-8d33-6dda5b643884,Fun_Fitness_Challenges,BabyBillion_Education,"[{""S"":""6+""}]",cf83518a-7e38-483a-9b3e-a943beb08196,https://video.babybillion.in/hls/Fun_Fitness_Challenges/Fun_Fitness_Challenges.m3u8,/Fun_Fitness_Challenges/Fun_Fitness_Challenges.m3u8,jai
eca15313-fb8b-44ec-81fb-4a207b2dfb83,Sight_words_when,BabyBillion_Education,"[{""S"":""3-6""}]",181961d7-b484-40c7-b24c-9b3f335cc424,https://video.babybillion.in/hls/Sight_words_when/Sight_words_when.m3u8,/Sight_words_when/Sight_words_when.m3u8,jai
f043eb40-e6ac-44f9-9c9d-35dceffe3397,Plate_Glass,BabyBillion_Education,"[{""S"":""3-6""}]",aa154d92-77f0-4dd7-9c3f-d7e57bd9baf5,https://video.babybillion.in/hls/Plate_Glass/Plate_Glass.m3u8,/Plate_Glass/Plate_Glass.m3u8,jai
f048bf6f-05f6-4479-87fb-ee70711c0117,007_colors_dark_green,BabyBillion_Education,"[{""S"":""3-6""}]",c23beb7b-23de-440c-9fb1-2990013f11a6,https://video.babybillion.in/hls/007_colors_dark_green/007_colors_dark_green.m3u8,/007_colors_dark_green/007_colors_dark_green.m3u8,jai
f44d142c-4a93-4459-9fb8-64e2b7cddfce,Subtracting_1-digit_from_2-digit_-_video3,BabyBillion_Education,"[{""S"":""6+""}]",9a5470ca-9377-4780-8e16-07dafe876377,https://video.babybillion.in/hls/Subtracting_1-digit_from_2-digit_-_video3/Subtracting_1-digit_from_2-digit_-_video3.m3u8,/Subtracting_1-digit_from_2-digit_-_video3/Subtracting_1-digit_from_2-digit_-_video3.m3u8,jai
f6bd5ca2-a7f0-4ea5-bb01-282b894b8e1d,Ai,BabyBillion_Education,"[{""S"":""3-6""}]",fec06a4b-b277-4fe2-8fff-bb40451bf2d9,https://video.babybillion.in/hls/Ai/Ai.m3u8,/Ai/Ai.m3u8,jai
f7479fe2-58be-433e-b930-51c0a3960105,Space_stations,BabyBillion_Education,"[{""S"":""3-6""}]",b7ef253a-6fb1-4247-ad59-99c4c945c8ec,https://video.babybillion.in/hls/Space_stations/Space_stations.m3u8,/Space_stations/Space_stations.m3u8,jai
f9dd50c9-fbcf-419b-9ed8-2a9abfa64586,Relief,BabyBillion_Education,"[{""S"":""3-6""}]",90ff5296-5b99-4ddf-8bdf-ac55f6f7b6c2,https://video.babybillion.in/hls/Relief/Relief.m3u8,/Relief/Relief.m3u8,jai
fba1f62c-13c8-4051-a1dc-6aee8845019c,Sweet_Shop,BabyBillion_Education,"[{""S"":""0-3""}]",e4dd4a24-f512-4d74-8bad-596b71c5369f,https://video.babybillion.in/hls/Sweet_Shop/Sweet_Shop.m3u8,/Sweet_Shop/Sweet_Shop.m3u8,jai
fd4e1066-1442-4904-993f-2c64f82674b4,055_colors_gold_ring,BabyBillion_Education,"[{""S"":""3-6""}]",c23beb7b-23de-440c-9fb1-2990013f11a6,https://video.babybillion.in/hls/055_colors_gold_ring/055_colors_gold_ring.m3u8,/055_colors_gold_ring/055_colors_gold_ring.m3u8,jai
fd5f03d4-8830-4649-a1f7-2ef8d6534dc6,045_colors_black_shoe,BabyBillion_Education,"[{""S"":""3-6""}]",c23beb7b-23de-440c-9fb1-2990013f11a6,https://video.babybillion.in/hls/045_colors_black_shoe/045_colors_black_shoe.m3u8,/045_colors_black_shoe/045_colors_black_shoe.m3u8,jai
fdd17196-92f9-4188-9c63-e82c84f262f6,Beetle,BabyBillion_Education,"[{""S"":""0-3""}]",40d567cd-95aa-469e-b7a8-da623f2579d8,https://video.babybillion.in/hls/Beetle/Beetle.m3u8,/Beetle/Beetle.m3u8,jai
fe4fa9dc-c9d4-47da-80c4-5ca967879b53,052_community_helpers_barbers_tools_scissors_and_comb,BabyBillion_Education,"[{""S"":""6+""}]",3dc35861-75e5-4d11-a33d-d263d159f041,https://video.babybillion.in/hls/052_community_helpers_barbers_tools_scissors_and_comb/052_community_helpers_barbers_tools_scissors_and_comb.m3u8,/052_community_helpers_barbers_tools_scissors_and_comb/052_community_helpers_barbers_tools_scissors_and_comb.m3u8,jai
fe53cece-48f8-45f8-b1a6-a6471a0ff543,Leg_Knee,BabyBillion_Education,"[{""S"":""3-6""}]",6d841cca-a54f-451a-90fc-aeffa145e274,https://video.babybillion.in/hls/Leg_Knee/Leg_Knee.m3u8,/Leg_Knee/Leg_Knee.m3u8,jai
fec83875-4b27-4004-ab4a-50d85ea3259f,Cuboid_Rectangular_Prism,BabyBillion_Education,"[{""S"":""6+""}]",3579ea01-b32b-40f9-aac1-be5997a17606,https://video.babybillion.in/hls/Cuboid_Rectangular_Prism/Cuboid_Rectangular_Prism.m3u8,/Cuboid_Rectangular_Prism/Cuboid_Rectangular_Prism.m3u8,jai
f5e1af30-fc7d-4941-9f18-3ce3e7c1b1e7,Envy,BabyBillion_Education,"[{""S"":""3-6""}]",90ff5296-5b99-4ddf-8bdf-ac55f6f7b6c2,https://video.babybillion.in/hls/Envy/Envy.m3u8,/Envy/Envy.m3u8,jai 
a67a12c7-c49a-46a7-a77e-45c9d15d0860,Sports_Equipment_and_Their_Uses,BabyBillion_Education,"[{""S"":""6+""}]",cf83518a-7e38-483a-9b3e-a943beb08196,https://video.babybillion.in/hls/Sports_Equipment_and_Their_Uses/Sports_Equipment_and_Their_Uses.m3u8,/Sports_Equipment_and_Their_Uses/Sports_Equipment_and_Their_Uses.m3u8,jai and meera
00880d8b-18cd-4588-a1c0-47c12e716990,052_simple_sentences_i_am_writing,BabyBillion_Education,"[{""S"":""3-6""}]",0eba9676-9d93-484f-8938-41e3ab588a7f,https://video.babybillion.in/hls/052_simple_sentences_i_am_writing/052_simple_sentences_i_am_writing.m3u8,/052_simple_sentences_i_am_writing/052_simple_sentences_i_am_writing.m3u8,jai and priya
f81ad7db-5553-42f6-a4de-b670f59892a2,Fun_Warm-Up_Exercises,BabyBillion_Education,"[{""S"":""6+""}]",cf83518a-7e38-483a-9b3e-a943beb08196,https://video.babybillion.in/hls/Fun_Warm-Up_Exercises/Fun_Warm-Up_Exercises.m3u8,/Fun_Warm-Up_Exercises/Fun_Warm-Up_Exercises.m3u8,jai and priya
2ab44f14-ae78-492d-a511-135a39199f0b,Classification_Mammals,BabyBillion_Education,"[{""S"":""6+""}]",79156051-e033-423a-b7de-a68fe1342a75,https://video.babybillion.in/hls/Classification_Mammals/Classification_Mammals.m3u8,/Classification_Mammals/Classification_Mammals.m3u8,jai and riya
f81d25ac-e149-43dc-b303-ca328f2c3132,026_vehicles_speedboat,BabyBillion_Education,"[{""S"":""0-3""}]",bf9d1fdb-31f8-48e3-9114-9e4e4967617c,https://video.babybillion.in/hls/026_vehicles_speedboat/026_vehicles_speedboat.m3u8,/026_vehicles_speedboat/026_vehicles_speedboat.m3u8,jai and tara
125a9d4f-0afe-4c8d-8fb1-8d77eed16183,040_english_speaking_i_am_excited,BabyBillion_Education,"[{""S"":""3-6""}]",0eba9676-9d93-484f-8938-41e3ab588a7f,https://video.babybillion.in/hls/040_english_speaking_i_am_excited/040_english_speaking_i_am_excited.m3u8,/040_english_speaking_i_am_excited/040_english_speaking_i_am_excited.m3u8,jai and veer
927b0d06-cb3a-4d04-8db8-7a9d05dc2678,Table_Chair,BabyBillion_Education,"[{""S"":""3-6""}]",aa154d92-77f0-4dd7-9c3f-d7e57bd9baf5,https://video.babybillion.in/hls/Table_Chair/Table_Chair.m3u8,/Table_Chair/Table_Chair.m3u8,jai and veer
d04ed85f-034e-44bd-8199-f86bc2891fac,Day-Night,BabyBillion_Education,"[{""S"":""6+""}]",03776bdf-d177-47e6-abe5-d3215a0df920,https://video.babybillion.in/hls/Day-Night/Day-Night.m3u8,/Day-Night/Day-Night.m3u8,jai and veer
872203d2-dd50-451e-aee1-d70b74a9fb3d,003_colors_silver,BabyBillion_Education,"[{""S"":""3-6""}]",c23beb7b-23de-440c-9fb1-2990013f11a6,https://video.babybillion.in/hls/003_colors_silver/003_colors_silver.m3u8,/003_colors_silver/003_colors_silver.m3u8,jai and zoya
eae7d8f4-303a-4558-bd98-2d71853fe437,Laughing,BabyBillion_Education,"[{""S"":""0-3""}]",90ff5296-5b99-4ddf-8bdf-ac55f6f7b6c2,https://video.babybillion.in/hls/Laughing/Laughing.m3u8,/Laughing/Laughing.m3u8,jaia nd veer
02d4773f-3bf2-4a10-bd65-bef5e9fca017,Calmness,BabyBillion_Education,"[{""S"":""3-6""}]",90ff5296-5b99-4ddf-8bdf-ac55f6f7b6c2,https://video.babybillion.in/hls/Calmness/Calmness.m3u8,/Calmness/Calmness.m3u8,Mai
033f4b85-d123-41b4-be1b-ee6504265094,R_for_Rose,BabyBillion_Education,"[{""S"":""0-3""}]",1bf17868-9fb8-419a-b7d7-e9ba3b51a364,https://video.babybillion.in/hls/R_for_Rose/R_for_Rose.m3u8,/R_for_Rose/R_for_Rose.m3u8,Mai
04d35dfc-f300-4265-be35-011aa486e4cd,019_colors_red_strawberry,BabyBillion_Education,"[{""S"":""3-6""}]",c23beb7b-23de-440c-9fb1-2990013f11a6,https://video.babybillion.in/hls/019_colors_red_strawberry/019_colors_red_strawberry.m3u8,/019_colors_red_strawberry/019_colors_red_strawberry.m3u8,Mai
4131683f-fbf8-4a69-b31d-63497823d06b,Afternoon,BabyBillion_Education,"[{""S"":""3-6""}]",61d5066e-0470-45e3-8a5b-54a0703db8c0,https://video.babybillion.in/hls/Afternoon/Afternoon.m3u8,/Afternoon/Afternoon.m3u8,mai
a2b90091-ce1f-4c72-ba6b-67cdf70605b6,In_Out,BabyBillion_Education,"[{""S"":""0-3""}]",03776bdf-d177-47e6-abe5-d3215a0df920,https://video.babybillion.in/hls/In_Out/In_Out.m3u8,/In_Out/In_Out.m3u8,mai
d2381725-4a02-43b2-b05a-3d2dd6a17969,019_cvc_words_pad,BabyBillion_Education,"[{""S"":""3-6""}]",bac6ace6-06bc-4f67-85bb-5f0b144d5a15,https://video.babybillion.in/hls/019_cvc_words_pad/019_cvc_words_pad.m3u8,/019_cvc_words_pad/019_cvc_words_pad.m3u8,mai
00c5299e-5473-4b96-a920-d98c1eece699,All_done,BabyBillion_Education,"[{""S"":""0-3""}]",4e8e2dbf-bad4-4a56-8365-251a1cfc4a10,https://video.babybillion.in/hls/All_done/All_done.m3u8,/All_done/All_done.m3u8,Meera
00c6170c-0161-4122-a883-2904756255cb,Drinking_Water,BabyBillion_Education,"[{""S"":""0-3""}]",06f625da-1202-4c8a-8b16-e624b97476d1,https://video.babybillion.in/hls/Drinking_Water/Drinking_Water.m3u8,/Drinking_Water/Drinking_Water.m3u8,Meera
05bfc9bb-4156-43ad-ad8f-9ec6b757a284,Morning,BabyBillion_Education,"[{""S"":""3-6""}]",b7ef253a-6fb1-4247-ad59-99c4c945c8ec,https://video.babybillion.in/hls/Morning/Morning.m3u8,/Morning/Morning.m3u8,Meera
07716680-a9a5-4c89-bf02-6b1cebf031a0,Violet_Flower,BabyBillion_Education,"[{""S"":""0-3""}]",c23beb7b-23de-440c-9fb1-2990013f11a6,https://video.babybillion.in/hls/Violet_Flower/Violet_Flower.m3u8,/Violet_Flower/Violet_Flower.m3u8,Meera
08e71ab7-7d4f-4eaa-aa19-29cca1669765,Cyclones_Hurricanes,BabyBillion_Education,"[{""S"":""3-6""}]",ed57a6ae-2009-4c19-9800-8826437fde62,https://video.babybillion.in/hls/Cyclones_Hurricanes/Cyclones_Hurricanes.m3u8,/Cyclones_Hurricanes/Cyclones_Hurricanes.m3u8,Meera
0a81b549-f044-43bc-8afa-33cc2266544b,034_simple_sentences_i_see_a_bird,BabyBillion_Education,"[{""S"":""3-6""}]",4c06fdb7-0fe2-4c21-aab0-f80f2fa1f650,https://video.babybillion.in/hls/034_simple_sentences_i_see_a_bird/034_simple_sentences_i_see_a_bird.m3u8,/034_simple_sentences_i_see_a_bird/034_simple_sentences_i_see_a_bird.m3u8,Meera
0bdae2f3-1d0d-4d41-8956-986f78cbab2f,Toes,BabyBillion_Education,"[{""S"":""0-3""}]",6d841cca-a54f-451a-90fc-aeffa145e274,https://video.babybillion.in/hls/Toes/Toes.m3u8,/Toes/Toes.m3u8,Meera
0d1d6aa6-a64b-4037-a815-d59c5ec2c689,001_varnmala_swar_ri_se_rishi,BabyBillion_Education,"[{""S"":""3-6""}]",fec06a4b-b277-4fe2-8fff-bb40451bf2d9,https://video.babybillion.in/hls/001_varnmala_swar_ri_se_rishi/001_varnmala_swar_ri_se_rishi.m3u8,/001_varnmala_swar_ri_se_rishi/001_varnmala_swar_ri_se_rishi.m3u8,meera
0ef1632b-5a59-4667-906c-d2523ed33dbd,Notes_10_20_50_rupees,BabyBillion_Education,"[{""S"":""6+""}]",196088dd-3c9e-4930-8bfb-55110c194c2a,https://video.babybillion.in/hls/Notes_10_20_50_rupees/Notes_10_20_50_rupees.m3u8,/Notes_10_20_50_rupees/Notes_10_20_50_rupees.m3u8,meera
10d70eff-5df6-4009-ae7a-f26ec843937b,Police_Officer,BabyBillion_Education,"[{""S"":""3-6""}]",3dc35861-75e5-4d11-a33d-d263d159f041,https://video.babybillion.in/hls/Police_Officer/Police_Officer.m3u8,/Police_Officer/Police_Officer.m3u8,meera
129cd53d-e5a8-468e-b7ae-a0763af50258,Rabbit,BabyBillion_Education,"[{""S"":""3-6""}]",c06e196f-39fa-4dc0-a9ba-0f036f7bc248,https://video.babybillion.in/hls/Rabbit/Rabbit.m3u8,/Rabbit/Rabbit.m3u8,meera
15cbb02f-7a75-4873-8632-1205ee65317d,Parts_of_a_plant,BabyBillion_Education,"[{""S"":""0-3""}]",b7ef253a-6fb1-4247-ad59-99c4c945c8ec,https://video.babybillion.in/hls/Parts_of_a_plant/Parts_of_a_plant.m3u8,/Parts_of_a_plant/Parts_of_a_plant.m3u8,meera
1710d99a-8bb7-4a64-8d03-87df830e1bce,Rectangle_Door,BabyBillion_Education,"[{""S"":""0-3""}]",da4d2220-056e-483b-9fc0-8451577d4cc9,https://video.babybillion.in/hls/Rectangle_Door/Rectangle_Door.m3u8,/Rectangle_Door/Rectangle_Door.m3u8,meera
17fb8e60-c160-4293-9388-075b83dce758,Roll_a_ball,BabyBillion_Education,"[{""S"":""0-3""}]",6d841cca-a54f-451a-90fc-aeffa145e274,https://video.babybillion.in/hls/Roll_a_ball/Roll_a_ball.m3u8,/Roll_a_ball/Roll_a_ball.m3u8,meera
18ddca1e-3e45-409e-be63-208a90b81ec1,Caterpillar,BabyBillion_Education,"[{""S"":""0-3""}]",40d567cd-95aa-469e-b7a8-da623f2579d8,https://video.babybillion.in/hls/Caterpillar/Caterpillar.m3u8,/Caterpillar/Caterpillar.m3u8,meera
1b98c7e8-5fbc-4ac7-b97b-e6ff02087f7f,Rainy,BabyBillion_Education,"[{""S"":""3-6""}]",ed57a6ae-2009-4c19-9800-8826437fde62,https://video.babybillion.in/hls/Rainy/Rainy.m3u8,/Rainy/Rainy.m3u8,meera
1bba8daf-59ee-46bd-82f9-ce1d4355e791,cvc_words_rag,BabyBillion_Education,"[{""S"":""3-6""}]",bac6ace6-06bc-4f67-85bb-5f0b144d5a15,https://video.babybillion.in/hls/cvc_words_rag/cvc_words_rag.m3u8,/cvc_words_rag/cvc_words_rag.m3u8,meera
1c3f8406-2948-4202-9333-967b82eaca1f,Life_Cycle_of_a_Frog,BabyBillion_Education,"[{""S"":""6+""}]",b7ef253a-6fb1-4247-ad59-99c4c945c8ec,https://video.babybillion.in/hls/Life_Cycle_of_a_Frog/Life_Cycle_of_a_Frog.m3u8,/Life_Cycle_of_a_Frog/Life_Cycle_of_a_Frog.m3u8,meera
1ebe3932-7c20-41ac-af25-79b5717eb7eb,Flamingo,BabyBillion_Education,"[{""S"":""0-3""}]",efdd9da9-9b29-45aa-8bc4-3ddbee54940d,https://video.babybillion.in/hls/Flamingo/Flamingo.m3u8,/Flamingo/Flamingo.m3u8,meera
1fcc085d-8823-4626-a2f0-0276bbb39438,015_phonics_sound_of_x_ks_as_in_box,BabyBillion_Education,"[{""S"":""3-6""}]",b79bd45b-2c9c-4b7d-91a0-07c93a4dbea1,https://video.babybillion.in/hls/015_phonics_sound_of_x_ks_as_in_box/015_phonics_sound_of_x_ks_as_in_box.m3u8,/015_phonics_sound_of_x_ks_as_in_box/015_phonics_sound_of_x_ks_as_in_box.m3u8,meera
2095d4e0-3c24-492e-a8c6-53c2a6bc59d9,abc_capital_R_and_small_r,BabyBillion_Education,"[{""S"":""3-6""}]",1bf17868-9fb8-419a-b7d7-e9ba3b51a364,https://video.babybillion.in/hls/abc_capital_R_and_small_r/abc_capital_R_and_small_r.m3u8,/abc_capital_R_and_small_r/abc_capital_R_and_small_r.m3u8,meera
233b71a4-1790-464f-8875-b8adb1789965,Morning,BabyBillion_Education,"[{""S"":""3-6""}]",61d5066e-0470-45e3-8a5b-54a0703db8c0,https://video.babybillion.in/hls/Morning/Morning.m3u8,/Morning/Morning.m3u8,meera
250a2346-7f1f-4cfc-9d45-7528029c9224,Come,BabyBillion_Education,"[{""S"":""0-3""}]",4e8e2dbf-bad4-4a56-8365-251a1cfc4a10,https://video.babybillion.in/hls/Come/Come.m3u8,/Come/Come.m3u8,meera
25f029aa-1e5e-43b7-8cb3-162f74ea9edd,Rabbit,BabyBillion_Education,"[{""S"":""0-3""}]",79156051-e033-423a-b7de-a68fe1342a75,https://video.babybillion.in/hls/Rabbit/Rabbit.m3u8,/Rabbit/Rabbit.m3u8,meera
27467bab-7bcd-44a1-bc38-fe462528cb33,Cucumber,BabyBillion_Education,"[{""S"":""0-3""}]",c3d15541-8760-45ff-b253-1647ca61bf37,https://video.babybillion.in/hls/Cucumber/Cucumber.m3u8,/Cucumber/Cucumber.m3u8,meera
275f9f41-e0ba-4cec-8356-7c6a16bb257a,Tall_-_Short,BabyBillion_Education,"[{""S"":""6+""}]",03776bdf-d177-47e6-abe5-d3215a0df920,https://video.babybillion.in/hls/Tall_-_Short/Tall_-_Short.m3u8,/Tall_-_Short/Tall_-_Short.m3u8,meera
2c3a0f94-9cc7-43c2-a79b-d9432427323b,Sapling,BabyBillion_Education,"[{""S"":""0-3""}]",f476a63c-f5d0-4454-afee-eb96182ff983,https://video.babybillion.in/hls/Sapling/Sapling.m3u8,/Sapling/Sapling.m3u8,meera
2ea46940-6696-4cc3-aa0b-c22396546357,Den_Hen,BabyBillion_Education,"[{""S"":""3-6""}]",bac6ace6-06bc-4f67-85bb-5f0b144d5a15,https://video.babybillion.in/hls/Den_Hen/Den_Hen.m3u8,/Den_Hen/Den_Hen.m3u8,meera
2f97b76e-9c23-48f6-b785-1c6ea3015f63,Sportsmanship_and_Kindness,BabyBillion_Education,"[{""S"":""6+""}]",cf83518a-7e38-483a-9b3e-a943beb08196,https://video.babybillion.in/hls/Sportsmanship_and_Kindness/Sportsmanship_and_Kindness.m3u8,/Sportsmanship_and_Kindness/Sportsmanship_and_Kindness.m3u8,meera
31c9ea6f-730e-4043-b8e9-a0bfbcbfd950,Rectangel,BabyBillion_Education,"[{""S"":""3-6""}]",da4d2220-056e-483b-9fc0-8451577d4cc9,https://video.babybillion.in/hls/Rectangel/Rectangel.m3u8,/Rectangel/Rectangel.m3u8,meera
32a01aae-0ff9-499e-983c-41951c361ccf,Mynah,BabyBillion_Education,"[{""S"":""0-3""}]",efdd9da9-9b29-45aa-8bc4-3ddbee54940d,https://video.babybillion.in/hls/Mynah/Mynah.m3u8,/Mynah/Mynah.m3u8,meera
33e73afd-f85f-49b7-8770-a9bee55d7d86,044_simple_sentences_it_is_night_time,BabyBillion_Education,"[{""S"":""3-6""}]",0eba9676-9d93-484f-8938-41e3ab588a7f,https://video.babybillion.in/hls/044_simple_sentences_it_is_night_time/044_simple_sentences_it_is_night_time.m3u8,/044_simple_sentences_it_is_night_time/044_simple_sentences_it_is_night_time.m3u8,meera
38d07089-086c-4ef6-b226-dd292128237f,Ice_cream_parlor,BabyBillion_Education,"[{""S"":""0-3""}]",e4dd4a24-f512-4d74-8bad-596b71c5369f,https://video.babybillion.in/hls/Ice_cream_parlor/Ice_cream_parlor.m3u8,/Ice_cream_parlor/Ice_cream_parlor.m3u8,meera
38e53012-5d12-456e-b31c-bde7d4c9e2d8,Coriander_Dhaniya,BabyBillion_Education,"[{""S"":""0-3""}]",c3d15541-8760-45ff-b253-1647ca61bf37,https://video.babybillion.in/hls/Coriander_Dhaniya/Coriander_Dhaniya.m3u8,/Coriander_Dhaniya/Coriander_Dhaniya.m3u8,meera
3c39dc8f-acb1-45f1-b56f-a3cbf04deb09,Sports_I_Can_Play_at_Home,BabyBillion_Education,"[{""S"":""6+""}]",cf83518a-7e38-483a-9b3e-a943beb08196,https://video.babybillion.in/hls/Sports_I_Can_Play_at_Home/Sports_I_Can_Play_at_Home.m3u8,/Sports_I_Can_Play_at_Home/Sports_I_Can_Play_at_Home.m3u8,meera
3fd1199b-9ec7-4da2-9bab-7f2eea6312b4,Teeth_Daant,BabyBillion_Education,"[{""S"":""0-3""}]",6d841cca-a54f-451a-90fc-aeffa145e274,https://video.babybillion.in/hls/Teeth_Daant/Teeth_Daant.m3u8,/Teeth_Daant/Teeth_Daant.m3u8,meera
4048083f-496b-46c7-a745-56517874cb41,Living_vs_Non-Living_Things,BabyBillion_Education,"[{""S"":""6+""}]",b7ef253a-6fb1-4247-ad59-99c4c945c8ec,https://video.babybillion.in/hls/Living_vs_Non-Living_Things/Living_vs_Non-Living_Things.m3u8,/Living_vs_Non-Living_Things/Living_vs_Non-Living_Things.m3u8,meera
4115b953-e578-4576-82a5-5d700703cab2,018_english_speaking_i_am_the_younger_one,BabyBillion_Education,"[{""S"":""3-6""}]",0eba9676-9d93-484f-8938-41e3ab588a7f,https://video.babybillion.in/hls/018_english_speaking_i_am_the_younger_one/018_english_speaking_i_am_the_younger_one.m3u8,/018_english_speaking_i_am_the_younger_one/018_english_speaking_i_am_the_younger_one.m3u8,meera
420be597-8635-43ea-a697-a628ea5c807c,028_good_habits_saying_namaste_to_elders,BabyBillion_Education,"[{""S"":""3-6""}]",06f625da-1202-4c8a-8b16-e624b97476d1,https://video.babybillion.in/hls/028_good_habits_saying_namaste_to_elders/028_good_habits_saying_namaste_to_elders.m3u8,/028_good_habits_saying_namaste_to_elders/028_good_habits_saying_namaste_to_elders.m3u8,meera
45fc1a79-976f-4518-b6d7-6a7addd8e281,Gentle,BabyBillion_Education,"[{""S"":""3-6""}]",90ff5296-5b99-4ddf-8bdf-ac55f6f7b6c2,https://video.babybillion.in/hls/Gentle/Gentle.m3u8,/Gentle/Gentle.m3u8,meera
4a4a9e13-8ccc-4156-947c-91782c85c13b,Number_5,BabyBillion_Education,"[{""S"":""3-6""}]",96c17b79-8401-4494-9e78-28c683d600c0,https://video.babybillion.in/hls/Number_5/Number_5.m3u8,/Number_5/Number_5.m3u8,meera
4a57aa40-ef41-44e5-b119-cb704dc7a05a,053_simple_sentences_i_am_singing,BabyBillion_Education,"[{""S"":""3-6""}]",0eba9676-9d93-484f-8938-41e3ab588a7f,https://video.babybillion.in/hls/053_simple_sentences_i_am_singing/053_simple_sentences_i_am_singing.m3u8,/053_simple_sentences_i_am_singing/053_simple_sentences_i_am_singing.m3u8,meera
4bcefaad-5517-4324-9429-76b1c371ec96,Rivers,BabyBillion_Education,"[{""S"":""3-6""}]",b7ef253a-6fb1-4247-ad59-99c4c945c8ec,https://video.babybillion.in/hls/Rivers/Rivers.m3u8,/Rivers/Rivers.m3u8,meera
4d8104e2-8f93-44d2-8608-3185d1c29cc7,Day_and_Night,BabyBillion_Education,"[{""S"":""3-6""}]",b7ef253a-6fb1-4247-ad59-99c4c945c8ec,https://video.babybillion.in/hls/Day_and_Night/Day_and_Night.m3u8,/Day_and_Night/Day_and_Night.m3u8,meera
4e2084e5-9f60-4dd3-bf90-90145c85ea8c,Stay_away_from_kitchen_while_cooking_is_happening,BabyBillion_Education,"[{""S"":""3-6""}]",c3533a50-aeac-4a7c-9f5c-e82d64be5e32,https://video.babybillion.in/hls/Stay_away_from_kitchen_while_cooking_is_happening/Stay_away_from_kitchen_while_cooking_is_happening.m3u8,/Stay_away_from_kitchen_while_cooking_is_happening/Stay_away_from_kitchen_while_cooking_is_happening.m3u8,meera
4f392758-c02e-40a0-81dd-103725f16daf,006_abc_letter_p_pen_parrot,BabyBillion_Education,"[{""S"":""3-6""}]",1bf17868-9fb8-419a-b7d7-e9ba3b51a364,https://video.babybillion.in/hls/006_abc_letter_p_pen_parrot/006_abc_letter_p_pen_parrot.m3u8,/006_abc_letter_p_pen_parrot/006_abc_letter_p_pen_parrot.m3u8,meera
51d90f3b-e400-4b73-b896-8d3a6af4fe53,069_cvc_words_sip,BabyBillion_Education,"[{""S"":""3-6""}]",bac6ace6-06bc-4f67-85bb-5f0b144d5a15,https://video.babybillion.in/hls/069_cvc_words_sip/069_cvc_words_sip.m3u8,/069_cvc_words_sip/069_cvc_words_sip.m3u8,meera
51f04c3d-dcd7-4065-95d2-0735cdf493a2,Cvc_words_leg,BabyBillion_Education,"[{""S"":""3-6""}]",bac6ace6-06bc-4f67-85bb-5f0b144d5a15,https://video.babybillion.in/hls/Cvc_words_leg/Cvc_words_leg.m3u8,/Cvc_words_leg/Cvc_words_leg.m3u8,meera
5471e9a5-d644-469d-9bbf-9635005e1672,Postman,BabyBillion_Education,"[{""S"":""3-6""}]",3dc35861-75e5-4d11-a33d-d263d159f041,https://video.babybillion.in/hls/Postman/Postman.m3u8,/Postman/Postman.m3u8,meera
561b54cf-49cd-4dc0-8f6a-9f9c23bacb4d,Big_vs_Small_Objects,BabyBillion_Education,"[{""S"":""3-6""}]",9964bf6a-c340-4e3a-b7e6-9f3d435449d3,https://video.babybillion.in/hls/Big_vs_Small_Objects/Big_vs_Small_Objects.m3u8,/Big_vs_Small_Objects/Big_vs_Small_Objects.m3u8,meera
565e145e-f242-4c18-bae3-6c8201f15083,005_varnmala_vyanjan_gha_se_ghar,BabyBillion_Education,"[{""S"":""3-6""}]",fec06a4b-b277-4fe2-8fff-bb40451bf2d9,https://video.babybillion.in/hls/005_varnmala_vyanjan_gha_se_ghar/005_varnmala_vyanjan_gha_se_ghar.m3u8,/005_varnmala_vyanjan_gha_se_ghar/005_varnmala_vyanjan_gha_se_ghar.m3u8,meera
577f5b1e-20b4-4cd4-80eb-8bc897724d07,Sphere_Ball,BabyBillion_Education,"[{""S"":""0-3""}]",3579ea01-b32b-40f9-aac1-be5997a17606,https://video.babybillion.in/hls/Sphere_Ball/Sphere_Ball.m3u8,/Sphere_Ball/Sphere_Ball.m3u8,meera
57d58008-cd11-4651-b3aa-60af1ca160dd,Domestic_Animals,BabyBillion_Education,"[{""S"":""6+""}]",79156051-e033-423a-b7de-a68fe1342a75,https://video.babybillion.in/hls/Domestic_Animals/Domestic_Animals.m3u8,/Domestic_Animals/Domestic_Animals.m3u8,meera
58f9beec-c7b9-404a-bc70-f185376bbe05,Cvc_words_beg,BabyBillion_Education,"[{""S"":""3-6""}]",bac6ace6-06bc-4f67-85bb-5f0b144d5a15,https://video.babybillion.in/hls/Cvc_words_beg/Cvc_words_beg.m3u8,/Cvc_words_beg/Cvc_words_beg.m3u8,meera
596e4371-8b3b-4349-a74a-b088105e9baa,Common_Foods-_Khichdi,BabyBillion_Education,"[{""S"":""3-6""}]",2754f754-bfaf-4810-9852-60d5960a7a74,https://video.babybillion.in/hls/Common_Foods-_Khichdi/Common_Foods-_Khichdi.m3u8,/Common_Foods-_Khichdi/Common_Foods-_Khichdi.m3u8,meera
59c31271-336a-4c8c-91bc-cd048fd46c38,Living_vs_Non-Living_Things,BabyBillion_Education,"[{""S"":""6+""}]",b7ef253a-6fb1-4247-ad59-99c4c945c8ec,https://video.babybillion.in/hls/Living_vs_Non-Living_Things/Living_vs_Non-Living_Things.m3u8,/Living_vs_Non-Living_Things/Living_vs_Non-Living_Things.m3u8,meera
5b693b85-35cc-42c8-b9b1-7ae3f4dc0728,020_colors_red_hibiscus,BabyBillion_Education,"[{""S"":""3-6""}]",c23beb7b-23de-440c-9fb1-2990013f11a6,https://video.babybillion.in/hls/020_colors_red_hibiscus/020_colors_red_hibiscus.m3u8,/020_colors_red_hibiscus/020_colors_red_hibiscus.m3u8,meera
5bb75aa0-dc87-487f-b000-d578ea511c97,Ee,BabyBillion_Education,"[{""S"":""3-6""}]",fec06a4b-b277-4fe2-8fff-bb40451bf2d9,https://video.babybillion.in/hls/Ee/Ee.m3u8,/Ee/Ee.m3u8,meera
5c859ef4-750a-44a7-9a9c-db9dccf62d1d,008_abc_letter_r_rat_rose,BabyBillion_Education,"[{""S"":""3-6""}]",1bf17868-9fb8-419a-b7d7-e9ba3b51a364,https://video.babybillion.in/hls/008_abc_letter_r_rat_rose/008_abc_letter_r_rat_rose.m3u8,/008_abc_letter_r_rat_rose/008_abc_letter_r_rat_rose.m3u8,meera
5cdd9cd4-8548-4968-bae0-6944dedec486,029_colors_blue_blueberry,BabyBillion_Education,"[{""S"":""0-3""}]",c23beb7b-23de-440c-9fb1-2990013f11a6,https://video.babybillion.in/hls/029_colors_blue_blueberry/029_colors_blue_blueberry.m3u8,/029_colors_blue_blueberry/029_colors_blue_blueberry.m3u8,meera
5d3c6d42-cbb9-470a-8045-9e077402270b,Rectangel,BabyBillion_Education,"[{""S"":""3-6""}]",da4d2220-056e-483b-9fc0-8451577d4cc9,https://video.babybillion.in/hls/Rectangel/Rectangel.m3u8,/Rectangel/Rectangel.m3u8,meera
5e36a087-5ad9-45c4-ba77-689da61190ab,Camel,BabyBillion_Education,"[{""S"":""0-3""}]",79156051-e033-423a-b7de-a68fe1342a75,https://video.babybillion.in/hls/Camel/Camel.m3u8,/Camel/Camel.m3u8,meera
5f4e9722-d248-4da8-8dbb-3be0af31444d,Things_that_move_in_wind,BabyBillion_Education,"[{""S"":""3-6""}]",b7ef253a-6fb1-4247-ad59-99c4c945c8ec,https://video.babybillion.in/hls/Things_that_move_in_wind/Things_that_move_in_wind.m3u8,/Things_that_move_in_wind/Things_that_move_in_wind.m3u8,meera
5fc9effc-5082-472d-8f72-8f845d7a8368,Not_Wasting_Food,BabyBillion_Education,"[{""S"":""3-6""}]",06f625da-1202-4c8a-8b16-e624b97476d1,https://video.babybillion.in/hls/Not_Wasting_Food/Not_Wasting_Food.m3u8,/Not_Wasting_Food/Not_Wasting_Food.m3u8,meera
6238c4a0-2a96-4d96-8062-1dbe130b6035,Feeling_Disappointed,BabyBillion_Education,"[{""S"":""6+""}]",90ff5296-5b99-4ddf-8bdf-ac55f6f7b6c2,https://video.babybillion.in/hls/Feeling_Disappointed/Feeling_Disappointed.m3u8,/Feeling_Disappointed/Feeling_Disappointed.m3u8,meera
6452f0ca-f0d1-4eb6-b774-2fc88d6d2122,030_abc_capital_n_and_small_n,BabyBillion_Education,"[{""S"":""0-3""}]",1bf17868-9fb8-419a-b7d7-e9ba3b51a364,https://video.babybillion.in/hls/030_abc_capital_n_and_small_n/030_abc_capital_n_and_small_n.m3u8,/030_abc_capital_n_and_small_n/030_abc_capital_n_and_small_n.m3u8,meera
64b6df06-3e7d-4996-84bf-e0b0a6d42ac8,Camel,BabyBillion_Education,"[{""S"":""3-6""}]",c1f0397a-0732-418a-b6e4-50081b10219c,https://video.babybillion.in/hls/Camel/Camel.m3u8,/Camel/Camel.m3u8,meera
6bdea936-c6fa-4e3f-b74c-4eb3451ea4e5,Brain,BabyBillion_Education,"[{""S"":""3-6""}]",6d841cca-a54f-451a-90fc-aeffa145e274,https://video.babybillion.in/hls/Brain/Brain.m3u8,/Brain/Brain.m3u8,meera
6fc83060-5b41-48ef-b5fa-1f406e3afcb9,In,BabyBillion_Education,"[{""S"":""3-6""}]",181961d7-b484-40c7-b24c-9b3f335cc424,https://video.babybillion.in/hls/In/In.m3u8,/In/In.m3u8,meera
7389505b-b1db-488f-8e87-7963c6c61215,Father_Papa,BabyBillion_Education,"[{""S"":""0-3""}]",24429faf-f706-4456-a1a0-d8b55cc55f9d,https://video.babybillion.in/hls/Father_Papa/Father_Papa.m3u8,/Father_Papa/Father_Papa.m3u8,meera
765d6196-7332-48d2-a508-27a794ba0b4a,Camel,BabyBillion_Education,"[{""S"":""3-6""}]",79156051-e033-423a-b7de-a68fe1342a75,https://video.babybillion.in/hls/Camel/Camel.m3u8,/Camel/Camel.m3u8,meera
76c1f9ab-086d-4c22-9fb2-4324dec9ce7c,Ginger_Adrak,BabyBillion_Education,"[{""S"":""0-3""}]",c3d15541-8760-45ff-b253-1647ca61bf37,https://video.babybillion.in/hls/Ginger_Adrak/Ginger_Adrak.m3u8,/Ginger_Adrak/Ginger_Adrak.m3u8,meera
79f8a90f-0be5-4554-a7f4-ea511dc91245,Turkey,BabyBillion_Education,"[{""S"":""0-3""}]",efdd9da9-9b29-45aa-8bc4-3ddbee54940d,https://video.babybillion.in/hls/Turkey/Turkey.m3u8,/Turkey/Turkey.m3u8,meera
7bcac47d-365e-4c7c-a21b-4bba264ee74e,Hexagon,BabyBillion_Education,"[{""S"":""3-6""}]",da4d2220-056e-483b-9fc0-8451577d4cc9,https://video.babybillion.in/hls/Hexagon/Hexagon.m3u8,/Hexagon/Hexagon.m3u8,meera
7d3bfbd7-58d1-4958-9240-30ec8a4a9a00,Mango,BabyBillion_Education,"[{""S"":""0-3""}]",2c830c25-38e8-4d38-a3c3-cc9a3ff96b5f,https://video.babybillion.in/hls/Mango/Mango.m3u8,/Mango/Mango.m3u8,meera
81bd016d-98f4-4661-ab91-1175fe0c8f6a,Tall_-_Short,BabyBillion_Education,"[{""S"":""6+""}]",03776bdf-d177-47e6-abe5-d3215a0df920,https://video.babybillion.in/hls/Tall_-_Short/Tall_-_Short.m3u8,/Tall_-_Short/Tall_-_Short.m3u8,meera
82c3dc46-3983-44dd-8a4b-d71ab1e24d6b,Mushroom,BabyBillion_Education,"[{""S"":""0-3""}]",c3d15541-8760-45ff-b253-1647ca61bf37,https://video.babybillion.in/hls/Mushroom/Mushroom.m3u8,/Mushroom/Mushroom.m3u8,meera
8489fe32-8dd8-46a7-86fd-7d98c7dc8657,009_good_habits_using_a_tissue,BabyBillion_Education,"[{""S"":""3-6""}]",06f625da-1202-4c8a-8b16-e624b97476d1,https://video.babybillion.in/hls/009_good_habits_using_a_tissue/009_good_habits_using_a_tissue.m3u8,/009_good_habits_using_a_tissue/009_good_habits_using_a_tissue.m3u8,meera
84c8f51a-b242-4b8c-971f-1497462a5b58,Bus_Driver,BabyBillion_Education,"[{""S"":""0-3""}]",18ae1c51-e0c5-4df1-94f6-30f5e6732dd3,https://video.babybillion.in/hls/Bus_Driver/Bus_Driver.m3u8,/Bus_Driver/Bus_Driver.m3u8,meera
85e06db8-11de-4d7c-9784-345c3a1a6491,Police_Officer,BabyBillion_Education,"[{""S"":""0-3""}]",18ae1c51-e0c5-4df1-94f6-30f5e6732dd3,https://video.babybillion.in/hls/Police_Officer/Police_Officer.m3u8,/Police_Officer/Police_Officer.m3u8,meera
89cac7e9-a61e-4f62-8d48-d5f6bcf41f1b,Library,BabyBillion_Education,"[{""S"":""0-3""}]",e4dd4a24-f512-4d74-8bad-596b71c5369f,https://video.babybillion.in/hls/Library/Library.m3u8,/Library/Library.m3u8,meera
8a79664f-5f35-4052-bac2-3e24c5d6bc92,Shoulders_Kandha,BabyBillion_Education,"[{""S"":""0-3""}]",6d841cca-a54f-451a-90fc-aeffa145e274,https://video.babybillion.in/hls/Shoulders_Kandha/Shoulders_Kandha.m3u8,/Shoulders_Kandha/Shoulders_Kandha.m3u8,meera
8bf9978b-326b-412b-9c94-866d7c8940f1,024_colors_yellow_lemon,BabyBillion_Education,"[{""S"":""3-6""}]",c23beb7b-23de-440c-9fb1-2990013f11a6,https://video.babybillion.in/hls/024_colors_yellow_lemon/024_colors_yellow_lemon.m3u8,/024_colors_yellow_lemon/024_colors_yellow_lemon.m3u8,meera
8c638e56-f58e-439e-8f23-083cff519fcd,Parts_of_a_plant,BabyBillion_Education,"[{""S"":""0-3""}]",f476a63c-f5d0-4454-afee-eb96182ff983,https://video.babybillion.in/hls/Parts_of_a_plant/Parts_of_a_plant.m3u8,/Parts_of_a_plant/Parts_of_a_plant.m3u8,meera
8e3f066f-939c-43f9-af5a-1399243571e0,Arm_Elbow,BabyBillion_Education,"[{""S"":""3-6""}]",6d841cca-a54f-451a-90fc-aeffa145e274,https://video.babybillion.in/hls/Arm_Elbow/Arm_Elbow.m3u8,/Arm_Elbow/Arm_Elbow.m3u8,meera
91e9b3c9-24cb-4c4b-aca0-c8941176bd06,Police_Officer,BabyBillion_Education,"[{""S"":""0-3""}]",18ae1c51-e0c5-4df1-94f6-30f5e6732dd3,https://video.babybillion.in/hls/Police_Officer/Police_Officer.m3u8,/Police_Officer/Police_Officer.m3u8,meera
93f898e2-36d0-45fb-b70e-4840cf72269e,033_phonics_blending_d_o_g_equals_dog,BabyBillion_Education,"[{""S"":""3-6""}]",b79bd45b-2c9c-4b7d-91a0-07c93a4dbea1,https://video.babybillion.in/hls/033_phonics_blending_d_o_g_equals_dog/033_phonics_blending_d_o_g_equals_dog.m3u8,/033_phonics_blending_d_o_g_equals_dog/033_phonics_blending_d_o_g_equals_dog.m3u8,meera
95408265-7935-4dfa-9ec8-32fa74e82d0a,Father_Papa,BabyBillion_Education,"[{""S"":""0-3""}]",24429faf-f706-4456-a1a0-d8b55cc55f9d,https://video.babybillion.in/hls/Father_Papa/Father_Papa.m3u8,/Father_Papa/Father_Papa.m3u8,meera
96ebb2cd-baf0-44ce-9b07-08980825a81c,002_greater_lesser_big_ball_vs_small_ball,BabyBillion_Education,"[{""S"":""3-6""}]",9964bf6a-c340-4e3a-b7e6-9f3d435449d3,https://video.babybillion.in/hls/002_greater_lesser_big_ball_vs_small_ball/002_greater_lesser_big_ball_vs_small_ball.m3u8,/002_greater_lesser_big_ball_vs_small_ball/002_greater_lesser_big_ball_vs_small_ball.m3u8,meera
9a98ac52-c96c-4a5a-bbd0-0f4cb73ec7ef,Camel,BabyBillion_Education,"[{""S"":""3-6""}]",c06e196f-39fa-4dc0-a9ba-0f036f7bc248,https://video.babybillion.in/hls/Camel/Camel.m3u8,/Camel/Camel.m3u8,meera
9dd577d6-d74a-49d8-86b6-cdd45552b7e0,Indian_Currency_Rupee_symbol,BabyBillion_Education,"[{""S"":""6+""}]",196088dd-3c9e-4930-8bfb-55110c194c2a,https://video.babybillion.in/hls/Indian_Currency_Rupee_symbol/Indian_Currency_Rupee_symbol.m3u8,/Indian_Currency_Rupee_symbol/Indian_Currency_Rupee_symbol.m3u8,meera
9e10405c-4566-4777-bec9-f8fb8492d776,Red,BabyBillion_Education,"[{""S"":""0-3""}]",c23beb7b-23de-440c-9fb1-2990013f11a6,https://video.babybillion.in/hls/Red/Red.m3u8,/Red/Red.m3u8,meera
9edbe5c8-24e1-41ec-9cc4-e14b26df92b1,Jao,BabyBillion_Education,"[{""S"":""0-3""}]",de5577e3-4806-4284-9cab-9e7ecf907095,https://video.babybillion.in/hls/Jao/Jao.m3u8,/Jao/Jao.m3u8,meera
9f3b4dad-b38f-4a83-9c14-446711dafb2c,032_sight_words_that,BabyBillion_Education,"[{""S"":""3-6""}]",181961d7-b484-40c7-b24c-9b3f335cc424,https://video.babybillion.in/hls/032_sight_words_that/032_sight_words_that.m3u8,/032_sight_words_that/032_sight_words_that.m3u8,meera
9fcf5138-357e-446f-a82e-ae9b51c0dc0d,Sound_of_I_i,BabyBillion_Education,"[{""S"":""3-6""}]",b79bd45b-2c9c-4b7d-91a0-07c93a4dbea1,https://video.babybillion.in/hls/Sound_of_I_i/Sound_of_I_i.m3u8,/Sound_of_I_i/Sound_of_I_i.m3u8,meera
a22a2178-9007-4dee-abea-6d045116c41c,Things_I_Do_with_My_Family,BabyBillion_Education,"[{""S"":""3-6""}]",24429faf-f706-4456-a1a0-d8b55cc55f9d,https://video.babybillion.in/hls/Things_I_Do_with_My_Family/Things_I_Do_with_My_Family.m3u8,/Things_I_Do_with_My_Family/Things_I_Do_with_My_Family.m3u8,meera
a52ea5d4-6aea-4214-8642-e95b7e71ce6f,Jao,BabyBillion_Education,"[{""S"":""0-3""}]",de5577e3-4806-4284-9cab-9e7ecf907095,https://video.babybillion.in/hls/Jao/Jao.m3u8,/Jao/Jao.m3u8,meera
a6c71696-b6c6-4038-bdbc-ee73507cd348,Rabbit,BabyBillion_Education,"[{""S"":""3-6""}]",79156051-e033-423a-b7de-a68fe1342a75,https://video.babybillion.in/hls/Rabbit/Rabbit.m3u8,/Rabbit/Rabbit.m3u8,meera
a8e06386-ed7d-4d32-9551-d55681ebdbea,Market_Bazaar,BabyBillion_Education,"[{""S"":""0-3""}]",e4dd4a24-f512-4d74-8bad-596b71c5369f,https://video.babybillion.in/hls/Market_Bazaar/Market_Bazaar.m3u8,/Market_Bazaar/Market_Bazaar.m3u8,meera
ab03955c-c237-4ae2-8842-560531dc5414,Broom_Jhadu,BabyBillion_Education,"[{""S"":""0-3""}]",aa154d92-77f0-4dd7-9c3f-d7e57bd9baf5,https://video.babybillion.in/hls/Broom_Jhadu/Broom_Jhadu.m3u8,/Broom_Jhadu/Broom_Jhadu.m3u8,meera
ac5ed329-3ba5-46e4-b0fd-171492777a3f,Police_Officer,BabyBillion_Education,"[{""S"":""3-6""}]",3dc35861-75e5-4d11-a33d-d263d159f041,https://video.babybillion.in/hls/Police_Officer/Police_Officer.m3u8,/Police_Officer/Police_Officer.m3u8,meera
b253ac03-6cca-4590-a5fc-76ea47a8136b,Vegetables_Used_in_Soup_Carrot_Tomato_Cabbage_Corn,BabyBillion_Education,"[{""S"":""3-6""}]",c3d15541-8760-45ff-b253-1647ca61bf37,https://video.babybillion.in/hls/Vegetables_Used_in_Soup_Carrot_Tomato_Cabbage_Corn/Vegetables_Used_in_Soup_Carrot_Tomato_Cabbage_Corn.m3u8,/Vegetables_Used_in_Soup_Carrot_Tomato_Cabbage_Corn/Vegetables_Used_in_Soup_Carrot_Tomato_Cabbage_Corn.m3u8,meera
b4904281-7fd7-4c50-a871-112202672261,036_colors_orange_pumpkin,BabyBillion_Education,"[{""S"":""3-6""}]",c23beb7b-23de-440c-9fb1-2990013f11a6,https://video.babybillion.in/hls/036_colors_orange_pumpkin/036_colors_orange_pumpkin.m3u8,/036_colors_orange_pumpkin/036_colors_orange_pumpkin.m3u8,meera
b4e6584a-b4ee-4955-9ee1-5ebdc5063e79,Lady_Finger,BabyBillion_Education,"[{""S"":""0-3""}]",c3d15541-8760-45ff-b253-1647ca61bf37,https://video.babybillion.in/hls/Lady_Finger/Lady_Finger.m3u8,/Lady_Finger/Lady_Finger.m3u8,meera
b54bcf6f-eda2-4912-9b64-15a8f8f634c0,Coconut,BabyBillion_Education,"[{""S"":""0-3""}]",2c830c25-38e8-4d38-a3c3-cc9a3ff96b5f,https://video.babybillion.in/hls/Coconut/Coconut.m3u8,/Coconut/Coconut.m3u8,meera
b893160b-bff6-48a2-a779-bc145cff5b8e,Potato,BabyBillion_Education,"[{""S"":""0-3""}]",c3d15541-8760-45ff-b253-1647ca61bf37,https://video.babybillion.in/hls/Potato/Potato.m3u8,/Potato/Potato.m3u8,meera
ba146e70-4e8d-46c1-b1b8-4cf41adcbff2,016_abc_letter_z_zebra_zoo,BabyBillion_Education,"[{""S"":""3-6""}]",1bf17868-9fb8-419a-b7d7-e9ba3b51a364,https://video.babybillion.in/hls/016_abc_letter_z_zebra_zoo/016_abc_letter_z_zebra_zoo.m3u8,/016_abc_letter_z_zebra_zoo/016_abc_letter_z_zebra_zoo.m3u8,meera
bed76d90-bb22-440c-83c5-71627f6f8e0f,Sphere,BabyBillion_Education,"[{""S"":""6+""}]",3579ea01-b32b-40f9-aac1-be5997a17606,https://video.babybillion.in/hls/Sphere/Sphere.m3u8,/Sphere/Sphere.m3u8,meera
c20588c1-058e-4008-bca5-c8a698b88014,112_6_Teeth_Care_and_Oral_Health,BabyBillion_Education,"[{""S"":""6+""}]",6d841cca-a54f-451a-90fc-aeffa145e274,https://video.babybillion.in/hls/112_6_Teeth_Care_and_Oral_Health/112_6_Teeth_Care_and_Oral_Health.m3u8,/112_6_Teeth_Care_and_Oral_Health/112_6_Teeth_Care_and_Oral_Health.m3u8,meera
c319c9cb-26bc-4ea8-a571-194d4802b4f2,011_varnmala_vyanjan_tha_hard_se_thali,BabyBillion_Education,"[{""S"":""3-6""}]",fec06a4b-b277-4fe2-8fff-bb40451bf2d9,https://video.babybillion.in/hls/011_varnmala_vyanjan_tha_hard_se_thali/011_varnmala_vyanjan_tha_hard_se_thali.m3u8,/011_varnmala_vyanjan_tha_hard_se_thali/011_varnmala_vyanjan_tha_hard_se_thali.m3u8,meera
c4c0689d-2ce3-4325-b63b-10536bc2f2f7,044_simple_sentences_it_is_night_time,BabyBillion_Education,"[{""S"":""3-6""}]",4c06fdb7-0fe2-4c21-aab0-f80f2fa1f650,https://video.babybillion.in/hls/044_simple_sentences_it_is_night_time/044_simple_sentences_it_is_night_time.m3u8,/044_simple_sentences_it_is_night_time/044_simple_sentences_it_is_night_time.m3u8,meera
c583b35d-fafe-428b-8241-e42b28b27820,Pear_Nashpati,BabyBillion_Education,"[{""S"":""0-3""}]",2c830c25-38e8-4d38-a3c3-cc9a3ff96b5f,https://video.babybillion.in/hls/Pear_Nashpati/Pear_Nashpati.m3u8,/Pear_Nashpati/Pear_Nashpati.m3u8,meera
c7a10fbc-1398-401a-9779-80e44894286e,Peacock,BabyBillion_Education,"[{""S"":""0-3""}]",efdd9da9-9b29-45aa-8bc4-3ddbee54940d,https://video.babybillion.in/hls/Peacock/Peacock.m3u8,/Peacock/Peacock.m3u8,meera
cfad1086-7461-4ffe-bfd1-6c9671313684,Sight_words_who,BabyBillion_Education,"[{""S"":""3-6""}]",181961d7-b484-40c7-b24c-9b3f335cc424,https://video.babybillion.in/hls/Sight_words_who/Sight_words_who.m3u8,/Sight_words_who/Sight_words_who.m3u8,meera
d4c8b34b-221e-4bb5-890b-2bb232c28ee6,Venus,BabyBillion_Education,"[{""S"":""3-6""}]",b7ef253a-6fb1-4247-ad59-99c4c945c8ec,https://video.babybillion.in/hls/Venus/Venus.m3u8,/Venus/Venus.m3u8,meera
d598cb49-a1ad-4077-9207-ab4f0b812091,004_abc_letter_n_nose_nest,BabyBillion_Education,"[{""S"":""3-6""}]",1bf17868-9fb8-419a-b7d7-e9ba3b51a364,https://video.babybillion.in/hls/004_abc_letter_n_nose_nest/004_abc_letter_n_nose_nest.m3u8,/004_abc_letter_n_nose_nest/004_abc_letter_n_nose_nest.m3u8,meera
d77ba43f-186c-4440-a4e0-033aa29451d2,Gulab_Jamun_Ice_Cream,BabyBillion_Education,"[{""S"":""3-6""}]",5bc39ba0-a18b-42a9-9176-736112991697,https://video.babybillion.in/hls/Gulab_Jamun_Ice_Cream/Gulab_Jamun_Ice_Cream.m3u8,/Gulab_Jamun_Ice_Cream/Gulab_Jamun_Ice_Cream.m3u8,meera
dc36129c-e2ba-47af-b47f-ea73bf01fb57,Individual_Sports_vs_Team_Sports,BabyBillion_Education,"[{""S"":""6+""}]",cf83518a-7e38-483a-9b3e-a943beb08196,https://video.babybillion.in/hls/Individual_Sports_vs_Team_Sports/Individual_Sports_vs_Team_Sports.m3u8,/Individual_Sports_vs_Team_Sports/Individual_Sports_vs_Team_Sports.m3u8,meera
dccc3bbd-f5be-4939-8b72-3b03d8d76928,Balloon,BabyBillion_Education,"[{""S"":""0-3""}]",259e1ebe-d005-41f2-a3f8-810078f51c98,https://video.babybillion.in/hls/Balloon/Balloon.m3u8,/Balloon/Balloon.m3u8,meera
dcf97e83-2411-44cc-ac76-4384b55d3fb3,Come,BabyBillion_Education,"[{""S"":""0-3""}]",cdd3ba69-c04a-402a-a061-05e0f816a161,https://video.babybillion.in/hls/Come/Come.m3u8,/Come/Come.m3u8,meera
e11f7073-3fdd-4d21-9bf5-27fba21e9185,Sound_of_I_i,BabyBillion_Education,"[{""S"":""3-6""}]",b79bd45b-2c9c-4b7d-91a0-07c93a4dbea1,https://video.babybillion.in/hls/Sound_of_I_i/Sound_of_I_i.m3u8,/Sound_of_I_i/Sound_of_I_i.m3u8,meera
e16cb53a-375d-4e68-a3be-ff67d80b3311,Seed_Vegetables-_Peas_Corn_Beans,BabyBillion_Education,"[{""S"":""3-6""}]",c3d15541-8760-45ff-b253-1647ca61bf37,https://video.babybillion.in/hls/Seed_Vegetables-_Peas_Corn_Beans/Seed_Vegetables-_Peas_Corn_Beans.m3u8,/Seed_Vegetables-_Peas_Corn_Beans/Seed_Vegetables-_Peas_Corn_Beans.m3u8,meera
e1bfb4f2-4c69-4eaf-8b04-e3d7703efe45,Crying,BabyBillion_Education,"[{""S"":""0-3""}]",90ff5296-5b99-4ddf-8bdf-ac55f6f7b6c2,https://video.babybillion.in/hls/Crying/Crying.m3u8,/Crying/Crying.m3u8,meera
e266c1d7-424b-4bc0-8bd3-09c2ad3a04bd,Parts_of_a_Plant_Root_Stem_Leaf,BabyBillion_Education,"[{""S"":""0-3""}]",f476a63c-f5d0-4454-afee-eb96182ff983,https://video.babybillion.in/hls/Parts_of_a_Plant_Root_Stem_Leaf/Parts_of_a_Plant_Root_Stem_Leaf.m3u8,/Parts_of_a_Plant_Root_Stem_Leaf/Parts_of_a_Plant_Root_Stem_Leaf.m3u8,meera
e286cf80-0f65-4148-b3e8-a774bd1d05bc,Cvc_words_set,BabyBillion_Education,"[{""S"":""3-6""}]",bac6ace6-06bc-4f67-85bb-5f0b144d5a15,https://video.babybillion.in/hls/Cvc_words_set/Cvc_words_set.m3u8,/Cvc_words_set/Cvc_words_set.m3u8,meera
e32c7bf1-9789-4f51-98f5-a9ef08c8846b,Consonant_Blends_sk_sl_sm_sn_sp_st_sw,BabyBillion_Education,"[{""S"":""6+""}]",b79bd45b-2c9c-4b7d-91a0-07c93a4dbea1,https://video.babybillion.in/hls/Consonant_Blends_sk_sl_sm_sn_sp_st_sw/Consonant_Blends_sk_sl_sm_sn_sp_st_sw.m3u8,/Consonant_Blends_sk_sl_sm_sn_sp_st_sw/Consonant_Blends_sk_sl_sm_sn_sp_st_sw.m3u8,meera
e4eff6f9-cd11-4307-87b0-36c0565ff69f,Zig_zag_Line,BabyBillion_Education,"[{""S"":""0-3""}]",da4d2220-056e-483b-9fc0-8451577d4cc9,https://video.babybillion.in/hls/Zig_zag_Line/Zig_zag_Line.m3u8,/Zig_zag_Line/Zig_zag_Line.m3u8,meera
e6688e43-47a7-4717-8987-6005aa09a046,Electrician,BabyBillion_Education,"[{""S"":""0-3""}]",18ae1c51-e0c5-4df1-94f6-30f5e6732dd3,https://video.babybillion.in/hls/Electrician/Electrician.m3u8,/Electrician/Electrician.m3u8,meera
e717fea9-20d9-4a0a-9338-76b0a01a9351,Using_Dustbins,BabyBillion_Education,"[{""S"":""3-6""}]",06f625da-1202-4c8a-8b16-e624b97476d1,https://video.babybillion.in/hls/Using_Dustbins/Using_Dustbins.m3u8,/Using_Dustbins/Using_Dustbins.m3u8,meera
e797b31f-f5c3-428f-a75e-553392597553,029_ta_se_tamatar,BabyBillion_Education,"[{""S"":""0-3""}]",de5577e3-4806-4284-9cab-9e7ecf907095,https://video.babybillion.in/hls/029_ta_se_tamatar/029_ta_se_tamatar.m3u8,/029_ta_se_tamatar/029_ta_se_tamatar.m3u8,meera
e988b0da-bd7d-4d74-ad19-9a4d80f4dd9c,053_simple_sentences_i_am_singing,BabyBillion_Education,"[{""S"":""3-6""}]",4c06fdb7-0fe2-4c21-aab0-f80f2fa1f650,https://video.babybillion.in/hls/053_simple_sentences_i_am_singing/053_simple_sentences_i_am_singing.m3u8,/053_simple_sentences_i_am_singing/053_simple_sentences_i_am_singing.m3u8,meera
ebfbf6d1-bfd6-46fd-acdb-c0a4204d0cd3,012_cvc_words_map,BabyBillion_Education,"[{""S"":""3-6""}]",bac6ace6-06bc-4f67-85bb-5f0b144d5a15,https://video.babybillion.in/hls/012_cvc_words_map/012_cvc_words_map.m3u8,/012_cvc_words_map/012_cvc_words_map.m3u8,meera
ec4390c8-e4d0-4d89-b208-719c09531bef,Not_Wasting_Food,BabyBillion_Education,"[{""S"":""3-6""}]",06f625da-1202-4c8a-8b16-e624b97476d1,https://video.babybillion.in/hls/Not_Wasting_Food/Not_Wasting_Food.m3u8,/Not_Wasting_Food/Not_Wasting_Food.m3u8,meera
ecbab3dd-6995-4782-9b0d-ed1a264a4d9e,040_ma_se_machhli,BabyBillion_Education,"[{""S"":""0-3""}]",de5577e3-4806-4284-9cab-9e7ecf907095,https://video.babybillion.in/hls/040_ma_se_machhli/040_ma_se_machhli.m3u8,/040_ma_se_machhli/040_ma_se_machhli.m3u8,meera
efbe5e2d-82eb-4313-b8a1-3c35ecf18069,Roll_a_ball,BabyBillion_Education,"[{""S"":""0-3""}]",cdd3ba69-c04a-402a-a061-05e0f816a161,https://video.babybillion.in/hls/Roll_a_ball/Roll_a_ball.m3u8,/Roll_a_ball/Roll_a_ball.m3u8,meera
f1ddd954-bae5-4068-827e-ca80ffc10b3b,How_Plants_Make_Food_Photosynthesis_-_basic,BabyBillion_Education,"[{""S"":""6+""}]",b7ef253a-6fb1-4247-ad59-99c4c945c8ec,https://video.babybillion.in/hls/How_Plants_Make_Food_Photosynthesis_-_basic/How_Plants_Make_Food_Photosynthesis_-_basic.m3u8,/How_Plants_Make_Food_Photosynthesis_-_basic/How_Plants_Make_Food_Photosynthesis_-_basic.m3u8,meera
f49cd0fb-37e9-4748-83bf-207e1bbe030b,048_phonics_digraph_ee_as_in_tree,BabyBillion_Education,"[{""S"":""3-6""}]",b79bd45b-2c9c-4b7d-91a0-07c93a4dbea1,https://video.babybillion.in/hls/048_phonics_digraph_ee_as_in_tree/048_phonics_digraph_ee_as_in_tree.m3u8,/048_phonics_digraph_ee_as_in_tree/048_phonics_digraph_ee_as_in_tree.m3u8,meera
f5fa24db-c6fa-4398-8040-23876026c584,010_abc_letter_t_tiger_tree,BabyBillion_Education,"[{""S"":""3-6""}]",1bf17868-9fb8-419a-b7d7-e9ba3b51a364,https://video.babybillion.in/hls/010_abc_letter_t_tiger_tree/010_abc_letter_t_tiger_tree.m3u8,/010_abc_letter_t_tiger_tree/010_abc_letter_t_tiger_tree.m3u8,meera
f6735dd9-d8f2-41cf-bafd-f58038fccd29,016_shapes_trace_Diamond,BabyBillion_Education,"[{""S"":""0-3""}]",da4d2220-056e-483b-9fc0-8451577d4cc9,https://video.babybillion.in/hls/016_shapes_trace_Diamond/016_shapes_trace_Diamond.m3u8,/016_shapes_trace_Diamond/016_shapes_trace_Diamond.m3u8,meera
fc9937d6-b97f-45d3-8578-316d52da78c1,Q_for_Queen,BabyBillion_Education,"[{""S"":""0-3""}]",1bf17868-9fb8-419a-b7d7-e9ba3b51a364,https://video.babybillion.in/hls/Q_for_Queen/Q_for_Queen.m3u8,/Q_for_Queen/Q_for_Queen.m3u8,meera
fca5781a-648a-4827-a790-c4e201c147bf,Table,BabyBillion_Education,"[{""S"":""0-3""}]",aa154d92-77f0-4dd7-9c3f-d7e57bd9baf5,https://video.babybillion.in/hls/Table/Table.m3u8,/Table/Table.m3u8,meera
fd7539bf-e62e-4386-a710-40d7b5b2cb15,Cone,BabyBillion_Education,"[{""S"":""6+""}]",3579ea01-b32b-40f9-aac1-be5997a17606,https://video.babybillion.in/hls/Cone/Cone.m3u8,/Cone/Cone.m3u8,meera
fe37e837-7a66-44ba-8ef3-014bcb2216fa,Peacock,BabyBillion_Education,"[{""S"":""0-3""}]",efdd9da9-9b29-45aa-8bc4-3ddbee54940d,https://video.babybillion.in/hls/Peacock/Peacock.m3u8,/Peacock/Peacock.m3u8,meera
e034a84f-4e2b-4b1a-8e90-8261e3f75f11,Texture-_Sticky,BabyBillion_Education,"[{""S"":""3-6""}]",b7ef253a-6fb1-4247-ad59-99c4c945c8ec,https://video.babybillion.in/hls/Texture-_Sticky/Texture-_Sticky.m3u8,/Texture-_Sticky/Texture-_Sticky.m3u8,meera 
09b61aeb-22db-4531-b9ae-e10ca61f200c,022_community_helpers_what_does_a_teacher_do,BabyBillion_Education,"[{""S"":""0-3""}]",3dc35861-75e5-4d11-a33d-d263d159f041,https://video.babybillion.in/hls/022_community_helpers_what_does_a_teacher_do/022_community_helpers_what_does_a_teacher_do.m3u8,/022_community_helpers_what_does_a_teacher_do/022_community_helpers_what_does_a_teacher_do.m3u8,Meera and Arjun
dffd12c2-80bd-42eb-8bff-102bbb4e9390,Review_of_Letter_Sounds_A-Z,BabyBillion_Education,"[{""S"":""6+""}]",b79bd45b-2c9c-4b7d-91a0-07c93a4dbea1,https://video.babybillion.in/hls/Review_of_Letter_Sounds_A-Z/Review_of_Letter_Sounds_A-Z.m3u8,/Review_of_Letter_Sounds_A-Z/Review_of_Letter_Sounds_A-Z.m3u8,meera and riya
0eb58c9d-6546-4c79-8c47-28203bccb972,Tiger,Babybillion_Rhymes,"[{""S"":""0-3""}]",c70be9c8-775f-42ab-93f7-12d3d166a0f6,https://video.babybillion.in/hls/Tiger/Tiger.m3u8,/Tiger/Tiger.m3u8,mia
2276d677-f887-412a-a51f-6c4a35c0d261,Flowers,Babybillion_Rhymes,"[{""S"":""0-3""}]",c70be9c8-775f-42ab-93f7-12d3d166a0f6,https://video.babybillion.in/hls/Flowers/Flowers.m3u8,/Flowers/Flowers.m3u8,mia
01c9951c-c875-41b1-a104-77d34dbd785b,022_vehicles_garbage_truck,BabyBillion_Education,"[{""S"":""3-6""}]",bf9d1fdb-31f8-48e3-9114-9e4e4967617c,https://video.babybillion.in/hls/022_vehicles_garbage_truck/022_vehicles_garbage_truck.m3u8,/022_vehicles_garbage_truck/022_vehicles_garbage_truck.m3u8,Mia
02200a04-f59f-4e3b-bbeb-18594875a784,054_simple_sentences_i_am_dancing,BabyBillion_Education,"[{""S"":""3-6""}]",0eba9676-9d93-484f-8938-41e3ab588a7f,https://video.babybillion.in/hls/054_simple_sentences_i_am_dancing/054_simple_sentences_i_am_dancing.m3u8,/054_simple_sentences_i_am_dancing/054_simple_sentences_i_am_dancing.m3u8,Mia
034dfd44-895b-4736-8206-5ddab04466cf,Mouth_Lips,BabyBillion_Education,"[{""S"":""3-6""}]",6d841cca-a54f-451a-90fc-aeffa145e274,https://video.babybillion.in/hls/Mouth_Lips/Mouth_Lips.m3u8,/Mouth_Lips/Mouth_Lips.m3u8,Mia
037de264-643a-4d1a-b812-c2517d4ef044,Ant,BabyBillion_Education,"[{""S"":""0-3""}]",40d567cd-95aa-469e-b7a8-da623f2579d8,https://video.babybillion.in/hls/Ant/Ant.m3u8,/Ant/Ant.m3u8,Mia
0422c36b-6658-4c28-9429-7cd2f2afc296,Saying_Please_and_Thank_You,BabyBillion_Education,"[{""S"":""3-6""}]",06f625da-1202-4c8a-8b16-e624b97476d1,https://video.babybillion.in/hls/Saying_Please_and_Thank_You/Saying_Please_and_Thank_You.m3u8,/Saying_Please_and_Thank_You/Saying_Please_and_Thank_You.m3u8,Mia
0475e539-d5ca-4a3f-a407-59c2647ed7a6,StomachTummy_Pet,BabyBillion_Education,"[{""S"":""0-3""}]",6d841cca-a54f-451a-90fc-aeffa145e274,https://video.babybillion.in/hls/StomachTummy_Pet/StomachTummy_Pet.m3u8,/StomachTummy_Pet/StomachTummy_Pet.m3u8,Mia
05dbb864-0e0a-49d0-992b-3ea8d46f4c35,019_english_speaking_this_is_my_dada,BabyBillion_Education,"[{""S"":""3-6""}]",0eba9676-9d93-484f-8938-41e3ab588a7f,https://video.babybillion.in/hls/019_english_speaking_this_is_my_dada/019_english_speaking_this_is_my_dada.m3u8,/019_english_speaking_this_is_my_dada/019_english_speaking_this_is_my_dada.m3u8,Mia
06b4bdf5-5425-41cd-a1f6-9c0c4ad06f33,Counting_Coins_Together,BabyBillion_Education,"[{""S"":""6+""}]",196088dd-3c9e-4930-8bfb-55110c194c2a,https://video.babybillion.in/hls/Counting_Coins_Together/Counting_Coins_Together.m3u8,/Counting_Coins_Together/Counting_Coins_Together.m3u8,Mia
06f4f099-ea31-4f58-b762-3846dfd8cb4d,Eyebrows_Bhaunh,BabyBillion_Education,"[{""S"":""0-3""}]",6d841cca-a54f-451a-90fc-aeffa145e274,https://video.babybillion.in/hls/Eyebrows_Bhaunh/Eyebrows_Bhaunh.m3u8,/Eyebrows_Bhaunh/Eyebrows_Bhaunh.m3u8,Mia
0763e3d8-f793-4671-86bf-37074c6c52a8,022_cvc_words_tag,BabyBillion_Education,"[{""S"":""3-6""}]",bac6ace6-06bc-4f67-85bb-5f0b144d5a15,https://video.babybillion.in/hls/022_cvc_words_tag/022_cvc_words_tag.m3u8,/022_cvc_words_tag/022_cvc_words_tag.m3u8,Mia
08c9c71f-a917-4a88-900a-d1f5c4c79b48,Triangle,BabyBillion_Education,"[{""S"":""0-3""}]",da4d2220-056e-483b-9fc0-8451577d4cc9,https://video.babybillion.in/hls/Triangle/Triangle.m3u8,/Triangle/Triangle.m3u8,Mia
09c8e3c1-25ee-442b-a2ba-deaac83541f7,030_good_habits_saying_good_morning,BabyBillion_Education,"[{""S"":""3-6""}]",06f625da-1202-4c8a-8b16-e624b97476d1,https://video.babybillion.in/hls/030_good_habits_saying_good_morning/030_good_habits_saying_good_morning.m3u8,/030_good_habits_saying_good_morning/030_good_habits_saying_good_morning.m3u8,Mia
0b6e07f1-7af2-442d-8e23-353bb64d2e37,Classification_Birds,BabyBillion_Education,"[{""S"":""6+""}]",79156051-e033-423a-b7de-a68fe1342a75,https://video.babybillion.in/hls/Classification_Birds/Classification_Birds.m3u8,/Classification_Birds/Classification_Birds.m3u8,Mia
0bee1f31-1bdd-4bf5-91d2-902e740d5712,Hot_Cold,BabyBillion_Education,"[{""S"":""0-3""}]",03776bdf-d177-47e6-abe5-d3215a0df920,https://video.babybillion.in/hls/Hot_Cold/Hot_Cold.m3u8,/Hot_Cold/Hot_Cold.m3u8,mia
0d4a6f1b-ae08-44f7-8fb4-a936ff6b1629,008_community_helpers_plumber,BabyBillion_Education,"[{""S"":""3-6""}]",3dc35861-75e5-4d11-a33d-d263d159f041,https://video.babybillion.in/hls/008_community_helpers_plumber/008_community_helpers_plumber.m3u8,/008_community_helpers_plumber/008_community_helpers_plumber.m3u8,mia
0db93a30-9b4c-43e2-8c65-82af9f706d61,Squid,BabyBillion_Education,"[{""S"":""0-3""}]",bd7c6e2d-c979-43ea-89eb-899d9aeb8b94,https://video.babybillion.in/hls/Squid/Squid.m3u8,/Squid/Squid.m3u8,mia
0dd1df98-d308-4010-bbcb-06a432a60cf4,Heart_beats_dhak_dhak,BabyBillion_Education,"[{""S"":""0-3""}]",6d841cca-a54f-451a-90fc-aeffa145e274,https://video.babybillion.in/hls/Heart_beats_dhak_dhak/Heart_beats_dhak_dhak.m3u8,/Heart_beats_dhak_dhak/Heart_beats_dhak_dhak.m3u8,mia
0dd484e5-668d-4aea-b44a-e49553a2d5a3,Saying_Thank_You,BabyBillion_Education,"[{""S"":""0-3""}]",06f625da-1202-4c8a-8b16-e624b97476d1,https://video.babybillion.in/hls/Saying_Thank_You/Saying_Thank_You.m3u8,/Saying_Thank_You/Saying_Thank_You.m3u8,mia
0e903390-efaf-4bc3-afd5-2384b315d1d7,Pig,BabyBillion_Education,"[{""S"":""3-6""}]",c06e196f-39fa-4dc0-a9ba-0f036f7bc248,https://video.babybillion.in/hls/Pig/Pig.m3u8,/Pig/Pig.m3u8,mia
0eb1b5d5-71c2-467c-83b9-eb6135a3fa3e,Proteins,BabyBillion_Education,"[{""S"":""6+""}]",5bc39ba0-a18b-42a9-9176-736112991697,https://video.babybillion.in/hls/Proteins/Proteins.m3u8,/Proteins/Proteins.m3u8,mia
0efddeb9-caa7-4cf0-a324-2a5d64129732,ChefCook,BabyBillion_Education,"[{""S"":""3-6""}]",3dc35861-75e5-4d11-a33d-d263d159f041,https://video.babybillion.in/hls/ChefCook/ChefCook.m3u8,/ChefCook/ChefCook.m3u8,mia
0f5b8c26-00ca-4554-b2a8-af07620ab30e,Up_-_Down,BabyBillion_Education,"[{""S"":""6+""}]",03776bdf-d177-47e6-abe5-d3215a0df920,https://video.babybillion.in/hls/Up_-_Down/Up_-_Down.m3u8,/Up_-_Down/Up_-_Down.m3u8,mia
1000c61d-5c1d-4faa-b9de-77c1921ef839,Pakora,BabyBillion_Education,"[{""S"":""0-3""}]",5bc39ba0-a18b-42a9-9176-736112991697,https://video.babybillion.in/hls/Pakora/Pakora.m3u8,/Pakora/Pakora.m3u8,mia
1058e45c-2c17-4dc5-9156-23ba38878b55,My_School_Sports_Day,BabyBillion_Education,"[{""S"":""6+""}]",cf83518a-7e38-483a-9b3e-a943beb08196,https://video.babybillion.in/hls/My_School_Sports_Day/My_School_Sports_Day.m3u8,/My_School_Sports_Day/My_School_Sports_Day.m3u8,mia
10bcbe2d-c836-4292-abb5-42668f3365d7,Sweet_shop,BabyBillion_Education,"[{""S"":""0-3""}]",e4dd4a24-f512-4d74-8bad-596b71c5369f,https://video.babybillion.in/hls/Sweet_shop/Sweet_shop.m3u8,/Sweet_shop/Sweet_shop.m3u8,mia
11425a9a-9203-476c-bcdd-231bd497b03d,Descending_Order_5-1,BabyBillion_Education,"[{""S"":""3-6""}]",98263b2e-41f3-413e-9a83-b64ef2016a53,https://video.babybillion.in/hls/Descending_Order_5-1/Descending_Order_5-1.m3u8,/Descending_Order_5-1/Descending_Order_5-1.m3u8,mia
1220941a-410e-42c8-8898-8beda10b1397,Dadi,BabyBillion_Education,"[{""S"":""0-3""}]",24429faf-f706-4456-a1a0-d8b55cc55f9d,https://video.babybillion.in/hls/Dadi/Dadi.m3u8,/Dadi/Dadi.m3u8,mia
12e84388-31ef-4aaa-8580-53f51bb2860e,Baby,BabyBillion_Education,"[{""S"":""0-3""}]",4e8e2dbf-bad4-4a56-8365-251a1cfc4a10,https://video.babybillion.in/hls/Baby/Baby.m3u8,/Baby/Baby.m3u8,mia
13488226-446f-4fd5-8378-6c4e495112bf,Cow,BabyBillion_Education,"[{""S"":""3-6""}]",79156051-e033-423a-b7de-a68fe1342a75,https://video.babybillion.in/hls/Cow/Cow.m3u8,/Cow/Cow.m3u8,mia
13615c91-d9c9-4ebf-a36e-64078ca2b155,007_phonics_sound_of_p_p_as_in_pen,BabyBillion_Education,"[{""S"":""3-6""}]",b79bd45b-2c9c-4b7d-91a0-07c93a4dbea1,https://video.babybillion.in/hls/007_phonics_sound_of_p_p_as_in_pen/007_phonics_sound_of_p_p_as_in_pen.m3u8,/007_phonics_sound_of_p_p_as_in_pen/007_phonics_sound_of_p_p_as_in_pen.m3u8,mia
1372957d-7e4b-4460-af47-22d80e81d773,Piglet_Baby_Pig,BabyBillion_Education,"[{""S"":""0-3""}]",79156051-e033-423a-b7de-a68fe1342a75,https://video.babybillion.in/hls/Piglet_Baby_Pig/Piglet_Baby_Pig.m3u8,/Piglet_Baby_Pig/Piglet_Baby_Pig.m3u8,mia
13c3053a-67a0-4114-a45d-1724a0c0ac98,Heart,BabyBillion_Education,"[{""S"":""0-3""}]",da4d2220-056e-483b-9fc0-8451577d4cc9,https://video.babybillion.in/hls/Heart/Heart.m3u8,/Heart/Heart.m3u8,mia
140d1801-0b36-4b3c-ac89-49513161cded,Silly,BabyBillion_Education,"[{""S"":""3-6""}]",90ff5296-5b99-4ddf-8bdf-ac55f6f7b6c2,https://video.babybillion.in/hls/Silly/Silly.m3u8,/Silly/Silly.m3u8,mia
14515ed2-652d-4f68-bf35-00155084c923,Dog,BabyBillion_Education,"[{""S"":""3-6""}]",c06e196f-39fa-4dc0-a9ba-0f036f7bc248,https://video.babybillion.in/hls/Dog/Dog.m3u8,/Dog/Dog.m3u8,mia
1457adfe-7d82-4384-a89f-5afa55387abd,Sight_words_how,BabyBillion_Education,"[{""S"":""3-6""}]",181961d7-b484-40c7-b24c-9b3f335cc424,https://video.babybillion.in/hls/Sight_words_how/Sight_words_how.m3u8,/Sight_words_how/Sight_words_how.m3u8,mia
1583baba-744c-4768-a5aa-3095b6b1a369,National_Bird_Indian_Peacock,BabyBillion_Education,"[{""S"":""3-6""}]",2754f754-bfaf-4810-9852-60d5960a7a74,https://video.babybillion.in/hls/National_Bird_Indian_Peacock/National_Bird_Indian_Peacock.m3u8,/National_Bird_Indian_Peacock/National_Bird_Indian_Peacock.m3u8,mia
15a332f9-ad1f-499f-b84d-70ad39ea4c31,Sound_of_E_e,BabyBillion_Education,"[{""S"":""3-6""}]",b79bd45b-2c9c-4b7d-91a0-07c93a4dbea1,https://video.babybillion.in/hls/Sound_of_E_e/Sound_of_E_e.m3u8,/Sound_of_E_e/Sound_of_E_e.m3u8,mia
16675dba-9408-45bf-9a29-f32d8bdeeb8c,Sound_of_J_j,BabyBillion_Education,"[{""S"":""3-6""}]",b79bd45b-2c9c-4b7d-91a0-07c93a4dbea1,https://video.babybillion.in/hls/Sound_of_J_j/Sound_of_J_j.m3u8,/Sound_of_J_j/Sound_of_J_j.m3u8,mia
17d57e70-41e3-4cc9-9526-a55c1a2de682,Washing_Hands_Before_Eating,BabyBillion_Education,"[{""S"":""3-6""}]",06f625da-1202-4c8a-8b16-e624b97476d1,https://video.babybillion.in/hls/Washing_Hands_Before_Eating/Washing_Hands_Before_Eating.m3u8,/Washing_Hands_Before_Eating/Washing_Hands_Before_Eating.m3u8,mia
184aac18-ae4a-4093-95c9-64ae3ff15332,Lesser,BabyBillion_Education,"[{""S"":""6+""}]",9964bf6a-c340-4e3a-b7e6-9f3d435449d3,https://video.babybillion.in/hls/Lesser/Lesser.m3u8,/Lesser/Lesser.m3u8,mia
186a706d-5085-4a6a-ab32-061318c10dd6,010_varnmala_vyanjan_ta_hard_se_tamaatar,BabyBillion_Education,"[{""S"":""3-6""}]",fec06a4b-b277-4fe2-8fff-bb40451bf2d9,https://video.babybillion.in/hls/010_varnmala_vyanjan_ta_hard_se_tamaatar/010_varnmala_vyanjan_ta_hard_se_tamaatar.m3u8,/010_varnmala_vyanjan_ta_hard_se_tamaatar/010_varnmala_vyanjan_ta_hard_se_tamaatar.m3u8,mia
18ff902e-858e-4415-a9a7-895019ba535d,Laugh,BabyBillion_Education,"[{""S"":""0-3""}]",cdd3ba69-c04a-402a-a061-05e0f816a161,https://video.babybillion.in/hls/Laugh/Laugh.m3u8,/Laugh/Laugh.m3u8,mia
1a4db367-9dbd-451b-90b9-7236f3684f64,012_abc_letter_v_van_violin,BabyBillion_Education,"[{""S"":""3-6""}]",1bf17868-9fb8-419a-b7d7-e9ba3b51a364,https://video.babybillion.in/hls/012_abc_letter_v_van_violin/012_abc_letter_v_van_violin.m3u8,/012_abc_letter_v_van_violin/012_abc_letter_v_van_violin.m3u8,mia
1a654d3a-57a3-43ec-96d2-7b11be7a345b,105_6_Helping_at_Home,BabyBillion_Education,"[{""S"":""6+""}]",24429faf-f706-4456-a1a0-d8b55cc55f9d,https://video.babybillion.in/hls/105_6_Helping_at_Home/105_6_Helping_at_Home.m3u8,/105_6_Helping_at_Home/105_6_Helping_at_Home.m3u8,mia
1afac18a-2ac7-4676-bdd1-ca5845e64b7a,021_phonics_short_o_sound_as_in_on,BabyBillion_Education,"[{""S"":""3-6""}]",b79bd45b-2c9c-4b7d-91a0-07c93a4dbea1,https://video.babybillion.in/hls/021_phonics_short_o_sound_as_in_on/021_phonics_short_o_sound_as_in_on.m3u8,/021_phonics_short_o_sound_as_in_on/021_phonics_short_o_sound_as_in_on.m3u8,mia
1b541dc3-6927-45b7-9356-de4b3a1630a0,Do_not_put_small_things_in_mouth_or_nose,BabyBillion_Education,"[{""S"":""3-6""}]",06f625da-1202-4c8a-8b16-e624b97476d1,https://video.babybillion.in/hls/Do_not_put_small_things_in_mouth_or_nose/Do_not_put_small_things_in_mouth_or_nose.m3u8,/Do_not_put_small_things_in_mouth_or_nose/Do_not_put_small_things_in_mouth_or_nose.m3u8,mia
1ba7cf58-4446-45a5-abf6-8b478a91515a,Wave_hands,BabyBillion_Education,"[{""S"":""3-6""}]",6d841cca-a54f-451a-90fc-aeffa145e274,https://video.babybillion.in/hls/Wave_hands/Wave_hands.m3u8,/Wave_hands/Wave_hands.m3u8,mia
1bde87dd-f974-4031-aa09-4dcfcc90515f,061_simple_sentences_i_want_to_sleep,BabyBillion_Education,"[{""S"":""3-6""}]",4c06fdb7-0fe2-4c21-aab0-f80f2fa1f650,https://video.babybillion.in/hls/061_simple_sentences_i_want_to_sleep/061_simple_sentences_i_want_to_sleep.m3u8,/061_simple_sentences_i_want_to_sleep/061_simple_sentences_i_want_to_sleep.m3u8,mia
1d7a1751-cd6d-4523-98a4-8ece57f4deac,019_community_helpers_bus_driver,BabyBillion_Education,"[{""S"":""0-3""}]",3dc35861-75e5-4d11-a33d-d263d159f041,https://video.babybillion.in/hls/019_community_helpers_bus_driver/019_community_helpers_bus_driver.m3u8,/019_community_helpers_bus_driver/019_community_helpers_bus_driver.m3u8,mia
1e30d01a-3e00-4751-b3aa-82d0b6322b96,Garbage_Truck,BabyBillion_Education,"[{""S"":""0-3""}]",bf9d1fdb-31f8-48e3-9114-9e4e4967617c,https://video.babybillion.in/hls/Garbage_Truck/Garbage_Truck.m3u8,/Garbage_Truck/Garbage_Truck.m3u8,mia
1ef71bc9-1383-4faf-8a7b-dcf9b0dd94b7,051_colors_brown_chikoo,BabyBillion_Education,"[{""S"":""3-6""}]",c23beb7b-23de-440c-9fb1-2990013f11a6,https://video.babybillion.in/hls/051_colors_brown_chikoo/051_colors_brown_chikoo.m3u8,/051_colors_brown_chikoo/051_colors_brown_chikoo.m3u8,mia
1f45f234-a574-468a-b73a-86f4232f5cef,002_shapes_semi_circle,BabyBillion_Education,"[{""S"":""3-6""}]",da4d2220-056e-483b-9fc0-8451577d4cc9,https://video.babybillion.in/hls/002_shapes_semi_circle/002_shapes_semi_circle.m3u8,/002_shapes_semi_circle/002_shapes_semi_circle.m3u8,mia
1f8c3db3-ef7e-47c3-9627-15ed1db17207,Traditional_Indian_Games,BabyBillion_Education,"[{""S"":""6+""}]",cf83518a-7e38-483a-9b3e-a943beb08196,https://video.babybillion.in/hls/Traditional_Indian_Games/Traditional_Indian_Games.m3u8,/Traditional_Indian_Games/Traditional_Indian_Games.m3u8,mia
21460196-0380-44e4-8d68-f126be345a45,Mint_Pudina,BabyBillion_Education,"[{""S"":""0-3""}]",c3d15541-8760-45ff-b253-1647ca61bf37,https://video.babybillion.in/hls/Mint_Pudina/Mint_Pudina.m3u8,/Mint_Pudina/Mint_Pudina.m3u8,mia
216a238b-20d2-4a9f-8f5a-f866f2137880,034_varnmala_vyanjan_tra_se_trishul,BabyBillion_Education,"[{""S"":""3-6""}]",fec06a4b-b277-4fe2-8fff-bb40451bf2d9,https://video.babybillion.in/hls/034_varnmala_vyanjan_tra_se_trishul/034_varnmala_vyanjan_tra_se_trishul.m3u8,/034_varnmala_vyanjan_tra_se_trishul/034_varnmala_vyanjan_tra_se_trishul.m3u8,mia
21b745be-92ec-402f-aade-6ba3f9d9640b,107_6_Spending_Time_with_Family,BabyBillion_Education,"[{""S"":""6+""}]",24429faf-f706-4456-a1a0-d8b55cc55f9d,https://video.babybillion.in/hls/107_6_Spending_Time_with_Family/107_6_Spending_Time_with_Family.m3u8,/107_6_Spending_Time_with_Family/107_6_Spending_Time_with_Family.m3u8,mia
22a1843e-933d-4397-9505-2f95e8821fa7,Mars,BabyBillion_Education,"[{""S"":""3-6""}]",b7ef253a-6fb1-4247-ad59-99c4c945c8ec,https://video.babybillion.in/hls/Mars/Mars.m3u8,/Mars/Mars.m3u8,mia
22d5f534-34b7-4313-8858-15b28b5c7b00,I_like_fruit,BabyBillion_Education,"[{""S"":""3-6""}]",4c06fdb7-0fe2-4c21-aab0-f80f2fa1f650,https://video.babybillion.in/hls/I_like_fruit/I_like_fruit.m3u8,/I_like_fruit/I_like_fruit.m3u8,mia
24402f2c-a716-4b05-be18-b358f0ef59e7,Seeds,BabyBillion_Education,"[{""S"":""0-3""}]",f476a63c-f5d0-4454-afee-eb96182ff983,https://video.babybillion.in/hls/Seeds/Seeds.m3u8,/Seeds/Seeds.m3u8,mia
250de572-0a41-4bbc-8dc2-b33a13609edd,027_colors_blue_sea,BabyBillion_Education,"[{""S"":""0-3""}]",c23beb7b-23de-440c-9fb1-2990013f11a6,https://video.babybillion.in/hls/027_colors_blue_sea/027_colors_blue_sea.m3u8,/027_colors_blue_sea/027_colors_blue_sea.m3u8,mia
25fd7d16-60a1-4c98-81e3-eeaba04a3348,Puppy_Baby_Dog,BabyBillion_Education,"[{""S"":""3-6""}]",79156051-e033-423a-b7de-a68fe1342a75,https://video.babybillion.in/hls/Puppy_Baby_Dog/Puppy_Baby_Dog.m3u8,/Puppy_Baby_Dog/Puppy_Baby_Dog.m3u8,mia
2742be4c-2401-4bf7-af94-303addbbeb17,Farmer_Kisaan,BabyBillion_Education,"[{""S"":""0-3""}]",18ae1c51-e0c5-4df1-94f6-30f5e6732dd3,https://video.babybillion.in/hls/Farmer_Kisaan/Farmer_Kisaan.m3u8,/Farmer_Kisaan/Farmer_Kisaan.m3u8,mia
2902c54c-5ffe-46ec-8fe4-1eb8dfea4a75,Grandfather_DadaNana,BabyBillion_Education,"[{""S"":""0-3""}]",24429faf-f706-4456-a1a0-d8b55cc55f9d,https://video.babybillion.in/hls/Grandfather_DadaNana/Grandfather_DadaNana.m3u8,/Grandfather_DadaNana/Grandfather_DadaNana.m3u8,mia
2c10b280-7377-48c2-8c12-5c85015dd0d7,Eating_Vegetables,BabyBillion_Education,"[{""S"":""0-3""}]",06f625da-1202-4c8a-8b16-e624b97476d1,https://video.babybillion.in/hls/Eating_Vegetables/Eating_Vegetables.m3u8,/Eating_Vegetables/Eating_Vegetables.m3u8,mia
2c8bc1d1-4b03-425d-b419-40c5c24e826f,Tiger,BabyBillion_Education,"[{""S"":""3-6""}]",c1f0397a-0732-418a-b6e4-50081b10219c,https://video.babybillion.in/hls/Tiger/Tiger.m3u8,/Tiger/Tiger.m3u8,mia
2e060651-7d26-4121-8d73-11605e13ae0e,Rainbow_Colors,BabyBillion_Education,"[{""S"":""0-3""}]",c23beb7b-23de-440c-9fb1-2990013f11a6,https://video.babybillion.in/hls/Rainbow_Colors/Rainbow_Colors.m3u8,/Rainbow_Colors/Rainbow_Colors.m3u8,mia
2e271aea-f817-47a7-9757-3c1e33710ac1,040_simple_sentences_it_is_sunny,BabyBillion_Education,"[{""S"":""3-6""}]",4c06fdb7-0fe2-4c21-aab0-f80f2fa1f650,https://video.babybillion.in/hls/040_simple_sentences_it_is_sunny/040_simple_sentences_it_is_sunny.m3u8,/040_simple_sentences_it_is_sunny/040_simple_sentences_it_is_sunny.m3u8,mia
2e34af25-f869-491d-813c-8a268fd426ce,Idli_Sambar,BabyBillion_Education,"[{""S"":""3-6""}]",5bc39ba0-a18b-42a9-9176-736112991697,https://video.babybillion.in/hls/Idli_Sambar/Idli_Sambar.m3u8,/Idli_Sambar/Idli_Sambar.m3u8,mia
2effeb5b-de67-4f61-bb83-cd50667dfcda,Addition_2_2_4_3_3_6_4_4_8,BabyBillion_Education,"[{""S"":""3-6""}]",f86787db-e9ed-4093-9aa4-a1df05f1c772,https://video.babybillion.in/hls/Addition_2_2_4_3_3_6_4_4_8/Addition_2_2_4_3_3_6_4_4_8.m3u8,/Addition_2_2_4_3_3_6_4_4_8/Addition_2_2_4_3_3_6_4_4_8.m3u8,mia
301614a8-1ef9-4626-bea2-c0064c663939,026_english_speaking_this_is_my_mami,BabyBillion_Education,"[{""S"":""3-6""}]",0eba9676-9d93-484f-8938-41e3ab588a7f,https://video.babybillion.in/hls/026_english_speaking_this_is_my_mami/026_english_speaking_this_is_my_mami.m3u8,/026_english_speaking_this_is_my_mami/026_english_speaking_this_is_my_mami.m3u8,mia
30619e43-5147-40b1-abcf-00a3bc9897c0,Paper,BabyBillion_Education,"[{""S"":""3-6""}]",b7ef253a-6fb1-4247-ad59-99c4c945c8ec,https://video.babybillion.in/hls/Paper/Paper.m3u8,/Paper/Paper.m3u8,mia
3067bd91-5096-4f82-a568-9634f55cc557,015_cvc_words_lap,BabyBillion_Education,"[{""S"":""3-6""}]",bac6ace6-06bc-4f67-85bb-5f0b144d5a15,https://video.babybillion.in/hls/015_cvc_words_lap/015_cvc_words_lap.m3u8,/015_cvc_words_lap/015_cvc_words_lap.m3u8,mia
31b934e9-7e08-4a73-b40e-270984600a55,Peas,BabyBillion_Education,"[{""S"":""0-3""}]",c3d15541-8760-45ff-b253-1647ca61bf37,https://video.babybillion.in/hls/Peas/Peas.m3u8,/Peas/Peas.m3u8,mia
3350f350-3cd4-4684-b697-005cc27c1d2b,042_vehicles_passenger_vehicles,BabyBillion_Education,"[{""S"":""3-6""}]",bf9d1fdb-31f8-48e3-9114-9e4e4967617c,https://video.babybillion.in/hls/042_vehicles_passenger_vehicles/042_vehicles_passenger_vehicles.m3u8,/042_vehicles_passenger_vehicles/042_vehicles_passenger_vehicles.m3u8,mia
3358c990-1262-4b71-a3d5-2b55ed9c81b2,Brushing_Teeth,BabyBillion_Education,"[{""S"":""0-3""}]",06f625da-1202-4c8a-8b16-e624b97476d1,https://video.babybillion.in/hls/Brushing_Teeth/Brushing_Teeth.m3u8,/Brushing_Teeth/Brushing_Teeth.m3u8,mia
34a59d84-2f17-4742-9570-44ac5efac9b1,Indian_Rivers_Ganga_Yamuna_Brahmaputra_Godavari,BabyBillion_Education,"[{""S"":""6+""}]",2754f754-bfaf-4810-9852-60d5960a7a74,https://video.babybillion.in/hls/Indian_Rivers_Ganga_Yamuna_Brahmaputra_Godavari/Indian_Rivers_Ganga_Yamuna_Brahmaputra_Godavari.m3u8,/Indian_Rivers_Ganga_Yamuna_Brahmaputra_Godavari/Indian_Rivers_Ganga_Yamuna_Brahmaputra_Godavari.m3u8,mia
354425b1-2316-4a70-b52c-c66601698dd2,School_Playschool,BabyBillion_Education,"[{""S"":""0-3""}]",e4dd4a24-f512-4d74-8bad-596b71c5369f,https://video.babybillion.in/hls/School_Playschool/School_Playschool.m3u8,/School_Playschool/School_Playschool.m3u8,mia
381b3b53-f9a2-47e5-8914-052a1b4f5014,054_simple_sentences_i_am_dancing,BabyBillion_Education,"[{""S"":""3-6""}]",4c06fdb7-0fe2-4c21-aab0-f80f2fa1f650,https://video.babybillion.in/hls/054_simple_sentences_i_am_dancing/054_simple_sentences_i_am_dancing.m3u8,/054_simple_sentences_i_am_dancing/054_simple_sentences_i_am_dancing.m3u8,mia
384c0e95-52ad-4d77-a9ad-df609698ccf1,Wave_hands,BabyBillion_Education,"[{""S"":""3-6""}]",cdd3ba69-c04a-402a-a061-05e0f816a161,https://video.babybillion.in/hls/Wave_hands/Wave_hands.m3u8,/Wave_hands/Wave_hands.m3u8,mia
386aac74-6c97-4dba-8522-d3e9be7f04ad,004_simple_sentences_i_like_oranges,BabyBillion_Education,"[{""S"":""3-6""}]",4c06fdb7-0fe2-4c21-aab0-f80f2fa1f650,https://video.babybillion.in/hls/004_simple_sentences_i_like_oranges/004_simple_sentences_i_like_oranges.m3u8,/004_simple_sentences_i_like_oranges/004_simple_sentences_i_like_oranges.m3u8,mia
39b40cff-7bb9-4336-9293-be4d9c346a32,048_simple_sentences_i_am_eating,BabyBillion_Education,"[{""S"":""3-6""}]",0eba9676-9d93-484f-8938-41e3ab588a7f,https://video.babybillion.in/hls/048_simple_sentences_i_am_eating/048_simple_sentences_i_am_eating.m3u8,/048_simple_sentences_i_am_eating/048_simple_sentences_i_am_eating.m3u8,mia
3a285c8c-15e0-4d99-8101-7be883287887,Soft_Toys,BabyBillion_Education,"[{""S"":""0-3""}]",259e1ebe-d005-41f2-a3f8-810078f51c98,https://video.babybillion.in/hls/Soft_Toys/Soft_Toys.m3u8,/Soft_Toys/Soft_Toys.m3u8,mia
3b98bf0a-8c64-44ee-803d-1390deeb3225,Sense-_Eyes_See,BabyBillion_Education,"[{""S"":""3-6""}]",b7ef253a-6fb1-4247-ad59-99c4c945c8ec,https://video.babybillion.in/hls/Sense-_Eyes_See/Sense-_Eyes_See.m3u8,/Sense-_Eyes_See/Sense-_Eyes_See.m3u8,mia
3bcbfde4-d676-4634-a155-5155107a8bbe,Go,BabyBillion_Education,"[{""S"":""0-3""}]",4e8e2dbf-bad4-4a56-8365-251a1cfc4a10,https://video.babybillion.in/hls/Go/Go.m3u8,/Go/Go.m3u8,mia
3c36df18-04a9-407f-83f9-34f67b7313a2,Crab,BabyBillion_Education,"[{""S"":""0-3""}]",bd7c6e2d-c979-43ea-89eb-899d9aeb8b94,https://video.babybillion.in/hls/Crab/Crab.m3u8,/Crab/Crab.m3u8,mia
3d25f1c3-552a-4660-96f4-43c6135da228,Comp_3-6_ABC_1_Compilation,BabyBillion_Education,"[{""S"":""3-6""}]",1bf17868-9fb8-419a-b7d7-e9ba3b51a364,https://video.babybillion.in/hls/3d25f1c3-552a-4660-96f4-43c6135da228/3d25f1c3-552a-4660-96f4-43c6135da228.m3u8,/hls/3d25f1c3-552a-4660-96f4-43c6135da228/3d25f1c3-552a-4660-96f4-43c6135da228.m3u8,mia
3d491b4a-6743-4483-893c-91a5fa6359bd,S_for_Star,BabyBillion_Education,"[{""S"":""0-3""}]",1bf17868-9fb8-419a-b7d7-e9ba3b51a364,https://video.babybillion.in/hls/S_for_Star/S_for_Star.m3u8,/S_for_Star/S_for_Star.m3u8,mia
3e28a3d2-9145-494c-a528-5213c0187fd2,Herbivores,BabyBillion_Education,"[{""S"":""6+""}]",79156051-e033-423a-b7de-a68fe1342a75,https://video.babybillion.in/hls/Herbivores/Herbivores.m3u8,/Herbivores/Herbivores.m3u8,mia
3eb4a3c0-f3a1-4e38-8ba8-ce613da5aea5,011_abc_letter_u_umbrella_uncle,BabyBillion_Education,"[{""S"":""3-6""}]",1bf17868-9fb8-419a-b7d7-e9ba3b51a364,https://video.babybillion.in/hls/011_abc_letter_u_umbrella_uncle/011_abc_letter_u_umbrella_uncle.m3u8,/011_abc_letter_u_umbrella_uncle/011_abc_letter_u_umbrella_uncle.m3u8,mia
3f483585-15ce-44c0-9eb5-d12f5cd30fef,Cow,BabyBillion_Education,"[{""S"":""0-3""}]",79156051-e033-423a-b7de-a68fe1342a75,https://video.babybillion.in/hls/Cow/Cow.m3u8,/Cow/Cow.m3u8,mia
4178ab74-523b-4f23-b170-e26cb1fb0779,Broccoli,BabyBillion_Education,"[{""S"":""0-3""}]",c3d15541-8760-45ff-b253-1647ca61bf37,https://video.babybillion.in/hls/Broccoli/Broccoli.m3u8,/Broccoli/Broccoli.m3u8,mia
41df460b-22ed-4208-8bac-2273e4fcd84c,Tummy_Stomach_Waist,BabyBillion_Education,"[{""S"":""3-6""}]",6d841cca-a54f-451a-90fc-aeffa145e274,https://video.babybillion.in/hls/Tummy_Stomach_Waist/Tummy_Stomach_Waist.m3u8,/Tummy_Stomach_Waist/Tummy_Stomach_Waist.m3u8,mia
42a7c7d7-0c89-465f-bb92-6589a2fa3d24,001_simple_sentences_i_like_mangoes,BabyBillion_Education,"[{""S"":""3-6""}]",4c06fdb7-0fe2-4c21-aab0-f80f2fa1f650,https://video.babybillion.in/hls/001_simple_sentences_i_like_mangoes/001_simple_sentences_i_like_mangoes.m3u8,/001_simple_sentences_i_like_mangoes/001_simple_sentences_i_like_mangoes.m3u8,mia
42da4e0e-f9cd-420a-831e-bfa69e56a1b7,Common_Foods-_Sabzi_Veg_curry,BabyBillion_Education,"[{""S"":""3-6""}]",2754f754-bfaf-4810-9852-60d5960a7a74,https://video.babybillion.in/hls/Common_Foods-_Sabzi_Veg_curry/Common_Foods-_Sabzi_Veg_curry.m3u8,/Common_Foods-_Sabzi_Veg_curry/Common_Foods-_Sabzi_Veg_curry.m3u8,mia
4651849e-3d07-4ed5-9a3f-d9a80015c591,037_english_speaking_i_am_sad,BabyBillion_Education,"[{""S"":""3-6""}]",0eba9676-9d93-484f-8938-41e3ab588a7f,https://video.babybillion.in/hls/037_english_speaking_i_am_sad/037_english_speaking_i_am_sad.m3u8,/037_english_speaking_i_am_sad/037_english_speaking_i_am_sad.m3u8,mia
46fbec5f-020e-4cc6-b38b-7884a3f10f5e,Lobster,BabyBillion_Education,"[{""S"":""0-3""}]",bd7c6e2d-c979-43ea-89eb-899d9aeb8b94,https://video.babybillion.in/hls/Lobster/Lobster.m3u8,/Lobster/Lobster.m3u8,mia
46ff8ae6-71a5-4b0a-b2b5-d7e502bef8df,043_colors_pink_rose,BabyBillion_Education,"[{""S"":""3-6""}]",c23beb7b-23de-440c-9fb1-2990013f11a6,https://video.babybillion.in/hls/043_colors_pink_rose/043_colors_pink_rose.m3u8,/043_colors_pink_rose/043_colors_pink_rose.m3u8,mia
4749737f-5d30-4dea-aa61-bce319914654,IC,BabyBillion_Education,"[{""S"":""3-6""}]",b79bd45b-2c9c-4b7d-91a0-07c93a4dbea1,https://video.babybillion.in/hls/IC/IC.m3u8,/IC/IC.m3u8,mia
475a9e80-3a89-448a-950b-544ddea3cdcb,Big_-_Small,BabyBillion_Education,"[{""S"":""6+""}]",03776bdf-d177-47e6-abe5-d3215a0df920,https://video.babybillion.in/hls/Big_-_Small/Big_-_Small.m3u8,/Big_-_Small/Big_-_Small.m3u8,mia
48ef97e5-6ff8-4bfe-a289-289389c7d14e,My_Dream_Sports_Day,BabyBillion_Education,"[{""S"":""6+""}]",cf83518a-7e38-483a-9b3e-a943beb08196,https://video.babybillion.in/hls/My_Dream_Sports_Day/My_Dream_Sports_Day.m3u8,/My_Dream_Sports_Day/My_Dream_Sports_Day.m3u8,mia
4929be32-ad77-44ae-bddc-cfd9fc523613,Number_4,BabyBillion_Education,"[{""S"":""3-6""}]",96c17b79-8401-4494-9e78-28c683d600c0,https://video.babybillion.in/hls/Number_4/Number_4.m3u8,/Number_4/Number_4.m3u8,mia
4986fb28-79cf-426e-aed6-84f856b5b4cd,Tomato,BabyBillion_Education,"[{""S"":""0-3""}]",c3d15541-8760-45ff-b253-1647ca61bf37,https://video.babybillion.in/hls/Tomato/Tomato.m3u8,/Tomato/Tomato.m3u8,mia
4a14cebf-059a-42df-9a18-a5b5a89af32f,Doctor,BabyBillion_Education,"[{""S"":""0-3""}]",18ae1c51-e0c5-4df1-94f6-30f5e6732dd3,https://video.babybillion.in/hls/Doctor/Doctor.m3u8,/Doctor/Doctor.m3u8,mia
4b189ce8-9ee9-421b-adbe-d9ef97c72566,Nani,BabyBillion_Education,"[{""S"":""0-3""}]",24429faf-f706-4456-a1a0-d8b55cc55f9d,https://video.babybillion.in/hls/Nani/Nani.m3u8,/Nani/Nani.m3u8,mia
4c1cd814-f8b0-440c-bfc3-4810b015f2aa,Circus,BabyBillion_Education,"[{""S"":""0-3""}]",e4dd4a24-f512-4d74-8bad-596b71c5369f,https://video.babybillion.in/hls/Circus/Circus.m3u8,/Circus/Circus.m3u8,mia
4c2ea2f4-369d-4344-b10b-8512bb03aef3,Ostrich,BabyBillion_Education,"[{""S"":""0-3""}]",efdd9da9-9b29-45aa-8bc4-3ddbee54940d,https://video.babybillion.in/hls/Ostrich/Ostrich.m3u8,/Ostrich/Ostrich.m3u8,mia
4ceb036c-b6fe-401e-b213-d728e93894a6,Sight_words_said,BabyBillion_Education,"[{""S"":""3-6""}]",181961d7-b484-40c7-b24c-9b3f335cc424,https://video.babybillion.in/hls/Sight_words_said/Sight_words_said.m3u8,/Sight_words_said/Sight_words_said.m3u8,mia
4d6cfe4a-151f-409f-93c3-39a0d9c28cdb,Triangle,BabyBillion_Education,"[{""S"":""3-6""}]",da4d2220-056e-483b-9fc0-8451577d4cc9,https://video.babybillion.in/hls/Triangle/Triangle.m3u8,/Triangle/Triangle.m3u8,mia
4e399eb5-5315-4fee-a007-96bf8cd81263,Friendly,BabyBillion_Education,"[{""S"":""3-6""}]",90ff5296-5b99-4ddf-8bdf-ac55f6f7b6c2,https://video.babybillion.in/hls/Friendly/Friendly.m3u8,/Friendly/Friendly.m3u8,mia
513506ca-ae4a-4e58-8bdb-38e6b35eeccf,Grapes,BabyBillion_Education,"[{""S"":""0-3""}]",2c830c25-38e8-4d38-a3c3-cc9a3ff96b5f,https://video.babybillion.in/hls/Grapes/Grapes.m3u8,/Grapes/Grapes.m3u8,mia
51950984-6075-4aa1-8529-7beb6b393a47,001_phonics_sound_of_a_a_as_in_apple,BabyBillion_Education,"[{""S"":""3-6""}]",b79bd45b-2c9c-4b7d-91a0-07c93a4dbea1,https://video.babybillion.in/hls/001_phonics_sound_of_a_a_as_in_apple/001_phonics_sound_of_a_a_as_in_apple.m3u8,/001_phonics_sound_of_a_a_as_in_apple/001_phonics_sound_of_a_a_as_in_apple.m3u8,mia
523c08f1-b73a-403f-8723-4449b1af4d36,Bee,BabyBillion_Education,"[{""S"":""0-3""}]",40d567cd-95aa-469e-b7a8-da623f2579d8,https://video.babybillion.in/hls/Bee/Bee.m3u8,/Bee/Bee.m3u8,mia
5273806a-f7c9-4213-962b-6ac8e66b086f,Blueberry,BabyBillion_Education,"[{""S"":""0-3""}]",2c830c25-38e8-4d38-a3c3-cc9a3ff96b5f,https://video.babybillion.in/hls/Blueberry/Blueberry.m3u8,/Blueberry/Blueberry.m3u8,mia
529e2053-d5a3-4333-8554-99bee05a50bc,023_varnmala_vyanjan_bha_se_bhaalu,BabyBillion_Education,"[{""S"":""3-6""}]",fec06a4b-b277-4fe2-8fff-bb40451bf2d9,https://video.babybillion.in/hls/023_varnmala_vyanjan_bha_se_bhaalu/023_varnmala_vyanjan_bha_se_bhaalu.m3u8,/023_varnmala_vyanjan_bha_se_bhaalu/023_varnmala_vyanjan_bha_se_bhaalu.m3u8,mia
52a63834-7d9b-4f37-9c55-87e829dbfc6e,Crawl,BabyBillion_Education,"[{""S"":""0-3""}]",6d841cca-a54f-451a-90fc-aeffa145e274,https://video.babybillion.in/hls/Crawl/Crawl.m3u8,/Crawl/Crawl.m3u8,mia
52f2a51b-562b-4b5d-8b33-25705da8f70d,Sound_of_E_e,BabyBillion_Education,"[{""S"":""3-6""}]",b79bd45b-2c9c-4b7d-91a0-07c93a4dbea1,https://video.babybillion.in/hls/Sound_of_E_e/Sound_of_E_e.m3u8,/Sound_of_E_e/Sound_of_E_e.m3u8,mia
5379f34d-cd6b-4f6e-bc33-5c39bec4b184,014_simple_sentences_i_can_dance,BabyBillion_Education,"[{""S"":""3-6""}]",4c06fdb7-0fe2-4c21-aab0-f80f2fa1f650,https://video.babybillion.in/hls/014_simple_sentences_i_can_dance/014_simple_sentences_i_can_dance.m3u8,/014_simple_sentences_i_can_dance/014_simple_sentences_i_can_dance.m3u8,mia
53a4b33a-a384-4697-9418-6ee93633a1e5,005_sight_words_my,BabyBillion_Education,"[{""S"":""3-6""}]",181961d7-b484-40c7-b24c-9b3f335cc424,https://video.babybillion.in/hls/005_sight_words_my/005_sight_words_my.m3u8,/005_sight_words_my/005_sight_words_my.m3u8,mia
5463c582-e651-4026-8a44-0f2b325967aa,The,BabyBillion_Education,"[{""S"":""3-6""}]",181961d7-b484-40c7-b24c-9b3f335cc424,https://video.babybillion.in/hls/The/The.m3u8,/The/The.m3u8,mia
54b02c09-7ca7-471a-b73c-09b0b23b8c30,Parrot,BabyBillion_Education,"[{""S"":""0-3""}]",efdd9da9-9b29-45aa-8bc4-3ddbee54940d,https://video.babybillion.in/hls/Parrot/Parrot.m3u8,/Parrot/Parrot.m3u8,mia
55f20679-774c-4c33-b497-0c48d12f79a0,017_vehicles_stroller,BabyBillion_Education,"[{""S"":""3-6""}]",bf9d1fdb-31f8-48e3-9114-9e4e4967617c,https://video.babybillion.in/hls/017_vehicles_stroller/017_vehicles_stroller.m3u8,/017_vehicles_stroller/017_vehicles_stroller.m3u8,mia
565a3e22-0c83-416f-99aa-5a07b1dc1c41,012_good_habits_drinking_water_regularly,BabyBillion_Education,"[{""S"":""3-6""}]",06f625da-1202-4c8a-8b16-e624b97476d1,https://video.babybillion.in/hls/012_good_habits_drinking_water_regularly/012_good_habits_drinking_water_regularly.m3u8,/012_good_habits_drinking_water_regularly/012_good_habits_drinking_water_regularly.m3u8,mia
56937c52-a8f4-4810-8c74-bf12ac06a4b1,Rajma_Rice,BabyBillion_Education,"[{""S"":""3-6""}]",5bc39ba0-a18b-42a9-9176-736112991697,https://video.babybillion.in/hls/Rajma_Rice/Rajma_Rice.m3u8,/Rajma_Rice/Rajma_Rice.m3u8,mia
582d3dde-136e-4ceb-a8d6-891a15de93ca,Piglet_Baby_Pig,BabyBillion_Education,"[{""S"":""3-6""}]",79156051-e033-423a-b7de-a68fe1342a75,https://video.babybillion.in/hls/Piglet_Baby_Pig/Piglet_Baby_Pig.m3u8,/Piglet_Baby_Pig/Piglet_Baby_Pig.m3u8,mia
597e3ae8-a8af-48d4-ba61-c68f8931eb20,Comp_3-6_Food_Items_02,BabyBillion_Education,"[{""S"":""3-6""}]",5bc39ba0-a18b-42a9-9176-736112991697,https://video.babybillion.in/hls/597e3ae8-a8af-48d4-ba61-c68f8931eb20/597e3ae8-a8af-48d4-ba61-c68f8931eb20.m3u8,/hls/597e3ae8-a8af-48d4-ba61-c68f8931eb20/597e3ae8-a8af-48d4-ba61-c68f8931eb20.m3u8,mia
5dba8d5c-3d11-41a5-94d4-f270b86291e5,Curve_Line,BabyBillion_Education,"[{""S"":""0-3""}]",da4d2220-056e-483b-9fc0-8451577d4cc9,https://video.babybillion.in/hls/Curve_Line/Curve_Line.m3u8,/Curve_Line/Curve_Line.m3u8,mia
5ec5028e-2dac-4080-8178-0d37f75cdc52,Macaw,BabyBillion_Education,"[{""S"":""0-3""}]",efdd9da9-9b29-45aa-8bc4-3ddbee54940d,https://video.babybillion.in/hls/Macaw/Macaw.m3u8,/Macaw/Macaw.m3u8,mia
5f149d01-4ded-4c17-8c90-1af69784668b,035_sight_words_with,BabyBillion_Education,"[{""S"":""3-6""}]",181961d7-b484-40c7-b24c-9b3f335cc424,https://video.babybillion.in/hls/035_sight_words_with/035_sight_words_with.m3u8,/035_sight_words_with/035_sight_words_with.m3u8,mia
5f7b9fba-9935-4f80-a466-8ab82dd9e80b,Joy,BabyBillion_Education,"[{""S"":""3-6""}]",90ff5296-5b99-4ddf-8bdf-ac55f6f7b6c2,https://video.babybillion.in/hls/Joy/Joy.m3u8,/Joy/Joy.m3u8,mia
601b99d9-4520-4652-9c42-0edd59b2ec22,Parts_of_the_Day_Morning_Afternoon_Evening_Night,BabyBillion_Education,"[{""S"":""6+""}]",61d5066e-0470-45e3-8a5b-54a0703db8c0,https://video.babybillion.in/hls/Parts_of_the_Day_Morning_Afternoon_Evening_Night/Parts_of_the_Day_Morning_Afternoon_Evening_Night.m3u8,/Parts_of_the_Day_Morning_Afternoon_Evening_Night/Parts_of_the_Day_Morning_Afternoon_Evening_Night.m3u8,mia
60c1b494-6b4e-4c6e-9b37-b4ddf52cdba3,Cvc_words_pig,BabyBillion_Education,"[{""S"":""3-6""}]",bac6ace6-06bc-4f67-85bb-5f0b144d5a15,https://video.babybillion.in/hls/Cvc_words_pig/Cvc_words_pig.m3u8,/Cvc_words_pig/Cvc_words_pig.m3u8,mia
61d4a75c-3e06-4c20-8b30-ddb64f33f439,States_of_Matter_Solid_Liquid_Gas,BabyBillion_Education,"[{""S"":""6+""}]",b7ef253a-6fb1-4247-ad59-99c4c945c8ec,https://video.babybillion.in/hls/States_of_Matter_Solid_Liquid_Gas/States_of_Matter_Solid_Liquid_Gas.m3u8,/States_of_Matter_Solid_Liquid_Gas/States_of_Matter_Solid_Liquid_Gas.m3u8,mia
62fef451-d5f8-4aeb-b3ed-fba562af4e30,Saying_good_night,BabyBillion_Education,"[{""S"":""3-6""}]",06f625da-1202-4c8a-8b16-e624b97476d1,https://video.babybillion.in/hls/Saying_good_night/Saying_good_night.m3u8,/Saying_good_night/Saying_good_night.m3u8,mia
63a7a914-9f77-440a-93c5-b87f35cfd191,Letter_A_Apple_Ant,BabyBillion_Education,"[{""S"":""3-6""}]",1bf17868-9fb8-419a-b7d7-e9ba3b51a364,https://video.babybillion.in/hls/Letter_A_Apple_Ant/Letter_A_Apple_Ant.m3u8,/Letter_A_Apple_Ant/Letter_A_Apple_Ant.m3u8,mia
63d226ff-e432-4ca7-a234-97b23e0ee919,Paratha,BabyBillion_Education,"[{""S"":""0-3""}]",5bc39ba0-a18b-42a9-9176-736112991697,https://video.babybillion.in/hls/Paratha/Paratha.m3u8,/Paratha/Paratha.m3u8,mia
64c0fdd9-6f83-4c81-8693-b41efb5c107b,City,BabyBillion_Education,"[{""S"":""3-6""}]",b7ef253a-6fb1-4247-ad59-99c4c945c8ec,https://video.babybillion.in/hls/City/City.m3u8,/City/City.m3u8,mia
65260618-ce39-458b-97f6-9b45400628a1,Nana,BabyBillion_Education,"[{""S"":""0-3""}]",24429faf-f706-4456-a1a0-d8b55cc55f9d,https://video.babybillion.in/hls/Nana/Nana.m3u8,/Nana/Nana.m3u8,mia
65302e4e-a67a-4084-a47d-4d7dd486ce44,010_vehicles_dump_truck,BabyBillion_Education,"[{""S"":""3-6""}]",bf9d1fdb-31f8-48e3-9114-9e4e4967617c,https://video.babybillion.in/hls/010_vehicles_dump_truck/010_vehicles_dump_truck.m3u8,/010_vehicles_dump_truck/010_vehicles_dump_truck.m3u8,mia
655114d6-1eee-4ebd-b726-f714e1a44a62,051_community_helpers_electricians_tool_tester,BabyBillion_Education,"[{""S"":""6+""}]",3dc35861-75e5-4d11-a33d-d263d159f041,https://video.babybillion.in/hls/051_community_helpers_electricians_tool_tester/051_community_helpers_electricians_tool_tester.m3u8,/051_community_helpers_electricians_tool_tester/051_community_helpers_electricians_tool_tester.m3u8,mia
67eb8902-95e0-41b1-b4fe-8689dcf56b5e,Hippo,BabyBillion_Education,"[{""S"":""3-6""}]",c1f0397a-0732-418a-b6e4-50081b10219c,https://video.babybillion.in/hls/Hippo/Hippo.m3u8,/Hippo/Hippo.m3u8,mia
68a8e49a-2321-4e4d-bbd6-dda1b798ce57,026_chha_se_chhatri,BabyBillion_Education,"[{""S"":""0-3""}]",de5577e3-4806-4284-9cab-9e7ecf907095,https://video.babybillion.in/hls/026_chha_se_chhatri/026_chha_se_chhatri.m3u8,/026_chha_se_chhatri/026_chha_se_chhatri.m3u8,mia
68da5156-c0c6-4e06-bceb-b389d21a57df,Saying_Please,BabyBillion_Education,"[{""S"":""3-6""}]",0eba9676-9d93-484f-8938-41e3ab588a7f,https://video.babybillion.in/hls/Saying_Please/Saying_Please.m3u8,/Saying_Please/Saying_Please.m3u8,mia
69610f71-d36f-4367-9e06-8bf8fa522dda,Loved,BabyBillion_Education,"[{""S"":""3-6""}]",90ff5296-5b99-4ddf-8bdf-ac55f6f7b6c2,https://video.babybillion.in/hls/Loved/Loved.m3u8,/Loved/Loved.m3u8,mia
6a70fef9-5ecc-40c4-a085-774a7963d145,M_for_Mango,BabyBillion_Education,"[{""S"":""0-3""}]",1bf17868-9fb8-419a-b7d7-e9ba3b51a364,https://video.babybillion.in/hls/M_for_Mango/M_for_Mango.m3u8,/M_for_Mango/M_for_Mango.m3u8,mia
6a95805e-8658-402b-853c-83f805a0dcdc,Bubble_Maker,BabyBillion_Education,"[{""S"":""0-3""}]",259e1ebe-d005-41f2-a3f8-810078f51c98,https://video.babybillion.in/hls/Bubble_Maker/Bubble_Maker.m3u8,/Bubble_Maker/Bubble_Maker.m3u8,mia
6aa11c1e-7867-447a-9816-1671b60030e3,School_Bus,BabyBillion_Education,"[{""S"":""0-3""}]",bf9d1fdb-31f8-48e3-9114-9e4e4967617c,https://video.babybillion.in/hls/School_Bus/School_Bus.m3u8,/School_Bus/School_Bus.m3u8,mia
6ac38bbe-4e41-4283-9021-39426d94861a,05_3_6_Emotions_5_Audio_Fixed,BabyBillion_Education,"[{""S"":""3-6""}]",90ff5296-5b99-4ddf-8bdf-ac55f6f7b6c2,https://video.babybillion.in/hls/6ac38bbe-4e41-4283-9021-39426d94861a/6ac38bbe-4e41-4283-9021-39426d94861a.m3u8,/hls/6ac38bbe-4e41-4283-9021-39426d94861a/6ac38bbe-4e41-4283-9021-39426d94861a.m3u8,mia
6bbcc051-cb7a-450e-a76a-fbd735f9b5b3,Heart,BabyBillion_Education,"[{""S"":""3-6""}]",6d841cca-a54f-451a-90fc-aeffa145e274,https://video.babybillion.in/hls/Heart/Heart.m3u8,/Heart/Heart.m3u8,mia
6d53b4e7-96eb-4421-8781-7e44ceae0835,Aa,BabyBillion_Education,"[{""S"":""3-6""}]",fec06a4b-b277-4fe2-8fff-bb40451bf2d9,https://video.babybillion.in/hls/Aa/Aa.m3u8,/Aa/Aa.m3u8,mia
6e50da57-1b5e-48ac-9e68-98bbd045925c,Firefly,BabyBillion_Education,"[{""S"":""0-3""}]",40d567cd-95aa-469e-b7a8-da623f2579d8,https://video.babybillion.in/hls/Firefly/Firefly.m3u8,/Firefly/Firefly.m3u8,mia
6ee57dc9-dae4-470a-b532-0d1d71cf44b2,Feeling_Frustrated,BabyBillion_Education,"[{""S"":""6+""}]",90ff5296-5b99-4ddf-8bdf-ac55f6f7b6c2,https://video.babybillion.in/hls/Feeling_Frustrated/Feeling_Frustrated.m3u8,/Feeling_Frustrated/Feeling_Frustrated.m3u8,mia
6ee72d9b-b746-401b-88cf-6704c5436315,Puppy_Baby_Dog,BabyBillion_Education,"[{""S"":""0-3""}]",79156051-e033-423a-b7de-a68fe1342a75,https://video.babybillion.in/hls/Puppy_Baby_Dog/Puppy_Baby_Dog.m3u8,/Puppy_Baby_Dog/Puppy_Baby_Dog.m3u8,mia
6efdcc73-f5b3-474b-8cc1-e60e63a173da,Caring,BabyBillion_Education,"[{""S"":""0-3""}]",90ff5296-5b99-4ddf-8bdf-ac55f6f7b6c2,https://video.babybillion.in/hls/Caring/Caring.m3u8,/Caring/Caring.m3u8,mia
6f661673-3dfb-44bd-bc54-821ef8bebf68,The,BabyBillion_Education,"[{""S"":""3-6""}]",181961d7-b484-40c7-b24c-9b3f335cc424,https://video.babybillion.in/hls/The/The.m3u8,/The/The.m3u8,mia
6f6b6f7b-785e-4805-ac88-284ac6131b2d,Rice_Dal,BabyBillion_Education,"[{""S"":""3-6""}]",5bc39ba0-a18b-42a9-9176-736112991697,https://video.babybillion.in/hls/Rice_Dal/Rice_Dal.m3u8,/Rice_Dal/Rice_Dal.m3u8,mia
703b479b-b5ef-495e-9079-a0b90d1752cd,Birthday_Cake,BabyBillion_Education,"[{""S"":""0-3""}]",655a5081-8ce4-4cfc-b36d-d5d0d1a06c1e,https://video.babybillion.in/hls/Birthday_Cake/Birthday_Cake.m3u8,/Birthday_Cake/Birthday_Cake.m3u8,mia
7081e941-7b44-4890-a7b3-34ae7ee48487,048_english_speaking_i_want_to_sleep,BabyBillion_Education,"[{""S"":""3-6""}]",0eba9676-9d93-484f-8938-41e3ab588a7f,https://video.babybillion.in/hls/048_english_speaking_i_want_to_sleep/048_english_speaking_i_want_to_sleep.m3u8,/048_english_speaking_i_want_to_sleep/048_english_speaking_i_want_to_sleep.m3u8,mia
70cd94c9-d509-4291-b447-a96b5e523959,Bounce_a_ball,BabyBillion_Education,"[{""S"":""0-3""}]",cdd3ba69-c04a-402a-a061-05e0f816a161,https://video.babybillion.in/hls/Bounce_a_ball/Bounce_a_ball.m3u8,/Bounce_a_ball/Bounce_a_ball.m3u8,mia
71bc9561-06c5-4f62-b07d-c38932cd2144,Pizza_Slice_Triangle,BabyBillion_Education,"[{""S"":""0-3""}]",da4d2220-056e-483b-9fc0-8451577d4cc9,https://video.babybillion.in/hls/Pizza_Slice_Triangle/Pizza_Slice_Triangle.m3u8,/Pizza_Slice_Triangle/Pizza_Slice_Triangle.m3u8,mia
7258d5ae-77b1-4f62-acff-48f4e6aba848,061_cvc_words_sit,BabyBillion_Education,"[{""S"":""3-6""}]",bac6ace6-06bc-4f67-85bb-5f0b144d5a15,https://video.babybillion.in/hls/061_cvc_words_sit/061_cvc_words_sit.m3u8,/061_cvc_words_sit/061_cvc_words_sit.m3u8,mia
72b5b829-291b-43de-9618-1b3ee40cfa7f,Throwing_Trash_in_Dustbin,BabyBillion_Education,"[{""S"":""0-3""}]",06f625da-1202-4c8a-8b16-e624b97476d1,https://video.babybillion.in/hls/Throwing_Trash_in_Dustbin/Throwing_Trash_in_Dustbin.m3u8,/Throwing_Trash_in_Dustbin/Throwing_Trash_in_Dustbin.m3u8,mia
72dfea09-7713-40c0-bae6-807f71cf22bc,032_simple_sentences_i_see_a_butterfly,BabyBillion_Education,"[{""S"":""3-6""}]",4c06fdb7-0fe2-4c21-aab0-f80f2fa1f650,https://video.babybillion.in/hls/032_simple_sentences_i_see_a_butterfly/032_simple_sentences_i_see_a_butterfly.m3u8,/032_simple_sentences_i_see_a_butterfly/032_simple_sentences_i_see_a_butterfly.m3u8,mia
72f13d28-f18f-44ba-b647-3e539196f0c8,Janmashtami,BabyBillion_Education,"[{""S"":""0-3""}]",655a5081-8ce4-4cfc-b36d-d5d0d1a06c1e,https://video.babybillion.in/hls/Janmashtami/Janmashtami.m3u8,/Janmashtami/Janmashtami.m3u8,mia
731e5d4b-5315-471a-ad73-a14d62efd4ab,021_ka_se_kabootar,BabyBillion_Education,"[{""S"":""0-3""}]",de5577e3-4806-4284-9cab-9e7ecf907095,https://video.babybillion.in/hls/021_ka_se_kabootar/021_ka_se_kabootar.m3u8,/021_ka_se_kabootar/021_ka_se_kabootar.m3u8,mia
7341dde1-0622-4245-b8a1-0c1a02bd6560,Sound_of_G_g,BabyBillion_Education,"[{""S"":""3-6""}]",b79bd45b-2c9c-4b7d-91a0-07c93a4dbea1,https://video.babybillion.in/hls/Sound_of_G_g/Sound_of_G_g.m3u8,/Sound_of_G_g/Sound_of_G_g.m3u8,mia
73ed6814-7835-4240-b3cb-fe093beb824b,Wearing_Clean_Clothes,BabyBillion_Education,"[{""S"":""0-3""}]",06f625da-1202-4c8a-8b16-e624b97476d1,https://video.babybillion.in/hls/Wearing_Clean_Clothes/Wearing_Clean_Clothes.m3u8,/Wearing_Clean_Clothes/Wearing_Clean_Clothes.m3u8,mia
77ee3ec2-714c-4310-8d41-9b887de5d799,Farmer_Kisaan,BabyBillion_Education,"[{""S"":""0-3""}]",18ae1c51-e0c5-4df1-94f6-30f5e6732dd3,https://video.babybillion.in/hls/Farmer_Kisaan/Farmer_Kisaan.m3u8,/Farmer_Kisaan/Farmer_Kisaan.m3u8,mia
7a0ecd6b-42b1-4d9b-a658-723490a60ded,046_colors_black_night_sky,BabyBillion_Education,"[{""S"":""3-6""}]",c23beb7b-23de-440c-9fb1-2990013f11a6,https://video.babybillion.in/hls/046_colors_black_night_sky/046_colors_black_night_sky.m3u8,/046_colors_black_night_sky/046_colors_black_night_sky.m3u8,mia
7a905246-53b7-4fea-8473-8c25f8e0dda0,U_for_Umbrella,BabyBillion_Education,"[{""S"":""0-3""}]",1bf17868-9fb8-419a-b7d7-e9ba3b51a364,https://video.babybillion.in/hls/U_for_Umbrella/U_for_Umbrella.m3u8,/U_for_Umbrella/U_for_Umbrella.m3u8,mia
7afbd4ed-4b96-4133-bd8c-ea92296803d6,013_sight_words_no,BabyBillion_Education,"[{""S"":""3-6""}]",181961d7-b484-40c7-b24c-9b3f335cc424,https://video.babybillion.in/hls/013_sight_words_no/013_sight_words_no.m3u8,/013_sight_words_no/013_sight_words_no.m3u8,mia
7bb17686-99ad-4ce4-bbbe-8789c0deda06,Sleepy,BabyBillion_Education,"[{""S"":""0-3""}]",90ff5296-5b99-4ddf-8bdf-ac55f6f7b6c2,https://video.babybillion.in/hls/Sleepy/Sleepy.m3u8,/Sleepy/Sleepy.m3u8,mia
7cafca7f-ec5f-48ce-9779-320774863ca3,Milk_Van,BabyBillion_Education,"[{""S"":""0-3""}]",bf9d1fdb-31f8-48e3-9114-9e4e4967617c,https://video.babybillion.in/hls/Milk_Van/Milk_Van.m3u8,/Milk_Van/Milk_Van.m3u8,mia
7ceac4f5-be64-41c5-b79f-eb077d5557b2,030_cvc_words_fed,BabyBillion_Education,"[{""S"":""3-6""}]",bac6ace6-06bc-4f67-85bb-5f0b144d5a15,https://video.babybillion.in/hls/030_cvc_words_fed/030_cvc_words_fed.m3u8,/030_cvc_words_fed/030_cvc_words_fed.m3u8,mia
7d77a576-1368-4788-b7a2-6ba690c58bc4,Number_4_Four,BabyBillion_Education,"[{""S"":""0-3""}]",7f104108-2a0b-4ef6-ae47-dd084674c0e6,https://video.babybillion.in/hls/Number_4_Four/Number_4_Four.m3u8,/Number_4_Four/Number_4_Four.m3u8,mia
7e0c067e-0b60-45c3-b05f-0726f353aa70,Brushing_Teeth_Twice_a_Day,BabyBillion_Education,"[{""S"":""3-6""}]",06f625da-1202-4c8a-8b16-e624b97476d1,https://video.babybillion.in/hls/Brushing_Teeth_Twice_a_Day/Brushing_Teeth_Twice_a_Day.m3u8,/Brushing_Teeth_Twice_a_Day/Brushing_Teeth_Twice_a_Day.m3u8,mia
7edde1dd-163a-4662-8643-bb445b4e26dd,Catching_objects,BabyBillion_Education,"[{""S"":""3-6""}]",6d841cca-a54f-451a-90fc-aeffa145e274,https://video.babybillion.in/hls/Catching_objects/Catching_objects.m3u8,/Catching_objects/Catching_objects.m3u8,mia
7fdf54f1-1fb9-4b3b-ac37-2f089fb60a54,Letter_H_Hat_House,BabyBillion_Education,"[{""S"":""3-6""}]",1bf17868-9fb8-419a-b7d7-e9ba3b51a364,https://video.babybillion.in/hls/Letter_H_Hat_House/Letter_H_Hat_House.m3u8,/Letter_H_Hat_House/Letter_H_Hat_House.m3u8,mia
802445d6-3743-4f37-9247-c4700771f4d4,What_is_Addition_putting_together,BabyBillion_Education,"[{""S"":""3-6""}]",f86787db-e9ed-4093-9aa4-a1df05f1c772,https://video.babybillion.in/hls/What_is_Addition_putting_together/What_is_Addition_putting_together.m3u8,/What_is_Addition_putting_together/What_is_Addition_putting_together.m3u8,mia
810aacc3-364b-41c0-a0d0-6d37b142de28,023_simple_sentences_i_have_ten_fingers,BabyBillion_Education,"[{""S"":""3-6""}]",4c06fdb7-0fe2-4c21-aab0-f80f2fa1f650,https://video.babybillion.in/hls/023_simple_sentences_i_have_ten_fingers/023_simple_sentences_i_have_ten_fingers.m3u8,/023_simple_sentences_i_have_ten_fingers/023_simple_sentences_i_have_ten_fingers.m3u8,mia
814f5a6a-c06b-455a-b86d-53ac399d7bae,Flower,BabyBillion_Education,"[{""S"":""0-3""}]",f476a63c-f5d0-4454-afee-eb96182ff983,https://video.babybillion.in/hls/Flower/Flower.m3u8,/Flower/Flower.m3u8,mia
8170e6a3-a159-440d-a9cd-33e1646d2f00,Cow,BabyBillion_Education,"[{""S"":""3-6""}]",c06e196f-39fa-4dc0-a9ba-0f036f7bc248,https://video.babybillion.in/hls/Cow/Cow.m3u8,/Cow/Cow.m3u8,mia
818830cd-eed3-40ea-92a5-8c27ee817fbe,Cabbage,BabyBillion_Education,"[{""S"":""0-3""}]",c3d15541-8760-45ff-b253-1647ca61bf37,https://video.babybillion.in/hls/Cabbage/Cabbage.m3u8,/Cabbage/Cabbage.m3u8,mia
844cef90-3b18-42a9-b171-49abe7d295dc,012_simple_sentences_i_can_skip,BabyBillion_Education,"[{""S"":""3-6""}]",4c06fdb7-0fe2-4c21-aab0-f80f2fa1f650,https://video.babybillion.in/hls/012_simple_sentences_i_can_skip/012_simple_sentences_i_can_skip.m3u8,/012_simple_sentences_i_can_skip/012_simple_sentences_i_can_skip.m3u8,mia
849c857d-fc1b-4c78-90fb-4009fc94308b,Can_Fan,BabyBillion_Education,"[{""S"":""3-6""}]",bac6ace6-06bc-4f67-85bb-5f0b144d5a15,https://video.babybillion.in/hls/Can_Fan/Can_Fan.m3u8,/Can_Fan/Can_Fan.m3u8,mia
865d03f2-d52f-48f0-8516-948e72b524b3,Tram,BabyBillion_Education,"[{""S"":""3-6""}]",bf9d1fdb-31f8-48e3-9114-9e4e4967617c,https://video.babybillion.in/hls/Tram/Tram.m3u8,/Tram/Tram.m3u8,mia
86868120-a4b3-48e6-a834-c2b6705b580c,Crunchy_Vegetables-_Carrot_Cucumber_Capsicum,BabyBillion_Education,"[{""S"":""3-6""}]",c3d15541-8760-45ff-b253-1647ca61bf37,https://video.babybillion.in/hls/Crunchy_Vegetables-_Carrot_Cucumber_Capsicum/Crunchy_Vegetables-_Carrot_Cucumber_Capsicum.m3u8,/Crunchy_Vegetables-_Carrot_Cucumber_Capsicum/Crunchy_Vegetables-_Carrot_Cucumber_Capsicum.m3u8,mia
86e47318-3603-41c1-9798-1b3a5f7a9d59,Pattern_Red_Blue_Red_Blue,BabyBillion_Education,"[{""S"":""3-6""}]",4bd9c717-ad03-4075-b8ee-8d39a1d078b0,https://video.babybillion.in/hls/Pattern_Red_Blue_Red_Blue/Pattern_Red_Blue_Red_Blue.m3u8,/Pattern_Red_Blue_Red_Blue/Pattern_Red_Blue_Red_Blue.m3u8,mia
8744bb7e-9a21-4ec5-8d7b-207f630b9c08,034_sight_words_them,BabyBillion_Education,"[{""S"":""3-6""}]",181961d7-b484-40c7-b24c-9b3f335cc424,https://video.babybillion.in/hls/034_sight_words_them/034_sight_words_them.m3u8,/034_sight_words_them/034_sight_words_them.m3u8,mia
87cd8f98-bc5e-4de4-9b57-3cff324a4bd3,Shrimp,BabyBillion_Education,"[{""S"":""0-3""}]",bd7c6e2d-c979-43ea-89eb-899d9aeb8b94,https://video.babybillion.in/hls/Shrimp/Shrimp.m3u8,/Shrimp/Shrimp.m3u8,mia
87e9691e-2c42-45d8-b3b8-3cb03deb345c,104_6_Astronauts_and_Space_Travel,BabyBillion_Education,"[{""S"":""6+""}]",b7ef253a-6fb1-4247-ad59-99c4c945c8ec,https://video.babybillion.in/hls/104_6_Astronauts_and_Space_Travel/104_6_Astronauts_and_Space_Travel.m3u8,/104_6_Astronauts_and_Space_Travel/104_6_Astronauts_and_Space_Travel.m3u8,mia
882ade7f-73a4-45a9-a962-73702ffe51bb,Mothers_Day,BabyBillion_Education,"[{""S"":""0-3""}]",655a5081-8ce4-4cfc-b36d-d5d0d1a06c1e,https://video.babybillion.in/hls/Mothers_Day/Mothers_Day.m3u8,/Mothers_Day/Mothers_Day.m3u8,mia
887e9560-5259-4bde-8159-23c0049bf2ba,Arms_Baahen,BabyBillion_Education,"[{""S"":""0-3""}]",6d841cca-a54f-451a-90fc-aeffa145e274,https://video.babybillion.in/hls/Arms_Baahen/Arms_Baahen.m3u8,/Arms_Baahen/Arms_Baahen.m3u8,mia
88c50784-b230-41cb-b914-167d5e0d7a09,Tractor,BabyBillion_Education,"[{""S"":""0-3""}]",bf9d1fdb-31f8-48e3-9114-9e4e4967617c,https://video.babybillion.in/hls/Tractor/Tractor.m3u8,/Tractor/Tractor.m3u8,mia
897eb37e-5a71-4aac-b6ca-452eec2e45b7,Hippo,BabyBillion_Education,"[{""S"":""3-6""}]",79156051-e033-423a-b7de-a68fe1342a75,https://video.babybillion.in/hls/Hippo/Hippo.m3u8,/Hippo/Hippo.m3u8,mia
8a1a4ed4-6695-41b2-9c3e-3376582dd157,006_varnmala_vyanjan_cha_se_chammach,BabyBillion_Education,"[{""S"":""3-6""}]",fec06a4b-b277-4fe2-8fff-bb40451bf2d9,https://video.babybillion.in/hls/006_varnmala_vyanjan_cha_se_chammach/006_varnmala_vyanjan_cha_se_chammach.m3u8,/006_varnmala_vyanjan_cha_se_chammach/006_varnmala_vyanjan_cha_se_chammach.m3u8,mia
8a3e8b3c-53ea-42f0-a637-623080baeb5f,abc_capital_V_and_small_v,BabyBillion_Education,"[{""S"":""3-6""}]",1bf17868-9fb8-419a-b7d7-e9ba3b51a364,https://video.babybillion.in/hls/abc_capital_V_and_small_v/abc_capital_V_and_small_v.m3u8,/abc_capital_V_and_small_v/abc_capital_V_and_small_v.m3u8,mia
8a40cad4-bc91-452b-8332-58d63411a1fe,Cvc_words_pin,BabyBillion_Education,"[{""S"":""3-6""}]",bac6ace6-06bc-4f67-85bb-5f0b144d5a15,https://video.babybillion.in/hls/Cvc_words_pin/Cvc_words_pin.m3u8,/Cvc_words_pin/Cvc_words_pin.m3u8,mia
8a6aed3e-ff50-472f-aa7b-db1d6b91950a,Covering_Mouth_when_Sneezing,BabyBillion_Education,"[{""S"":""0-3""}]",06f625da-1202-4c8a-8b16-e624b97476d1,https://video.babybillion.in/hls/Covering_Mouth_when_Sneezing/Covering_Mouth_when_Sneezing.m3u8,/Covering_Mouth_when_Sneezing/Covering_Mouth_when_Sneezing.m3u8,mia
8bdc523f-ca84-429f-bae6-8dff2001ef2e,Sound_of_C_k,BabyBillion_Education,"[{""S"":""3-6""}]",b79bd45b-2c9c-4b7d-91a0-07c93a4dbea1,https://video.babybillion.in/hls/Sound_of_C_k/Sound_of_C_k.m3u8,/Sound_of_C_k/Sound_of_C_k.m3u8,mia
8cdbe02e-21cb-43f2-8083-d1aa04a3db48,Flowers,BabyBillion_Education,"[{""S"":""3-6""}]",b7ef253a-6fb1-4247-ad59-99c4c945c8ec,https://video.babybillion.in/hls/Flowers/Flowers.m3u8,/Flowers/Flowers.m3u8,mia
8d125838-a829-437a-8712-58928818edd3,Wearing_Clean_Clothes,BabyBillion_Education,"[{""S"":""6+""}]",06f625da-1202-4c8a-8b16-e624b97476d1,https://video.babybillion.in/hls/Wearing_Clean_Clothes/Wearing_Clean_Clothes.m3u8,/Wearing_Clean_Clothes/Wearing_Clean_Clothes.m3u8,mia
8d45b420-5f1b-49c7-82d0-ac3833de12bd,032_phonics_blending_c_a_t_equals_cat,BabyBillion_Education,"[{""S"":""3-6""}]",b79bd45b-2c9c-4b7d-91a0-07c93a4dbea1,https://video.babybillion.in/hls/032_phonics_blending_c_a_t_equals_cat/032_phonics_blending_c_a_t_equals_cat.m3u8,/032_phonics_blending_c_a_t_equals_cat/032_phonics_blending_c_a_t_equals_cat.m3u8,mia
8ef9fa1c-c38e-4c7d-8ee0-35a8f5a71ae2,104_6_Astronauts_and_Space_Travel,BabyBillion_Education,"[{""S"":""6+""}]",41f1f46f-18fc-4610-a538-2860e362964b,https://video.babybillion.in/hls/104_6_Astronauts_and_Space_Travel/104_6_Astronauts_and_Space_Travel.m3u8,/104_6_Astronauts_and_Space_Travel/104_6_Astronauts_and_Space_Travel.m3u8,mia
8f13e211-acd3-47c3-a888-f22377b2bb05,Sound_of_F_f,BabyBillion_Education,"[{""S"":""3-6""}]",b79bd45b-2c9c-4b7d-91a0-07c93a4dbea1,https://video.babybillion.in/hls/Sound_of_F_f/Sound_of_F_f.m3u8,/Sound_of_F_f/Sound_of_F_f.m3u8,mia
8ff11301-8d2d-4e93-85be-912c205ed864,Rooster,BabyBillion_Education,"[{""S"":""0-3""}]",efdd9da9-9b29-45aa-8bc4-3ddbee54940d,https://video.babybillion.in/hls/Rooster/Rooster.m3u8,/Rooster/Rooster.m3u8,mia
911f88f9-bab2-4bdb-86be-736461f05d4a,Crawl,BabyBillion_Education,"[{""S"":""0-3""}]",cdd3ba69-c04a-402a-a061-05e0f816a161,https://video.babybillion.in/hls/Crawl/Crawl.m3u8,/Crawl/Crawl.m3u8,mia
9141c408-dc61-4d86-9e23-d335b5bef483,Vegetables_from_Plants,BabyBillion_Education,"[{""S"":""0-3""}]",f476a63c-f5d0-4454-afee-eb96182ff983,https://video.babybillion.in/hls/Vegetables_from_Plants/Vegetables_from_Plants.m3u8,/Vegetables_from_Plants/Vegetables_from_Plants.m3u8,mia
92a6c96f-1f60-4926-96cd-e9109d23f1ad,My_Family_Helps_Me,BabyBillion_Education,"[{""S"":""3-6""}]",24429faf-f706-4456-a1a0-d8b55cc55f9d,https://video.babybillion.in/hls/My_Family_Helps_Me/My_Family_Helps_Me.m3u8,/My_Family_Helps_Me/My_Family_Helps_Me.m3u8,mia
93079f42-9388-4770-ad20-989fc62baf93,Washing_Hands_Before_Eating,BabyBillion_Education,"[{""S"":""0-3""}]",06f625da-1202-4c8a-8b16-e624b97476d1,https://video.babybillion.in/hls/Washing_Hands_Before_Eating/Washing_Hands_Before_Eating.m3u8,/Washing_Hands_Before_Eating/Washing_Hands_Before_Eating.m3u8,mia
9588a3fc-3481-4e6f-ae83-8c8a6b583325,Nut_Hut,BabyBillion_Education,"[{""S"":""3-6""}]",bac6ace6-06bc-4f67-85bb-5f0b144d5a15,https://video.babybillion.in/hls/Nut_Hut/Nut_Hut.m3u8,/Nut_Hut/Nut_Hut.m3u8,mia
95f5695f-7eb8-4d92-9132-525356cd125b,012_english_speaking_i_live_in_city,BabyBillion_Education,"[{""S"":""3-6""}]",0eba9676-9d93-484f-8938-41e3ab588a7f,https://video.babybillion.in/hls/012_english_speaking_i_live_in_city/012_english_speaking_i_live_in_city.m3u8,/012_english_speaking_i_live_in_city/012_english_speaking_i_live_in_city.m3u8,mia
96c3ddd3-1baa-4c22-aaa8-23d3070e1e51,13_Long_3_6_Emotions_02,BabyBillion_Education,"[{""S"":""3-6""}]",90ff5296-5b99-4ddf-8bdf-ac55f6f7b6c2,https://video.babybillion.in/hls/96c3ddd3-1baa-4c22-aaa8-23d3070e1e51/96c3ddd3-1baa-4c22-aaa8-23d3070e1e51.m3u8,/hls/96c3ddd3-1baa-4c22-aaa8-23d3070e1e51/96c3ddd3-1baa-4c22-aaa8-23d3070e1e51.m3u8,mia
9795a2ff-fe32-4c61-ad5d-2bc425bc81b4,Skip,BabyBillion_Education,"[{""S"":""0-3""}]",cdd3ba69-c04a-402a-a061-05e0f816a161,https://video.babybillion.in/hls/Skip/Skip.m3u8,/Skip/Skip.m3u8,mia
98b05753-4933-4311-932e-ef7c4a119ede,Sound_of_F_f,BabyBillion_Education,"[{""S"":""3-6""}]",b79bd45b-2c9c-4b7d-91a0-07c93a4dbea1,https://video.babybillion.in/hls/Sound_of_F_f/Sound_of_F_f.m3u8,/Sound_of_F_f/Sound_of_F_f.m3u8,mia
98f14e60-b848-430f-98a3-c21da01b6014,009_varnmala_vyanjan_jha_se_jhanda,BabyBillion_Education,"[{""S"":""3-6""}]",fec06a4b-b277-4fe2-8fff-bb40451bf2d9,https://video.babybillion.in/hls/009_varnmala_vyanjan_jha_se_jhanda/009_varnmala_vyanjan_jha_se_jhanda.m3u8,/009_varnmala_vyanjan_jha_se_jhanda/009_varnmala_vyanjan_jha_se_jhanda.m3u8,mia
999dd210-542f-4661-b63c-afd8d516f3c9,Afternoon,BabyBillion_Education,"[{""S"":""3-6""}]",b7ef253a-6fb1-4247-ad59-99c4c945c8ec,https://video.babybillion.in/hls/Afternoon/Afternoon.m3u8,/Afternoon/Afternoon.m3u8,mia
9b33aef1-1ff7-4d04-807d-dbaa2f251b5a,017_ay_se_edi,BabyBillion_Education,"[{""S"":""0-3""}]",de5577e3-4806-4284-9cab-9e7ecf907095,https://video.babybillion.in/hls/017_ay_se_edi/017_ay_se_edi.m3u8,/017_ay_se_edi/017_ay_se_edi.m3u8,mia
9b4fb95c-e1bf-4a22-92dc-0e65edf891ad,I_see_a_object,BabyBillion_Education,"[{""S"":""3-6""}]",4c06fdb7-0fe2-4c21-aab0-f80f2fa1f650,https://video.babybillion.in/hls/I_see_a_object/I_see_a_object.m3u8,/I_see_a_object/I_see_a_object.m3u8,mia
9e2a0b20-4e2e-43de-8089-333e656ad0ff,Light,BabyBillion_Education,"[{""S"":""0-3""}]",aa154d92-77f0-4dd7-9c3f-d7e57bd9baf5,https://video.babybillion.in/hls/Light/Light.m3u8,/Light/Light.m3u8,mia
9f59307a-236c-480b-9af5-330bb8eac099,Tiger,BabyBillion_Education,"[{""S"":""0-3""}]",79156051-e033-423a-b7de-a68fe1342a75,https://video.babybillion.in/hls/Tiger/Tiger.m3u8,/Tiger/Tiger.m3u8,mia
9f904163-597e-4df1-930d-bfa5e5020965,Fathers_Day,BabyBillion_Education,"[{""S"":""0-3""}]",655a5081-8ce4-4cfc-b36d-d5d0d1a06c1e,https://video.babybillion.in/hls/Fathers_Day/Fathers_Day.m3u8,/Fathers_Day/Fathers_Day.m3u8,mia
a059afdd-81fd-4a2c-ae4d-f6c33fc68d0d,Seed,BabyBillion_Education,"[{""S"":""0-3""}]",f476a63c-f5d0-4454-afee-eb96182ff983,https://video.babybillion.in/hls/Seed/Seed.m3u8,/Seed/Seed.m3u8,mia
a0d286a2-89a3-4a8a-a70d-0790bd0a3149,Number_7,BabyBillion_Education,"[{""S"":""3-6""}]",96c17b79-8401-4494-9e78-28c683d600c0,https://video.babybillion.in/hls/Number_7/Number_7.m3u8,/Number_7/Number_7.m3u8,mia
a0fa53b9-35df-4585-8c8b-1cf03200e51c,Spoon_Bowl,BabyBillion_Education,"[{""S"":""3-6""}]",aa154d92-77f0-4dd7-9c3f-d7e57bd9baf5,https://video.babybillion.in/hls/Spoon_Bowl/Spoon_Bowl.m3u8,/Spoon_Bowl/Spoon_Bowl.m3u8,mia
a1c3f1d9-eec4-4928-9145-d59f0cc80d9a,Sweet_Lime_Mosambi,BabyBillion_Education,"[{""S"":""0-3""}]",2c830c25-38e8-4d38-a3c3-cc9a3ff96b5f,https://video.babybillion.in/hls/Sweet_Lime_Mosambi/Sweet_Lime_Mosambi.m3u8,/Sweet_Lime_Mosambi/Sweet_Lime_Mosambi.m3u8,mia
a234a02d-5012-4d1c-a91c-4e2111c27a97,Z_for_Zoo,BabyBillion_Education,"[{""S"":""0-3""}]",1bf17868-9fb8-419a-b7d7-e9ba3b51a364,https://video.babybillion.in/hls/Z_for_Zoo/Z_for_Zoo.m3u8,/Z_for_Zoo/Z_for_Zoo.m3u8,mia
a2785075-ea1e-489b-af43-addc1cf8587e,Litti_Chokha,BabyBillion_Education,"[{""S"":""3-6""}]",5bc39ba0-a18b-42a9-9176-736112991697,https://video.babybillion.in/hls/Litti_Chokha/Litti_Chokha.m3u8,/Litti_Chokha/Litti_Chokha.m3u8,mia
a4ee3cf9-aed9-4b7e-a713-5745e15a1c0a,Water_Cycle,BabyBillion_Education,"[{""S"":""6+""}]",b7ef253a-6fb1-4247-ad59-99c4c945c8ec,https://video.babybillion.in/hls/Water_Cycle/Water_Cycle.m3u8,/Water_Cycle/Water_Cycle.m3u8,mia
a629eee3-2212-4d96-8c08-746424726ac2,048_simple_sentences_i_am_eating,BabyBillion_Education,"[{""S"":""3-6""}]",4c06fdb7-0fe2-4c21-aab0-f80f2fa1f650,https://video.babybillion.in/hls/048_simple_sentences_i_am_eating/048_simple_sentences_i_am_eating.m3u8,/048_simple_sentences_i_am_eating/048_simple_sentences_i_am_eating.m3u8,mia
a6a334c5-165e-4f5c-b6b1-1208e8b2a3c1,Letter_D_Dog,BabyBillion_Education,"[{""S"":""0-3""}]",1bf17868-9fb8-419a-b7d7-e9ba3b51a364,https://video.babybillion.in/hls/Letter_D_Dog/Letter_D_Dog.m3u8,/Letter_D_Dog/Letter_D_Dog.m3u8,mia
a6de7e3c-c91b-49f7-af34-fcc3b662ba23,Cone_Ice_Cream_Cone,BabyBillion_Education,"[{""S"":""0-3""}]",3579ea01-b32b-40f9-aac1-be5997a17606,https://video.babybillion.in/hls/Cone_Ice_Cream_Cone/Cone_Ice_Cream_Cone.m3u8,/Cone_Ice_Cream_Cone/Cone_Ice_Cream_Cone.m3u8,mia
a6e3a831-104c-4f5e-9004-ba3f089cc419,Cvc_words_net,BabyBillion_Education,"[{""S"":""3-6""}]",bac6ace6-06bc-4f67-85bb-5f0b144d5a15,https://video.babybillion.in/hls/Cvc_words_net/Cvc_words_net.m3u8,/Cvc_words_net/Cvc_words_net.m3u8,mia
a6e9ed3b-a717-4e26-81c4-a524573097b1,047_vehicles_sound_of_an_ambulance_siren,BabyBillion_Education,"[{""S"":""3-6""}]",bf9d1fdb-31f8-48e3-9114-9e4e4967617c,https://video.babybillion.in/hls/047_vehicles_sound_of_an_ambulance_siren/047_vehicles_sound_of_an_ambulance_siren.m3u8,/047_vehicles_sound_of_an_ambulance_siren/047_vehicles_sound_of_an_ambulance_siren.m3u8,mia
a71f39e8-3bf1-46fc-a420-c6b538594fd8,Squirrel,BabyBillion_Education,"[{""S"":""3-6""}]",79156051-e033-423a-b7de-a68fe1342a75,https://video.babybillion.in/hls/Squirrel/Squirrel.m3u8,/Squirrel/Squirrel.m3u8,mia
a747c8f5-ad49-42a9-b9de-3cbf2aeb23e0,010_phonics_sound_of_s_s_as_in_sun,BabyBillion_Education,"[{""S"":""3-6""}]",b79bd45b-2c9c-4b7d-91a0-07c93a4dbea1,https://video.babybillion.in/hls/010_phonics_sound_of_s_s_as_in_sun/010_phonics_sound_of_s_s_as_in_sun.m3u8,/010_phonics_sound_of_s_s_as_in_sun/010_phonics_sound_of_s_s_as_in_sun.m3u8,mia
a76b60cf-c173-4350-9b19-23a4dac741cd,008_sight_words_at,BabyBillion_Education,"[{""S"":""3-6""}]",181961d7-b484-40c7-b24c-9b3f335cc424,https://video.babybillion.in/hls/008_sight_words_at/008_sight_words_at.m3u8,/008_sight_words_at/008_sight_words_at.m3u8,mia
a7f75bf0-4e29-4759-9442-dc9e6f63a9ea,Saying_Please,BabyBillion_Education,"[{""S"":""0-3""}]",06f625da-1202-4c8a-8b16-e624b97476d1,https://video.babybillion.in/hls/Saying_Please/Saying_Please.m3u8,/Saying_Please/Saying_Please.m3u8,mia
a907cdfe-c17f-4da4-b0b9-70cff2372e63,Open,BabyBillion_Education,"[{""S"":""0-3""}]",cdd3ba69-c04a-402a-a061-05e0f816a161,https://video.babybillion.in/hls/Open/Open.m3u8,/Open/Open.m3u8,mia
aa7bb3e2-7f37-454d-a131-c68540bf8f6e,Shake,BabyBillion_Education,"[{""S"":""3-6""}]",cdd3ba69-c04a-402a-a061-05e0f816a161,https://video.babybillion.in/hls/Shake/Shake.m3u8,/Shake/Shake.m3u8,mia
ad10c753-b80f-42d7-99a8-3d657bd6daa6,Diwali_Lights,BabyBillion_Education,"[{""S"":""0-3""}]",655a5081-8ce4-4cfc-b36d-d5d0d1a06c1e,https://video.babybillion.in/hls/Diwali_Lights/Diwali_Lights.m3u8,/Diwali_Lights/Diwali_Lights.m3u8,mia
ad3d007e-d572-48e9-bd63-455f8d87ad47,Skip,BabyBillion_Education,"[{""S"":""0-3""}]",6d841cca-a54f-451a-90fc-aeffa145e274,https://video.babybillion.in/hls/Skip/Skip.m3u8,/Skip/Skip.m3u8,mia
aebce661-9f5c-46a4-b50a-ec878d68c9eb,Asking_for_WaterFood,BabyBillion_Education,"[{""S"":""3-6""}]",0eba9676-9d93-484f-8938-41e3ab588a7f,https://video.babybillion.in/hls/Asking_for_WaterFood/Asking_for_WaterFood.m3u8,/Asking_for_WaterFood/Asking_for_WaterFood.m3u8,mia
af3f4456-d9a1-4c4f-94d6-697720e92e91,Piglet_Baby_Pig,BabyBillion_Education,"[{""S"":""3-6""}]",f3cc6441-ba9d-4db9-85ec-3f3cdc60d542,https://video.babybillion.in/hls/Piglet_Baby_Pig/Piglet_Baby_Pig.m3u8,/Piglet_Baby_Pig/Piglet_Baby_Pig.m3u8,mia
af5cd0b4-2b4d-42d0-856e-e94e0c400d62,Cake,BabyBillion_Education,"[{""S"":""0-3""}]",5bc39ba0-a18b-42a9-9176-736112991697,https://video.babybillion.in/hls/Cake/Cake.m3u8,/Cake/Cake.m3u8,mia
b2441c4f-6025-48f8-9b82-b01c25d1e105,Dada,BabyBillion_Education,"[{""S"":""0-3""}]",24429faf-f706-4456-a1a0-d8b55cc55f9d,https://video.babybillion.in/hls/Dada/Dada.m3u8,/Dada/Dada.m3u8,mia
b2f0e9bb-5fcb-46e1-9afc-c3dc8488fe58,No,BabyBillion_Education,"[{""S"":""0-3""}]",4e8e2dbf-bad4-4a56-8365-251a1cfc4a10,https://video.babybillion.in/hls/No/No.m3u8,/No/No.m3u8,mia
b3154ca3-10b9-4ec1-a69a-461d123a3828,Sleepy,BabyBillion_Education,"[{""S"":""3-6""}]",90ff5296-5b99-4ddf-8bdf-ac55f6f7b6c2,https://video.babybillion.in/hls/Sleepy/Sleepy.m3u8,/Sleepy/Sleepy.m3u8,mia
b52d3365-e58a-423e-9449-f864e7b5cedb,027_abc_capital_k_and_small_k,BabyBillion_Education,"[{""S"":""3-6""}]",1bf17868-9fb8-419a-b7d7-e9ba3b51a364,https://video.babybillion.in/hls/027_abc_capital_k_and_small_k/027_abc_capital_k_and_small_k.m3u8,/027_abc_capital_k_and_small_k/027_abc_capital_k_and_small_k.m3u8,mia
b54499b6-a85c-47ac-97fe-035acfb2c51a,015_vehicles_hot_air_balloon,BabyBillion_Education,"[{""S"":""3-6""}]",bf9d1fdb-31f8-48e3-9114-9e4e4967617c,https://video.babybillion.in/hls/015_vehicles_hot_air_balloon/015_vehicles_hot_air_balloon.m3u8,/015_vehicles_hot_air_balloon/015_vehicles_hot_air_balloon.m3u8,mia
b5482558-170c-48d5-9d9c-6834f23351d0,L_for_Lemon,BabyBillion_Education,"[{""S"":""0-3""}]",1bf17868-9fb8-419a-b7d7-e9ba3b51a364,https://video.babybillion.in/hls/L_for_Lemon/L_for_Lemon.m3u8,/L_for_Lemon/L_for_Lemon.m3u8,mia
b597ef33-531c-4095-9019-1d343c9f5ac3,Common_Foods-_RotiChapatti,BabyBillion_Education,"[{""S"":""3-6""}]",2754f754-bfaf-4810-9852-60d5960a7a74,https://video.babybillion.in/hls/Common_Foods-_RotiChapatti/Common_Foods-_RotiChapatti.m3u8,/Common_Foods-_RotiChapatti/Common_Foods-_RotiChapatti.m3u8,mia
b5cc07fe-e3ec-479e-b5a1-892dc6b2e330,National_Fruit_Mango,BabyBillion_Education,"[{""S"":""3-6""}]",2754f754-bfaf-4810-9852-60d5960a7a74,https://video.babybillion.in/hls/National_Fruit_Mango/National_Fruit_Mango.m3u8,/National_Fruit_Mango/National_Fruit_Mango.m3u8,mia
b7832a9d-83af-42d2-af48-0943e62eff78,Sight_words_look,BabyBillion_Education,"[{""S"":""3-6""}]",181961d7-b484-40c7-b24c-9b3f335cc424,https://video.babybillion.in/hls/Sight_words_look/Sight_words_look.m3u8,/Sight_words_look/Sight_words_look.m3u8,mia
b93a20d7-0338-4079-80ab-d5643fe8cff9,Saying_Thank_You,BabyBillion_Education,"[{""S"":""3-6""}]",0eba9676-9d93-484f-8938-41e3ab588a7f,https://video.babybillion.in/hls/Saying_Thank_You/Saying_Thank_You.m3u8,/Saying_Thank_You/Saying_Thank_You.m3u8,mia
b9d6cd58-cc9d-455f-a404-a4772119b4f0,Keeping_Toys_Back_After_Play,BabyBillion_Education,"[{""S"":""0-3""}]",06f625da-1202-4c8a-8b16-e624b97476d1,https://video.babybillion.in/hls/Keeping_Toys_Back_After_Play/Keeping_Toys_Back_After_Play.m3u8,/Keeping_Toys_Back_After_Play/Keeping_Toys_Back_After_Play.m3u8,mia
bad2e11c-a249-4821-be82-732ec6909078,Listening_to_Elders,BabyBillion_Education,"[{""S"":""0-3""}]",06f625da-1202-4c8a-8b16-e624b97476d1,https://video.babybillion.in/hls/Listening_to_Elders/Listening_to_Elders.m3u8,/Listening_to_Elders/Listening_to_Elders.m3u8,mia
baf42d2a-d222-41e5-ae67-047551f28cf1,Up_-_Down,BabyBillion_Education,"[{""S"":""6+""}]",03776bdf-d177-47e6-abe5-d3215a0df920,https://video.babybillion.in/hls/Up_-_Down/Up_-_Down.m3u8,/Up_-_Down/Up_-_Down.m3u8,mia
bb9885e1-9cfb-46ff-a89e-9fc7e9d330f1,Grandfather_DadaNana,BabyBillion_Education,"[{""S"":""0-3""}]",24429faf-f706-4456-a1a0-d8b55cc55f9d,https://video.babybillion.in/hls/Grandfather_DadaNana/Grandfather_DadaNana.m3u8,/Grandfather_DadaNana/Grandfather_DadaNana.m3u8,mia
bbf418de-9d13-45d7-b4a1-6d9939819daf,018_abc_capital_b_and_small_b,BabyBillion_Education,"[{""S"":""3-6""}]",1bf17868-9fb8-419a-b7d7-e9ba3b51a364,https://video.babybillion.in/hls/018_abc_capital_b_and_small_b/018_abc_capital_b_and_small_b.m3u8,/018_abc_capital_b_and_small_b/018_abc_capital_b_and_small_b.m3u8,mia
bc46ce99-1cbe-4cc8-b9c0-ecefee4f377a,Land_and_water,BabyBillion_Education,"[{""S"":""3-6""}]",b7ef253a-6fb1-4247-ad59-99c4c945c8ec,https://video.babybillion.in/hls/Land_and_water/Land_and_water.m3u8,/Land_and_water/Land_and_water.m3u8,mia
bc7f9ad2-6d84-487d-9725-e9a59ee42d5a,040_simple_sentences_it_is_sunny,BabyBillion_Education,"[{""S"":""3-6""}]",0eba9676-9d93-484f-8938-41e3ab588a7f,https://video.babybillion.in/hls/040_simple_sentences_it_is_sunny/040_simple_sentences_it_is_sunny.m3u8,/040_simple_sentences_it_is_sunny/040_simple_sentences_it_is_sunny.m3u8,mia
bdeccbcd-fc5c-4887-87bb-3e902165a5c5,Football_Sphere,BabyBillion_Education,"[{""S"":""0-3""}]",da4d2220-056e-483b-9fc0-8451577d4cc9,https://video.babybillion.in/hls/Football_Sphere/Football_Sphere.m3u8,/Football_Sphere/Football_Sphere.m3u8,mia
be3ce90c-157f-46b0-9222-0cf4f2bf6a36,Union_Territory,BabyBillion_Education,"[{""S"":""3-6""}]",b7ef253a-6fb1-4247-ad59-99c4c945c8ec,https://video.babybillion.in/hls/Union_Territory/Union_Territory.m3u8,/Union_Territory/Union_Territory.m3u8,mia
bedaaebb-3fea-4d4e-bdd9-6e38c04f26fd,Dove,BabyBillion_Education,"[{""S"":""0-3""}]",efdd9da9-9b29-45aa-8bc4-3ddbee54940d,https://video.babybillion.in/hls/Dove/Dove.m3u8,/Dove/Dove.m3u8,mia
bef1c2ec-d42d-4f50-b7c6-b21b209d2df4,Wave_Bye,BabyBillion_Education,"[{""S"":""0-3""}]",cdd3ba69-c04a-402a-a061-05e0f816a161,https://video.babybillion.in/hls/Wave_Bye/Wave_Bye.m3u8,/Wave_Bye/Wave_Bye.m3u8,mia
bf77915a-450b-41ec-b4b2-e17c1423a268,Vehicles_four_wheelers,BabyBillion_Education,"[{""S"":""3-6""}]",bf9d1fdb-31f8-48e3-9114-9e4e4967617c,https://video.babybillion.in/hls/Vehicles_four_wheelers/Vehicles_four_wheelers.m3u8,/Vehicles_four_wheelers/Vehicles_four_wheelers.m3u8,mia
bf949595-85c1-4037-bac9-d7af7ed25a83,Ambulance,BabyBillion_Education,"[{""S"":""0-3""}]",bf9d1fdb-31f8-48e3-9114-9e4e4967617c,https://video.babybillion.in/hls/Ambulance/Ambulance.m3u8,/Ambulance/Ambulance.m3u8,mia
bfbe822e-ff68-4b57-9080-7062735bd7ed,Thunderstorms,BabyBillion_Education,"[{""S"":""3-6""}]",ed57a6ae-2009-4c19-9800-8826437fde62,https://video.babybillion.in/hls/Thunderstorms/Thunderstorms.m3u8,/Thunderstorms/Thunderstorms.m3u8,mia
bfec0c26-8662-42c0-9f9e-96a5949f0491,Puppy_Baby_Dog,BabyBillion_Education,"[{""S"":""3-6""}]",f3cc6441-ba9d-4db9-85ec-3f3cdc60d542,https://video.babybillion.in/hls/Puppy_Baby_Dog/Puppy_Baby_Dog.m3u8,/Puppy_Baby_Dog/Puppy_Baby_Dog.m3u8,mia
bff58348-64ed-4b0f-9499-cf2782341270,Flowers,BabyBillion_Education,"[{""S"":""3-6""}]",f476a63c-f5d0-4454-afee-eb96182ff983,https://video.babybillion.in/hls/Flowers/Flowers.m3u8,/Flowers/Flowers.m3u8,mia
c0a1706e-17fa-4834-b3ab-7fcbce9536f3,Parts_of_the_Day_Morning_Afternoon_Evening_Night,BabyBillion_Education,"[{""S"":""6+""}]",61d5066e-0470-45e3-8a5b-54a0703db8c0,https://video.babybillion.in/hls/Parts_of_the_Day_Morning_Afternoon_Evening_Night/Parts_of_the_Day_Morning_Afternoon_Evening_Night.m3u8,/Parts_of_the_Day_Morning_Afternoon_Evening_Night/Parts_of_the_Day_Morning_Afternoon_Evening_Night.m3u8,mia
c124c52e-cc43-40e6-8480-3be3dfb403fa,Saying_excuse_me,BabyBillion_Education,"[{""S"":""0-3""}]",06f625da-1202-4c8a-8b16-e624b97476d1,https://video.babybillion.in/hls/Saying_excuse_me/Saying_excuse_me.m3u8,/Saying_excuse_me/Saying_excuse_me.m3u8,mia
c3654d79-4194-4fee-8c16-90c09ba9efca,Sound_of_J_j,BabyBillion_Education,"[{""S"":""3-6""}]",b79bd45b-2c9c-4b7d-91a0-07c93a4dbea1,https://video.babybillion.in/hls/Sound_of_J_j/Sound_of_J_j.m3u8,/Sound_of_J_j/Sound_of_J_j.m3u8,mia
c4ba0a72-6c22-4216-b6ce-4e8dbb708edd,letter_N_phonic_sound,BabyBillion_Education,"[{""S"":""3-6""}]",b79bd45b-2c9c-4b7d-91a0-07c93a4dbea1,https://video.babybillion.in/hls/letter_N_phonic_sound/letter_N_phonic_sound.m3u8,/letter_N_phonic_sound/letter_N_phonic_sound.m3u8,mia
c538d59d-10fa-4a84-9206-bd8884e28faa,Catching_objects,BabyBillion_Education,"[{""S"":""3-6""}]",cdd3ba69-c04a-402a-a061-05e0f816a161,https://video.babybillion.in/hls/Catching_objects/Catching_objects.m3u8,/Catching_objects/Catching_objects.m3u8,mia
c5cb8030-60a0-4047-9e06-31dfa54e64de,Dog,BabyBillion_Education,"[{""S"":""3-6""}]",79156051-e033-423a-b7de-a68fe1342a75,https://video.babybillion.in/hls/Dog/Dog.m3u8,/Dog/Dog.m3u8,mia
c63dcc35-8044-4713-b168-97d31e0fee9f,Ears,BabyBillion_Education,"[{""S"":""0-3""}]",6d841cca-a54f-451a-90fc-aeffa145e274,https://video.babybillion.in/hls/Ears/Ears.m3u8,/Ears/Ears.m3u8,mia
c689bb9a-eba1-4bc0-a612-3b2745977b50,Sight_words_love,BabyBillion_Education,"[{""S"":""3-6""}]",181961d7-b484-40c7-b24c-9b3f335cc424,https://video.babybillion.in/hls/Sight_words_love/Sight_words_love.m3u8,/Sight_words_love/Sight_words_love.m3u8,mia
c70ba467-7883-4bb0-bda3-c53f6a79a70d,Jellyfish,BabyBillion_Education,"[{""S"":""0-3""}]",bd7c6e2d-c979-43ea-89eb-899d9aeb8b94,https://video.babybillion.in/hls/Jellyfish/Jellyfish.m3u8,/Jellyfish/Jellyfish.m3u8,mia
c713f094-2353-4ef9-bc9e-3221e49f4d25,Crawl,BabyBillion_Education,"[{""S"":""0-3""}]",cdd3ba69-c04a-402a-a061-05e0f816a161,https://video.babybillion.in/hls/Crawl/Crawl.m3u8,/Crawl/Crawl.m3u8,mia
c72c238b-95e5-4d0f-904c-3d236afd6595,It,BabyBillion_Education,"[{""S"":""3-6""}]",181961d7-b484-40c7-b24c-9b3f335cc424,https://video.babybillion.in/hls/It/It.m3u8,/It/It.m3u8,mia
c74b441e-4be6-47d1-ab55-99f50791b3d2,Beside_next_to,BabyBillion_Education,"[{""S"":""6+""}]",5463715e-88ba-4459-9ac2-0316966024ee,https://video.babybillion.in/hls/Beside_next_to/Beside_next_to.m3u8,/Beside_next_to/Beside_next_to.m3u8,mia
c7e787ef-5186-4eae-8a56-cc6ee3084326,015_colors_rainbow,BabyBillion_Education,"[{""S"":""0-3""}]",c23beb7b-23de-440c-9fb1-2990013f11a6,https://video.babybillion.in/hls/015_colors_rainbow/015_colors_rainbow.m3u8,/015_colors_rainbow/015_colors_rainbow.m3u8,mia
c9535da4-0426-45d7-963f-55f5ce90bc40,Squirrel,BabyBillion_Education,"[{""S"":""0-3""}]",79156051-e033-423a-b7de-a68fe1342a75,https://video.babybillion.in/hls/Squirrel/Squirrel.m3u8,/Squirrel/Squirrel.m3u8,mia
cd5c1e9b-b459-4725-80b5-fdef396eda8b,National_Flag_Tiranga,BabyBillion_Education,"[{""S"":""3-6""}]",2754f754-bfaf-4810-9852-60d5960a7a74,https://video.babybillion.in/hls/National_Flag_Tiranga/National_Flag_Tiranga.m3u8,/National_Flag_Tiranga/National_Flag_Tiranga.m3u8,mia
cebbfff8-f6c4-4287-83c8-6df15d4f8c57,Silly,BabyBillion_Education,"[{""S"":""0-3""}]",90ff5296-5b99-4ddf-8bdf-ac55f6f7b6c2,https://video.babybillion.in/hls/Silly/Silly.m3u8,/Silly/Silly.m3u8,mia
cf94de66-1bff-437a-9ef3-b96017229960,Dog,BabyBillion_Education,"[{""S"":""0-3""}]",79156051-e033-423a-b7de-a68fe1342a75,https://video.babybillion.in/hls/Dog/Dog.m3u8,/Dog/Dog.m3u8,mia
d0058dd9-f301-4e10-b2b3-6bf600cfa69f,Shark,BabyBillion_Education,"[{""S"":""0-3""}]",bd7c6e2d-c979-43ea-89eb-899d9aeb8b94,https://video.babybillion.in/hls/Shark/Shark.m3u8,/Shark/Shark.m3u8,mia
d04a8197-7c34-4042-be1a-7e901eea0ae1,Letter_B_Ball_Bat,BabyBillion_Education,"[{""S"":""3-6""}]",1bf17868-9fb8-419a-b7d7-e9ba3b51a364,https://video.babybillion.in/hls/Letter_B_Ball_Bat/Letter_B_Ball_Bat.m3u8,/Letter_B_Ball_Bat/Letter_B_Ball_Bat.m3u8,mia
d0621cf0-974c-49b9-a4cc-4f80e39f6fc5,Puzzle,BabyBillion_Education,"[{""S"":""0-3""}]",259e1ebe-d005-41f2-a3f8-810078f51c98,https://video.babybillion.in/hls/Puzzle/Puzzle.m3u8,/Puzzle/Puzzle.m3u8,mia
d0e4e2b0-da98-499f-b470-d6ae0009079c,ChefCook,BabyBillion_Education,"[{""S"":""0-3""}]",18ae1c51-e0c5-4df1-94f6-30f5e6732dd3,https://video.babybillion.in/hls/ChefCook/ChefCook.m3u8,/ChefCook/ChefCook.m3u8,mia
d10ef0d5-261f-4aa6-a8d4-1bd423b41eef,Pomegranate_Anaar,BabyBillion_Education,"[{""S"":""0-3""}]",2c830c25-38e8-4d38-a3c3-cc9a3ff96b5f,https://video.babybillion.in/hls/Pomegranate_Anaar/Pomegranate_Anaar.m3u8,/Pomegranate_Anaar/Pomegranate_Anaar.m3u8,mia
d1449a19-bac4-4882-b9f1-fa64f9dfa055,Sense-_Eyes_See,BabyBillion_Education,"[{""S"":""3-6""}]",6d841cca-a54f-451a-90fc-aeffa145e274,https://video.babybillion.in/hls/Sense-_Eyes_See/Sense-_Eyes_See.m3u8,/Sense-_Eyes_See/Sense-_Eyes_See.m3u8,mia
d16cfd78-7e1a-4bf9-9909-84f823f9cc07,025_english_speaking_this_is_my_mama,BabyBillion_Education,"[{""S"":""3-6""}]",0eba9676-9d93-484f-8938-41e3ab588a7f,https://video.babybillion.in/hls/025_english_speaking_this_is_my_mama/025_english_speaking_this_is_my_mama.m3u8,/025_english_speaking_this_is_my_mama/025_english_speaking_this_is_my_mama.m3u8,mia
d2921fda-7d5d-46c4-931c-059fcaec2eea,Hippo,BabyBillion_Education,"[{""S"":""0-3""}]",79156051-e033-423a-b7de-a68fe1342a75,https://video.babybillion.in/hls/Hippo/Hippo.m3u8,/Hippo/Hippo.m3u8,mia
d3a90f46-ac4f-43db-b1a4-09dfad7938ec,113_3-6_Swan,BabyBillion_Education,"[{""S"":""3-6""}]",efdd9da9-9b29-45aa-8bc4-3ddbee54940d,https://video.babybillion.in/hls/113_3-6_Swan/113_3-6_Swan.m3u8,/113_3-6_Swan/113_3-6_Swan.m3u8,mia
d4bcb9ce-c4c6-4da0-b038-71988ed86398,Before_After_Between,BabyBillion_Education,"[{""S"":""3-6""}]",98263b2e-41f3-413e-9a83-b64ef2016a53,https://video.babybillion.in/hls/Before_After_Between/Before_After_Between.m3u8,/Before_After_Between/Before_After_Between.m3u8,mia
d5450f89-703f-4608-8d2d-51b0f217f66b,010_good_habits_throwing_trash_in_the_dustbin,BabyBillion_Education,"[{""S"":""3-6""}]",06f625da-1202-4c8a-8b16-e624b97476d1,https://video.babybillion.in/hls/010_good_habits_throwing_trash_in_the_dustbin/010_good_habits_throwing_trash_in_the_dustbin.m3u8,/010_good_habits_throwing_trash_in_the_dustbin/010_good_habits_throwing_trash_in_the_dustbin.m3u8,mia
d5db2128-d252-4193-880d-127c16e53507,Squirrel,BabyBillion_Education,"[{""S"":""3-6""}]",c1f0397a-0732-418a-b6e4-50081b10219c,https://video.babybillion.in/hls/Squirrel/Squirrel.m3u8,/Squirrel/Squirrel.m3u8,mia
d633849a-6535-473f-8ec0-5d2f84472c0e,004_phonics_sound_of_m_m_as_in_moon,BabyBillion_Education,"[{""S"":""3-6""}]",b79bd45b-2c9c-4b7d-91a0-07c93a4dbea1,https://video.babybillion.in/hls/004_phonics_sound_of_m_m_as_in_moon/004_phonics_sound_of_m_m_as_in_moon.m3u8,/004_phonics_sound_of_m_m_as_in_moon/004_phonics_sound_of_m_m_as_in_moon.m3u8,mia
d64eb475-f7d1-43ea-83d0-841080918f49,052_english_speaking_my_favorite_color_is,BabyBillion_Education,"[{""S"":""3-6""}]",0eba9676-9d93-484f-8938-41e3ab588a7f,https://video.babybillion.in/hls/052_english_speaking_my_favorite_color_is/052_english_speaking_my_favorite_color_is.m3u8,/052_english_speaking_my_favorite_color_is/052_english_speaking_my_favorite_color_is.m3u8,mia
d6bc2e7b-eb28-428e-9a89-763847fa643e,029_cvc_words_led,BabyBillion_Education,"[{""S"":""3-6""}]",bac6ace6-06bc-4f67-85bb-5f0b144d5a15,https://video.babybillion.in/hls/029_cvc_words_led/029_cvc_words_led.m3u8,/029_cvc_words_led/029_cvc_words_led.m3u8,mia
d9ecdaff-4a3f-4979-b8b7-9ffec7d1dc4b,Tiger,BabyBillion_Education,"[{""S"":""3-6""}]",79156051-e033-423a-b7de-a68fe1342a75,https://video.babybillion.in/hls/Tiger/Tiger.m3u8,/Tiger/Tiger.m3u8,mia
dadf3672-2e8b-43ec-a292-c11027dd64f6,Aquarium,BabyBillion_Education,"[{""S"":""0-3""}]",e4dd4a24-f512-4d74-8bad-596b71c5369f,https://video.babybillion.in/hls/Aquarium/Aquarium.m3u8,/Aquarium/Aquarium.m3u8,mia
dd795cfc-c662-416a-9124-7b492d98b333,Heart,BabyBillion_Education,"[{""S"":""3-6""}]",da4d2220-056e-483b-9fc0-8451577d4cc9,https://video.babybillion.in/hls/Heart/Heart.m3u8,/Heart/Heart.m3u8,mia
df666315-b125-443e-a93d-0e94c833c43f,Do_not_play_with_matches_or_candles,BabyBillion_Education,"[{""S"":""3-6""}]",c3533a50-aeac-4a7c-9f5c-e82d64be5e32,https://video.babybillion.in/hls/Do_not_play_with_matches_or_candles/Do_not_play_with_matches_or_candles.m3u8,/Do_not_play_with_matches_or_candles/Do_not_play_with_matches_or_candles.m3u8,mia
e02f6898-84fd-439b-bd56-e16aa32af87e,Tram,BabyBillion_Education,"[{""S"":""3-6""}]",bf9d1fdb-31f8-48e3-9114-9e4e4967617c,https://video.babybillion.in/hls/Tram/Tram.m3u8,/Tram/Tram.m3u8,mia
e19fe39d-77c5-4329-b0a2-4dc5a3bd8507,Loved,BabyBillion_Education,"[{""S"":""0-3""}]",90ff5296-5b99-4ddf-8bdf-ac55f6f7b6c2,https://video.babybillion.in/hls/Loved/Loved.m3u8,/Loved/Loved.m3u8,mia
e1d5961e-0471-4703-b744-8b5abf424ccd,Sound_of_C_k,BabyBillion_Education,"[{""S"":""3-6""}]",b79bd45b-2c9c-4b7d-91a0-07c93a4dbea1,https://video.babybillion.in/hls/Sound_of_C_k/Sound_of_C_k.m3u8,/Sound_of_C_k/Sound_of_C_k.m3u8,mia
e1ed23ec-f4cf-4659-9146-51954ec46f54,046_english_speaking_i_want_milk,BabyBillion_Education,"[{""S"":""3-6""}]",0eba9676-9d93-484f-8938-41e3ab588a7f,https://video.babybillion.in/hls/046_english_speaking_i_want_milk/046_english_speaking_i_want_milk.m3u8,/046_english_speaking_i_want_milk/046_english_speaking_i_want_milk.m3u8,mia
e3003ce0-5cec-4f4a-b78b-120e13e4ad8c,Caring,BabyBillion_Education,"[{""S"":""3-6""}]",90ff5296-5b99-4ddf-8bdf-ac55f6f7b6c2,https://video.babybillion.in/hls/Caring/Caring.m3u8,/Caring/Caring.m3u8,mia
e5024cc1-d729-4d58-83b8-cb701c6ed060,Sound_of_G_g,BabyBillion_Education,"[{""S"":""3-6""}]",b79bd45b-2c9c-4b7d-91a0-07c93a4dbea1,https://video.babybillion.in/hls/Sound_of_G_g/Sound_of_G_g.m3u8,/Sound_of_G_g/Sound_of_G_g.m3u8,mia
e55408bd-cdb1-4830-9443-c0a6738c2ee5,035_english_speaking_can_i_watch_tv,BabyBillion_Education,"[{""S"":""3-6""}]",0eba9676-9d93-484f-8938-41e3ab588a7f,https://video.babybillion.in/hls/035_english_speaking_can_i_watch_tv/035_english_speaking_can_i_watch_tv.m3u8,/035_english_speaking_can_i_watch_tv/035_english_speaking_can_i_watch_tv.m3u8,mia
e590ee4a-cb53-40e3-8d9a-aed936473813,004_cvc_words_can,BabyBillion_Education,"[{""S"":""3-6""}]",bac6ace6-06bc-4f67-85bb-5f0b144d5a15,https://video.babybillion.in/hls/004_cvc_words_can/004_cvc_words_can.m3u8,/004_cvc_words_can/004_cvc_words_can.m3u8,mia
e5e63b2a-1853-4e5f-a297-b5d769f932ef,057_cvc_words_kin,BabyBillion_Education,"[{""S"":""3-6""}]",bac6ace6-06bc-4f67-85bb-5f0b144d5a15,https://video.babybillion.in/hls/057_cvc_words_kin/057_cvc_words_kin.m3u8,/057_cvc_words_kin/057_cvc_words_kin.m3u8,mia
e641f7d3-fe29-41d0-b270-edcc1992de4d,Uncle_ChachaMama,BabyBillion_Education,"[{""S"":""0-3""}]",24429faf-f706-4456-a1a0-d8b55cc55f9d,https://video.babybillion.in/hls/Uncle_ChachaMama/Uncle_ChachaMama.m3u8,/Uncle_ChachaMama/Uncle_ChachaMama.m3u8,mia
e6fa4b39-81a9-4cfc-a845-c20da5efd648,Hot_Pot,BabyBillion_Education,"[{""S"":""3-6""}]",bac6ace6-06bc-4f67-85bb-5f0b144d5a15,https://video.babybillion.in/hls/Hot_Pot/Hot_Pot.m3u8,/Hot_Pot/Hot_Pot.m3u8,mia
e745da2b-c193-4801-be41-9cc53097c2d1,Waterfall_Jharna,BabyBillion_Education,"[{""S"":""0-3""}]",eb5f90b5-3650-49b9-95b6-d4e3a89c0662,https://video.babybillion.in/hls/Waterfall_Jharna/Waterfall_Jharna.m3u8,/Waterfall_Jharna/Waterfall_Jharna.m3u8,mia
ea557512-75e9-4487-9eec-cd68da219c03,Parrot,BabyBillion_Education,"[{""S"":""0-3""}]",efdd9da9-9b29-45aa-8bc4-3ddbee54940d,https://video.babybillion.in/hls/Parrot/Parrot.m3u8,/Parrot/Parrot.m3u8,mia
ec59d6e6-2a50-4e00-8fcb-024b6569e851,S_for_Sun,BabyBillion_Education,"[{""S"":""0-3""}]",1bf17868-9fb8-419a-b7d7-e9ba3b51a364,https://video.babybillion.in/hls/S_for_Sun/S_for_Sun.m3u8,/S_for_Sun/S_for_Sun.m3u8,mia
ece2d5de-2528-443a-a3de-a4282a8f6e6a,Tailor,BabyBillion_Education,"[{""S"":""0-3""}]",18ae1c51-e0c5-4df1-94f6-30f5e6732dd3,https://video.babybillion.in/hls/Tailor/Tailor.m3u8,/Tailor/Tailor.m3u8,mia
ef812e3b-7e81-4e2c-9ea7-cbf8e86835d1,Cream_Milk_Color,BabyBillion_Education,"[{""S"":""0-3""}]",c23beb7b-23de-440c-9fb1-2990013f11a6,https://video.babybillion.in/hls/Cream_Milk_Color/Cream_Milk_Color.m3u8,/Cream_Milk_Color/Cream_Milk_Color.m3u8,mia
ef9553bc-6d26-42e6-9ac6-26c8cbdb2cf7,Astronaut,BabyBillion_Education,"[{""S"":""3-6""}]",b7ef253a-6fb1-4247-ad59-99c4c945c8ec,https://video.babybillion.in/hls/Astronaut/Astronaut.m3u8,/Astronaut/Astronaut.m3u8,mia
f380df5f-30e0-4325-8ce9-5c115bbbbfd9,Day_Night,BabyBillion_Education,"[{""S"":""0-3""}]",03776bdf-d177-47e6-abe5-d3215a0df920,https://video.babybillion.in/hls/Day_Night/Day_Night.m3u8,/Day_Night/Day_Night.m3u8,mia
f54cdd30-0d51-4f3c-b820-40e8f05f71b3,001_sight_words_we,BabyBillion_Education,"[{""S"":""3-6""}]",181961d7-b484-40c7-b24c-9b3f335cc424,https://video.babybillion.in/hls/001_sight_words_we/001_sight_words_we.m3u8,/001_sight_words_we/001_sight_words_we.m3u8,mia
f5cb51f2-f9ff-4cad-86d2-45cb12e72dfa,Pen_Ten,BabyBillion_Education,"[{""S"":""3-6""}]",bac6ace6-06bc-4f67-85bb-5f0b144d5a15,https://video.babybillion.in/hls/Pen_Ten/Pen_Ten.m3u8,/Pen_Ten/Pen_Ten.m3u8,mia
f7f8568f-af44-4f27-ac3b-9d63e49f6a3d,Bottle_Gourd_Lauki,BabyBillion_Education,"[{""S"":""0-3""}]",c3d15541-8760-45ff-b253-1647ca61bf37,https://video.babybillion.in/hls/Bottle_Gourd_Lauki/Bottle_Gourd_Lauki.m3u8,/Bottle_Gourd_Lauki/Bottle_Gourd_Lauki.m3u8,mia
f81d5dbe-500f-4de3-bae2-c635e4910428,shapes_trace_pentagon,BabyBillion_Education,"[{""S"":""0-3""}]",da4d2220-056e-483b-9fc0-8451577d4cc9,https://video.babybillion.in/hls/shapes_trace_pentagon/shapes_trace_pentagon.m3u8,/shapes_trace_pentagon/shapes_trace_pentagon.m3u8,mia
f872209b-fd2c-43cf-8156-de8a94eb9b06,016_shapes_trace_Heart,BabyBillion_Education,"[{""S"":""0-3""}]",da4d2220-056e-483b-9fc0-8451577d4cc9,https://video.babybillion.in/hls/016_shapes_trace_Heart/016_shapes_trace_Heart.m3u8,/016_shapes_trace_Heart/016_shapes_trace_Heart.m3u8,mia
f8c54e18-709c-462a-ae7d-1479623e05db,004_greater_lesser_tall_vs_short,BabyBillion_Education,"[{""S"":""3-6""}]",9964bf6a-c340-4e3a-b7e6-9f3d435449d3,https://video.babybillion.in/hls/004_greater_lesser_tall_vs_short/004_greater_lesser_tall_vs_short.m3u8,/004_greater_lesser_tall_vs_short/004_greater_lesser_tall_vs_short.m3u8,mia
f92fd26a-e421-4f71-a574-cbe55ed23a72,Eating_Healthy_balanced_meals,BabyBillion_Education,"[{""S"":""6+""}]",06f625da-1202-4c8a-8b16-e624b97476d1,https://video.babybillion.in/hls/Eating_Healthy_balanced_meals/Eating_Healthy_balanced_meals.m3u8,/Eating_Healthy_balanced_meals/Eating_Healthy_balanced_meals.m3u8,mia
f95eb4b3-39bf-4d23-8d5b-5172f7d90098,120_3-6_Seagull,BabyBillion_Education,"[{""S"":""3-6""}]",efdd9da9-9b29-45aa-8bc4-3ddbee54940d,https://video.babybillion.in/hls/120_3-6_Seagull/120_3-6_Seagull.m3u8,/120_3-6_Seagull/120_3-6_Seagull.m3u8,mia
faf70f7c-a5b4-4470-b6df-029cd62ebe11,Being_Empathetic_to_Friends,BabyBillion_Education,"[{""S"":""6+""}]",90ff5296-5b99-4ddf-8bdf-ac55f6f7b6c2,https://video.babybillion.in/hls/Being_Empathetic_to_Friends/Being_Empathetic_to_Friends.m3u8,/Being_Empathetic_to_Friends/Being_Empathetic_to_Friends.m3u8,mia
fb1cc5ad-4241-41ad-8c09-4d98ad6f396a,Snow,BabyBillion_Education,"[{""S"":""0-3""}]",eb5f90b5-3650-49b9-95b6-d4e3a89c0662,https://video.babybillion.in/hls/Snow/Snow.m3u8,/Snow/Snow.m3u8,mia
fb61501c-1bfe-4a57-980d-e17581cda4cb,Texture-_Hard,BabyBillion_Education,"[{""S"":""3-6""}]",b7ef253a-6fb1-4247-ad59-99c4c945c8ec,https://video.babybillion.in/hls/Texture-_Hard/Texture-_Hard.m3u8,/Texture-_Hard/Texture-_Hard.m3u8,mia
fb69f31a-50da-45d3-b2d3-d31efa4414e7,Nut_Hut,BabyBillion_Education,"[{""S"":""3-6""}]",bac6ace6-06bc-4f67-85bb-5f0b144d5a15,https://video.babybillion.in/hls/Nut_Hut/Nut_Hut.m3u8,/Nut_Hut/Nut_Hut.m3u8,mia
fbc1518a-2b20-4bcf-90e0-e8c51fed4d6c,Ears,BabyBillion_Education,"[{""S"":""3-6""}]",6d841cca-a54f-451a-90fc-aeffa145e274,https://video.babybillion.in/hls/Ears/Ears.m3u8,/Ears/Ears.m3u8,mia
fcb45ea4-4e34-429d-8a9f-e8b7d348a9f8,Shake,BabyBillion_Education,"[{""S"":""3-6""}]",6d841cca-a54f-451a-90fc-aeffa145e274,https://video.babybillion.in/hls/Shake/Shake.m3u8,/Shake/Shake.m3u8,mia
fd100f73-e579-42b9-b596-e3078839bc9b,TV_Remote,BabyBillion_Education,"[{""S"":""3-6""}]",aa154d92-77f0-4dd7-9c3f-d7e57bd9baf5,https://video.babybillion.in/hls/TV_Remote/TV_Remote.m3u8,/TV_Remote/TV_Remote.m3u8,mia
fd36bd95-07ca-4fc2-9c7a-4634c10fa623,P_for_Parrot,BabyBillion_Education,"[{""S"":""0-3""}]",1bf17868-9fb8-419a-b7d7-e9ba3b51a364,https://video.babybillion.in/hls/P_for_Parrot/P_for_Parrot.m3u8,/P_for_Parrot/P_for_Parrot.m3u8,mia
fe292e3b-6a5a-4285-a3a9-41207ce79ea6,Toy_Doctor_Kit,BabyBillion_Education,"[{""S"":""0-3""}]",259e1ebe-d005-41f2-a3f8-810078f51c98,https://video.babybillion.in/hls/Toy_Doctor_Kit/Toy_Doctor_Kit.m3u8,/Toy_Doctor_Kit/Toy_Doctor_Kit.m3u8,mia
fe97b3c6-ac20-43c7-a231-cf9038f55656,Frustrated,BabyBillion_Education,"[{""S"":""3-6""}]",90ff5296-5b99-4ddf-8bdf-ac55f6f7b6c2,https://video.babybillion.in/hls/Frustrated/Frustrated.m3u8,/Frustrated/Frustrated.m3u8,mia
ff280537-1263-433c-91da-41abcc3caa08,011_phonics_sound_of_t_t_as_in_tiger,BabyBillion_Education,"[{""S"":""3-6""}]",b79bd45b-2c9c-4b7d-91a0-07c93a4dbea1,https://video.babybillion.in/hls/011_phonics_sound_of_t_t_as_in_tiger/011_phonics_sound_of_t_t_as_in_tiger.m3u8,/011_phonics_sound_of_t_t_as_in_tiger/011_phonics_sound_of_t_t_as_in_tiger.m3u8,mia
f5ffa502-8a8d-42c0-8a7e-4ac375e1bce8,Tropical_Fruits_Easy-_Mango_Coconut,BabyBillion_Education,"[{""S"":""3-6""}]",2c830c25-38e8-4d38-a3c3-cc9a3ff96b5f,https://video.babybillion.in/hls/Tropical_Fruits_Easy-_Mango_Coconut/Tropical_Fruits_Easy-_Mango_Coconut.m3u8,/Tropical_Fruits_Easy-_Mango_Coconut/Tropical_Fruits_Easy-_Mango_Coconut.m3u8,mia 
68321c5f-17b8-46bc-9987-91418321c9c8,Misal_Pav,BabyBillion_Education,"[{""S"":""3-6""}]",5bc39ba0-a18b-42a9-9176-736112991697,https://video.babybillion.in/hls/Misal_Pav/Misal_Pav.m3u8,/Misal_Pav/Misal_Pav.m3u8,mia and arjun
c043c9e7-96dc-470b-88d4-5a24d401bb59,Plate_Thali,BabyBillion_Education,"[{""S"":""0-3""}]",aa154d92-77f0-4dd7-9c3f-d7e57bd9baf5,https://video.babybillion.in/hls/Plate_Thali/Plate_Thali.m3u8,/Plate_Thali/Plate_Thali.m3u8,mia and arjun
e057669e-943f-4afe-96e4-4c2ec24f3f20,007_good_habits_covering_mouth_when_coughing,BabyBillion_Education,"[{""S"":""3-6""}]",06f625da-1202-4c8a-8b16-e624b97476d1,https://video.babybillion.in/hls/007_good_habits_covering_mouth_when_coughing/007_good_habits_covering_mouth_when_coughing.m3u8,/007_good_habits_covering_mouth_when_coughing/007_good_habits_covering_mouth_when_coughing.m3u8,mia and arjun
7deb699e-dbfd-4b7f-966f-583f88f1549f,Dance,BabyBillion_Education,"[{""S"":""0-3""}]",cdd3ba69-c04a-402a-a061-05e0f816a161,https://video.babybillion.in/hls/Dance/Dance.m3u8,/Dance/Dance.m3u8,mia and golu
ade1337b-093a-4404-9ae6-ffa4174c4248,Understanding_Others_Feelings,BabyBillion_Education,"[{""S"":""6+""}]",90ff5296-5b99-4ddf-8bdf-ac55f6f7b6c2,https://video.babybillion.in/hls/Understanding_Others_Feelings/Understanding_Others_Feelings.m3u8,/Understanding_Others_Feelings/Understanding_Others_Feelings.m3u8,mia and jai
bce0d107-1372-4205-8f67-c6e3087ceffc,Sweet_Fruits-_Mango_Banana,BabyBillion_Education,"[{""S"":""3-6""}]",2c830c25-38e8-4d38-a3c3-cc9a3ff96b5f,https://video.babybillion.in/hls/Sweet_Fruits-_Mango_Banana/Sweet_Fruits-_Mango_Banana.m3u8,/Sweet_Fruits-_Mango_Banana/Sweet_Fruits-_Mango_Banana.m3u8,mia and jai
46599f2d-4ca1-454e-9eed-f079fd491d8c,Toy_Kitchen_Set,BabyBillion_Education,"[{""S"":""0-3""}]",259e1ebe-d005-41f2-a3f8-810078f51c98,https://video.babybillion.in/hls/Toy_Kitchen_Set/Toy_Kitchen_Set.m3u8,/Toy_Kitchen_Set/Toy_Kitchen_Set.m3u8,mia and meera
80ac76c5-be20-4dd2-8d77-ea84bcce25a6,Being_Empathetic_to_Friends,BabyBillion_Education,"[{""S"":""6+""}]",90ff5296-5b99-4ddf-8bdf-ac55f6f7b6c2,https://video.babybillion.in/hls/Being_Empathetic_to_Friends/Being_Empathetic_to_Friends.m3u8,/Being_Empathetic_to_Friends/Being_Empathetic_to_Friends.m3u8,mia and meera
518885bd-4711-4486-a45c-6151574f497f,Sharing_with_friends,BabyBillion_Education,"[{""S"":""0-3""}]",06f625da-1202-4c8a-8b16-e624b97476d1,https://video.babybillion.in/hls/Sharing_with_friends/Sharing_with_friends.m3u8,/Sharing_with_friends/Sharing_with_friends.m3u8,mia and priya
66debd18-7287-4ad7-8b06-3312fdb173ac,Bye,BabyBillion_Education,"[{""S"":""0-3""}]",4e8e2dbf-bad4-4a56-8365-251a1cfc4a10,https://video.babybillion.in/hls/Bye/Bye.m3u8,/Bye/Bye.m3u8,mia and priya
e10c3190-6e89-472d-b781-4ccf5f1e362e,006_community_helpers_garbage_collector,BabyBillion_Education,"[{""S"":""3-6""}]",3dc35861-75e5-4d11-a33d-d263d159f041,https://video.babybillion.in/hls/006_community_helpers_garbage_collector/006_community_helpers_garbage_collector.m3u8,/006_community_helpers_garbage_collector/006_community_helpers_garbage_collector.m3u8,mia and priya
f73a6ba5-8dc9-4fbd-9b12-b44c1d3662ed,Dussehra,BabyBillion_Education,"[{""S"":""0-3""}]",655a5081-8ce4-4cfc-b36d-d5d0d1a06c1e,https://video.babybillion.in/hls/Dussehra/Dussehra.m3u8,/Dussehra/Dussehra.m3u8,mia and priya
0a68c461-e518-4ae7-a834-ffda84afa6dc,Doctor,BabyBillion_Education,"[{""S"":""3-6""}]",3dc35861-75e5-4d11-a33d-d263d159f041,https://video.babybillion.in/hls/Doctor/Doctor.m3u8,/Doctor/Doctor.m3u8,Mia and Riya
0aa8bf30-eddd-4091-9b87-1ae1228f6dd6,Doctor,BabyBillion_Education,"[{""S"":""0-3""}]",18ae1c51-e0c5-4df1-94f6-30f5e6732dd3,https://video.babybillion.in/hls/Doctor/Doctor.m3u8,/Doctor/Doctor.m3u8,Mia and Riya 
961714e3-11be-4152-ab8a-3666bca894dc,Happy_-_Sad,BabyBillion_Education,"[{""S"":""6+""}]",03776bdf-d177-47e6-abe5-d3215a0df920,https://video.babybillion.in/hls/Happy_-_Sad/Happy_-_Sad.m3u8,/Happy_-_Sad/Happy_-_Sad.m3u8,mia and tara
2dd3b9ea-e7ae-48dc-87ea-0852717975dc,009_colors_peach,BabyBillion_Education,"[{""S"":""3-6""}]",c23beb7b-23de-440c-9fb1-2990013f11a6,https://video.babybillion.in/hls/009_colors_peach/009_colors_peach.m3u8,/009_colors_peach/009_colors_peach.m3u8,mia and veer
400310d4-94f2-4bf0-9d49-bca260a31015,Brave,BabyBillion_Education,"[{""S"":""0-3""}]",90ff5296-5b99-4ddf-8bdf-ac55f6f7b6c2,https://video.babybillion.in/hls/Brave/Brave.m3u8,/Brave/Brave.m3u8,mia and veer
657a188c-52a8-462c-a255-9edceeb12eb5,Brave,BabyBillion_Education,"[{""S"":""3-6""}]",90ff5296-5b99-4ddf-8bdf-ac55f6f7b6c2,https://video.babybillion.in/hls/Brave/Brave.m3u8,/Brave/Brave.m3u8,mia and veer
8a00c809-c584-4caa-9fb5-52ecb610a5c7,Feeling_Hungry,BabyBillion_Education,"[{""S"":""0-3""}]",90ff5296-5b99-4ddf-8bdf-ac55f6f7b6c2,https://video.babybillion.in/hls/Feeling_Hungry/Feeling_Hungry.m3u8,/Feeling_Hungry/Feeling_Hungry.m3u8,mia and veer
a06af593-cabe-43cf-b895-a89b7b1a41a6,Summer,BabyBillion_Education,"[{""S"":""3-6""}]",ed57a6ae-2009-4c19-9800-8826437fde62,https://video.babybillion.in/hls/Summer/Summer.m3u8,/Summer/Summer.m3u8,mia and veer
f3fb6057-a397-4e63-ad04-af849b430c75,Nurse,BabyBillion_Education,"[{""S"":""0-3""}]",18ae1c51-e0c5-4df1-94f6-30f5e6732dd3,https://video.babybillion.in/hls/Nurse/Nurse.m3u8,/Nurse/Nurse.m3u8,mia and veer
45b1c2be-f49b-4d21-8a19-ea5b512ec11e,Playing_with_Friends,BabyBillion_Education,"[{""S"":""6+""}]",cf83518a-7e38-483a-9b3e-a943beb08196,https://video.babybillion.in/hls/Playing_with_Friends/Playing_with_Friends.m3u8,/Playing_with_Friends/Playing_with_Friends.m3u8,mia and zoya
2eb0a7a0-6533-41dc-b0fb-08028cb3aafc,How_Sports_Make_Us_Strong,BabyBillion_Education,"[{""S"":""6+""}]",cf83518a-7e38-483a-9b3e-a943beb08196,https://video.babybillion.in/hls/How_Sports_Make_Us_Strong/How_Sports_Make_Us_Strong.m3u8,/How_Sports_Make_Us_Strong/How_Sports_Make_Us_Strong.m3u8,piya
00a18e6a-983d-45fa-a7a2-68c06d6570ce,Giving_Directions,BabyBillion_Education,"[{""S"":""6+""}]",0eba9676-9d93-484f-8938-41e3ab588a7f,https://video.babybillion.in/hls/Giving_Directions/Giving_Directions.m3u8,/Giving_Directions/Giving_Directions.m3u8,priya
0130db39-506d-48e5-b85d-fc1c1f909e34,006_simple_sentences_i_like_ice_cream,BabyBillion_Education,"[{""S"":""3-6""}]",4c06fdb7-0fe2-4c21-aab0-f80f2fa1f650,https://video.babybillion.in/hls/006_simple_sentences_i_like_ice_cream/006_simple_sentences_i_like_ice_cream.m3u8,/006_simple_sentences_i_like_ice_cream/006_simple_sentences_i_like_ice_cream.m3u8,Priya
01b03f94-f593-4763-bf08-39535d73a82f,Kangaroo,BabyBillion_Education,"[{""S"":""0-3""}]",79156051-e033-423a-b7de-a68fe1342a75,https://video.babybillion.in/hls/Kangaroo/Kangaroo.m3u8,/Kangaroo/Kangaroo.m3u8,Priya
02831618-ae0c-4756-90a4-85bba2cd85eb,110_6_Breathing_and_the_Respiratory_System,BabyBillion_Education,"[{""S"":""6+""}]",6d841cca-a54f-451a-90fc-aeffa145e274,https://video.babybillion.in/hls/110_6_Breathing_and_the_Respiratory_System/110_6_Breathing_and_the_Respiratory_System.m3u8,/110_6_Breathing_and_the_Respiratory_System/110_6_Breathing_and_the_Respiratory_System.m3u8,Priya
02abc44e-9b50-40a7-a3fd-bfacbe49e7f6,Rich_-_Poor,BabyBillion_Education,"[{""S"":""6+""}]",03776bdf-d177-47e6-abe5-d3215a0df920,https://video.babybillion.in/hls/Rich_-_Poor/Rich_-_Poor.m3u8,/Rich_-_Poor/Rich_-_Poor.m3u8,Priya
04278c57-9584-4c8a-82e6-c9e65ff96e01,030_simple_sentences_i_see_a_tree,BabyBillion_Education,"[{""S"":""3-6""}]",4c06fdb7-0fe2-4c21-aab0-f80f2fa1f650,https://video.babybillion.in/hls/030_simple_sentences_i_see_a_tree/030_simple_sentences_i_see_a_tree.m3u8,/030_simple_sentences_i_see_a_tree/030_simple_sentences_i_see_a_tree.m3u8,Priya
04475d77-addf-4534-ab7b-09f673781bf9,Father,BabyBillion_Education,"[{""S"":""3-6""}]",24429faf-f706-4456-a1a0-d8b55cc55f9d,https://video.babybillion.in/hls/Father/Father.m3u8,/Father/Father.m3u8,Priya
04efb8fe-17ca-470d-b923-d13de141475b,Kangaroo,BabyBillion_Education,"[{""S"":""3-6""}]",79156051-e033-423a-b7de-a68fe1342a75,https://video.babybillion.in/hls/Kangaroo/Kangaroo.m3u8,/Kangaroo/Kangaroo.m3u8,Priya
069334b7-2986-4a4d-b648-4e97837b98ec,103_6_Day_and_Night_in_Space,BabyBillion_Education,"[{""S"":""6+""}]",41f1f46f-18fc-4610-a538-2860e362964b,https://video.babybillion.in/hls/103_6_Day_and_Night_in_Space/103_6_Day_and_Night_in_Space.m3u8,/103_6_Day_and_Night_in_Space/103_6_Day_and_Night_in_Space.m3u8,Priya
06b9d09c-77d3-4b65-acb7-2711219f0b85,Taxi,BabyBillion_Education,"[{""S"":""0-3""}]",da4d2220-056e-483b-9fc0-8451577d4cc9,https://video.babybillion.in/hls/Taxi/Taxi.m3u8,/Taxi/Taxi.m3u8,Priya
07bcd350-b503-4837-ae1f-4036d90db6e7,Swan,BabyBillion_Education,"[{""S"":""0-3""}]",efdd9da9-9b29-45aa-8bc4-3ddbee54940d,https://video.babybillion.in/hls/Swan/Swan.m3u8,/Swan/Swan.m3u8,Priya
07de14bd-09a7-4e67-8576-9ab5a057f33c,Pig,BabyBillion_Education,"[{""S"":""3-6""}]",79156051-e033-423a-b7de-a68fe1342a75,https://video.babybillion.in/hls/Pig/Pig.m3u8,/Pig/Pig.m3u8,Priya
08f1fca6-0ee2-4478-9192-14165ad252e6,025_cha_se_chammach,BabyBillion_Education,"[{""S"":""0-3""}]",de5577e3-4806-4284-9cab-9e7ecf907095,https://video.babybillion.in/hls/025_cha_se_chammach/025_cha_se_chammach.m3u8,/025_cha_se_chammach/025_cha_se_chammach.m3u8,Priya
09638d9d-f96a-46f1-8191-efd8166323c8,Y_for_Yak,BabyBillion_Education,"[{""S"":""0-3""}]",1bf17868-9fb8-419a-b7d7-e9ba3b51a364,https://video.babybillion.in/hls/Y_for_Yak/Y_for_Yak.m3u8,/Y_for_Yak/Y_for_Yak.m3u8,Priya
0d46ec33-8408-42bc-8079-f4519e184a0a,047_english_speaking_i_want_to_play,BabyBillion_Education,"[{""S"":""3-6""}]",0eba9676-9d93-484f-8938-41e3ab588a7f,https://video.babybillion.in/hls/047_english_speaking_i_want_to_play/047_english_speaking_i_want_to_play.m3u8,/047_english_speaking_i_want_to_play/047_english_speaking_i_want_to_play.m3u8,priya
0e390c6b-5a03-4f08-8257-e67ebb8be84e,Vehicles_two_wheelers,BabyBillion_Education,"[{""S"":""3-6""}]",bf9d1fdb-31f8-48e3-9114-9e4e4967617c,https://video.babybillion.in/hls/Vehicles_two_wheelers/Vehicles_two_wheelers.m3u8,/Vehicles_two_wheelers/Vehicles_two_wheelers.m3u8,priya
0fbbc7b4-dd05-48bd-bcef-1f7a4e946825,Sad,BabyBillion_Education,"[{""S"":""6+""}]",90ff5296-5b99-4ddf-8bdf-ac55f6f7b6c2,https://video.babybillion.in/hls/Sad/Sad.m3u8,/Sad/Sad.m3u8,priya
1015297b-5a4a-4ab8-a85c-517457d2dcb6,017_good_habits_not_eating_with_dirty_hands,BabyBillion_Education,"[{""S"":""3-6""}]",06f625da-1202-4c8a-8b16-e624b97476d1,https://video.babybillion.in/hls/017_good_habits_not_eating_with_dirty_hands/017_good_habits_not_eating_with_dirty_hands.m3u8,/017_good_habits_not_eating_with_dirty_hands/017_good_habits_not_eating_with_dirty_hands.m3u8,priya
1125162e-a75b-40e9-b70e-cdc69813aaf0,Calm,BabyBillion_Education,"[{""S"":""0-3""}]",90ff5296-5b99-4ddf-8bdf-ac55f6f7b6c2,https://video.babybillion.in/hls/Calm/Calm.m3u8,/Calm/Calm.m3u8,priya
11752408-6083-442b-9737-ad0bba08a02c,Grandmother_DadiNani,BabyBillion_Education,"[{""S"":""0-3""}]",24429faf-f706-4456-a1a0-d8b55cc55f9d,https://video.babybillion.in/hls/Grandmother_DadiNani/Grandmother_DadiNani.m3u8,/Grandmother_DadiNani/Grandmother_DadiNani.m3u8,priya
122a371a-416f-47c5-a5f9-6d62f25b318a,Beetroot_Chukandar,BabyBillion_Education,"[{""S"":""0-3""}]",c3d15541-8760-45ff-b253-1647ca61bf37,https://video.babybillion.in/hls/Beetroot_Chukandar/Beetroot_Chukandar.m3u8,/Beetroot_Chukandar/Beetroot_Chukandar.m3u8,priya
12a11613-dc55-4746-bc6b-55e60a751a67,Grasshopper,BabyBillion_Education,"[{""S"":""0-3""}]",40d567cd-95aa-469e-b7a8-da623f2579d8,https://video.babybillion.in/hls/Grasshopper/Grasshopper.m3u8,/Grasshopper/Grasshopper.m3u8,priya
131d20d3-5118-4527-ac5e-4d7b23c55a31,046_simple_sentences_it_is_time_to_eat,BabyBillion_Education,"[{""S"":""3-6""}]",0eba9676-9d93-484f-8938-41e3ab588a7f,https://video.babybillion.in/hls/046_simple_sentences_it_is_time_to_eat/046_simple_sentences_it_is_time_to_eat.m3u8,/046_simple_sentences_it_is_time_to_eat/046_simple_sentences_it_is_time_to_eat.m3u8,priya
13ece688-8171-47f1-873b-f6d51106fc4f,Up,BabyBillion_Education,"[{""S"":""0-3""}]",4e8e2dbf-bad4-4a56-8365-251a1cfc4a10,https://video.babybillion.in/hls/Up/Up.m3u8,/Up/Up.m3u8,priya
14bbb4f8-6953-4c91-a3e1-8c2d8dd0bdfc,Metro_City,BabyBillion_Education,"[{""S"":""3-6""}]",b7ef253a-6fb1-4247-ad59-99c4c945c8ec,https://video.babybillion.in/hls/Metro_City/Metro_City.m3u8,/Metro_City/Metro_City.m3u8,priya
157dd380-b1ac-4923-9284-d520094cf99d,Being_kind_to_birds,BabyBillion_Education,"[{""S"":""3-6""}]",06f625da-1202-4c8a-8b16-e624b97476d1,https://video.babybillion.in/hls/Being_kind_to_birds/Being_kind_to_birds.m3u8,/Being_kind_to_birds/Being_kind_to_birds.m3u8,priya
15d78e7c-cfe0-4a75-a8a6-1c199d9b4507,048_colors_white_cloud,BabyBillion_Education,"[{""S"":""3-6""}]",c23beb7b-23de-440c-9fb1-2990013f11a6,https://video.babybillion.in/hls/048_colors_white_cloud/048_colors_white_cloud.m3u8,/048_colors_white_cloud/048_colors_white_cloud.m3u8,priya
1640ba7f-f478-4e46-91b7-c3d38502db0d,Good_Night,BabyBillion_Education,"[{""S"":""0-3""}]",cdd3ba69-c04a-402a-a061-05e0f816a161,https://video.babybillion.in/hls/Good_Night/Good_Night.m3u8,/Good_Night/Good_Night.m3u8,priya
16bafa3b-d2cd-45fc-90f3-19d3d2414067,Building_Blocks,BabyBillion_Education,"[{""S"":""0-3""}]",259e1ebe-d005-41f2-a3f8-810078f51c98,https://video.babybillion.in/hls/Building_Blocks/Building_Blocks.m3u8,/Building_Blocks/Building_Blocks.m3u8,priya
17bc32cd-3f6a-46f2-88c3-296935b1a8b2,Building_Blocks,BabyBillion_Education,"[{""S"":""0-3""}]",259e1ebe-d005-41f2-a3f8-810078f51c98,https://video.babybillion.in/hls/Building_Blocks/Building_Blocks.m3u8,/Building_Blocks/Building_Blocks.m3u8,priya
181a438c-cb67-47e2-8bb8-901e6d006125,Common_Foods-_Rice,BabyBillion_Education,"[{""S"":""3-6""}]",2754f754-bfaf-4810-9852-60d5960a7a74,https://video.babybillion.in/hls/Common_Foods-_Rice/Common_Foods-_Rice.m3u8,/Common_Foods-_Rice/Common_Foods-_Rice.m3u8,priya
184d5e07-4472-424d-a594-698d1fee5613,Counting_Money_small_amounts,BabyBillion_Education,"[{""S"":""6+""}]",196088dd-3c9e-4930-8bfb-55110c194c2a,https://video.babybillion.in/hls/Counting_Money_small_amounts/Counting_Money_small_amounts.m3u8,/Counting_Money_small_amounts/Counting_Money_small_amounts.m3u8,priya
18bf4d86-e90e-42b1-befa-7be15fd35b3b,Forehead_Maatha,BabyBillion_Education,"[{""S"":""0-3""}]",6d841cca-a54f-451a-90fc-aeffa145e274,https://video.babybillion.in/hls/Forehead_Maatha/Forehead_Maatha.m3u8,/Forehead_Maatha/Forehead_Maatha.m3u8,priya
1a00837e-4b4e-4a64-86c8-55e1c42a5789,Saying_Excuse_Me,BabyBillion_Education,"[{""S"":""3-6""}]",06f625da-1202-4c8a-8b16-e624b97476d1,https://video.babybillion.in/hls/Saying_Excuse_Me/Saying_Excuse_Me.m3u8,/Saying_Excuse_Me/Saying_Excuse_Me.m3u8,priya
1a1ab502-249a-466f-8f14-176095624678,R_for_Rabbit,BabyBillion_Education,"[{""S"":""0-3""}]",1bf17868-9fb8-419a-b7d7-e9ba3b51a364,https://video.babybillion.in/hls/R_for_Rabbit/R_for_Rabbit.m3u8,/R_for_Rabbit/R_for_Rabbit.m3u8,priya
1ba0e121-3122-4dfb-a947-4207593afabf,028_sight_words_had,BabyBillion_Education,"[{""S"":""3-6""}]",181961d7-b484-40c7-b24c-9b3f335cc424,https://video.babybillion.in/hls/028_sight_words_had/028_sight_words_had.m3u8,/028_sight_words_had/028_sight_words_had.m3u8,priya
1c23aafa-04aa-4e5a-8f51-a6b7cd634d77,106_3-6_Ordering_to_20-1,BabyBillion_Education,"[{""S"":""3-6""}]",98263b2e-41f3-413e-9a83-b64ef2016a53,https://video.babybillion.in/hls/106_3-6_Ordering_to_20-1/106_3-6_Ordering_to_20-1.m3u8,/106_3-6_Ordering_to_20-1/106_3-6_Ordering_to_20-1.m3u8,priya
1e5d5541-ff7f-4dc0-bf5c-f055e9e8794b,062_sight_words_new_and_old,BabyBillion_Education,"[{""S"":""3-6""}]",181961d7-b484-40c7-b24c-9b3f335cc424,https://video.babybillion.in/hls/1e5d5541-ff7f-4dc0-bf5c-f055e9e8794b/1e5d5541-ff7f-4dc0-bf5c-f055e9e8794b.m3u8,/hls/1e5d5541-ff7f-4dc0-bf5c-f055e9e8794b/1e5d5541-ff7f-4dc0-bf5c-f055e9e8794b.m3u8,priya
1e7c4ba8-5aff-4b48-9a27-c4afa7b5628c,L_for_Leaf,BabyBillion_Education,"[{""S"":""0-3""}]",1bf17868-9fb8-419a-b7d7-e9ba3b51a364,https://video.babybillion.in/hls/L_for_Leaf/L_for_Leaf.m3u8,/L_for_Leaf/L_for_Leaf.m3u8,priya
1fd27506-b7e1-4a6a-b139-12d4c6ce586d,Seasons,BabyBillion_Education,"[{""S"":""6+""}]",61d5066e-0470-45e3-8a5b-54a0703db8c0,https://video.babybillion.in/hls/Seasons/Seasons.m3u8,/Seasons/Seasons.m3u8,priya
20854673-2488-4a6f-ac79-c46878b5af86,Tall_Short,BabyBillion_Education,"[{""S"":""0-3""}]",03776bdf-d177-47e6-abe5-d3215a0df920,https://video.babybillion.in/hls/Tall_Short/Tall_Short.m3u8,/Tall_Short/Tall_Short.m3u8,priya
212471b2-58a7-494c-8943-7e85951f0cc4,Wooden_Puzzle,BabyBillion_Education,"[{""S"":""0-3""}]",259e1ebe-d005-41f2-a3f8-810078f51c98,https://video.babybillion.in/hls/Wooden_Puzzle/Wooden_Puzzle.m3u8,/Wooden_Puzzle/Wooden_Puzzle.m3u8,priya
23c62e31-678b-4d34-85f8-4b28d94ed51a,Hot_and_cold_objects,BabyBillion_Education,"[{""S"":""3-6""}]",b7ef253a-6fb1-4247-ad59-99c4c945c8ec,https://video.babybillion.in/hls/Hot_and_cold_objects/Hot_and_cold_objects.m3u8,/Hot_and_cold_objects/Hot_and_cold_objects.m3u8,priya
26d0b173-6a85-40eb-9fce-3eca7653e687,Holding_Elders_Hand_on_Road,BabyBillion_Education,"[{""S"":""0-3""}]",06f625da-1202-4c8a-8b16-e624b97476d1,https://video.babybillion.in/hls/Holding_Elders_Hand_on_Road/Holding_Elders_Hand_on_Road.m3u8,/Holding_Elders_Hand_on_Road/Holding_Elders_Hand_on_Road.m3u8,priya
26ffd885-64ef-45dc-8b05-95980af42187,Greeting_with_Namaste,BabyBillion_Education,"[{""S"":""0-3""}]",06f625da-1202-4c8a-8b16-e624b97476d1,https://video.babybillion.in/hls/Greeting_with_Namaste/Greeting_with_Namaste.m3u8,/Greeting_with_Namaste/Greeting_with_Namaste.m3u8,priya
29345f97-8038-4772-86bb-8c8107e1c613,Auto_Driver,BabyBillion_Education,"[{""S"":""0-3""}]",18ae1c51-e0c5-4df1-94f6-30f5e6732dd3,https://video.babybillion.in/hls/Auto_Driver/Auto_Driver.m3u8,/Auto_Driver/Auto_Driver.m3u8,Priya
2b0ee2f7-a3e5-4fc5-95e3-8e79701976e8,011_a_se_anaar,BabyBillion_Education,"[{""S"":""0-3""}]",de5577e3-4806-4284-9cab-9e7ecf907095,https://video.babybillion.in/hls/011_a_se_anaar/011_a_se_anaar.m3u8,/011_a_se_anaar/011_a_se_anaar.m3u8,Priya
2c3a2a09-80fb-4147-b448-638c5d93a414,Greeting_Elders,BabyBillion_Education,"[{""S"":""3-6""}]",06f625da-1202-4c8a-8b16-e624b97476d1,https://video.babybillion.in/hls/Greeting_Elders/Greeting_Elders.m3u8,/Greeting_Elders/Greeting_Elders.m3u8,priya
2c3e9b7a-7005-4cb4-a1fa-85bf7018d286,015_good_habits_finishing_what_is_on_my_plate,BabyBillion_Education,"[{""S"":""0-3""}]",06f625da-1202-4c8a-8b16-e624b97476d1,https://video.babybillion.in/hls/015_good_habits_finishing_what_is_on_my_plate/015_good_habits_finishing_what_is_on_my_plate.m3u8,/015_good_habits_finishing_what_is_on_my_plate/015_good_habits_finishing_what_is_on_my_plate.m3u8,priya
2c747db5-b5f8-41ff-945a-c6d992408a93,006_shapes_crescent_moon_shape,BabyBillion_Education,"[{""S"":""3-6""}]",da4d2220-056e-483b-9fc0-8451577d4cc9,https://video.babybillion.in/hls/006_shapes_crescent_moon_shape/006_shapes_crescent_moon_shape.m3u8,/006_shapes_crescent_moon_shape/006_shapes_crescent_moon_shape.m3u8,priya
304c414d-a7a4-4057-861f-8fb2e743bd2d,Dairy_Foods,BabyBillion_Education,"[{""S"":""6+""}]",5bc39ba0-a18b-42a9-9176-736112991697,https://video.babybillion.in/hls/Dairy_Foods/Dairy_Foods.m3u8,/Dairy_Foods/Dairy_Foods.m3u8,priya
3069ab45-a483-4784-b513-ffde641aa734,Sleeping_on_Time,BabyBillion_Education,"[{""S"":""0-3""}]",06f625da-1202-4c8a-8b16-e624b97476d1,https://video.babybillion.in/hls/Sleeping_on_Time/Sleeping_on_Time.m3u8,/Sleeping_on_Time/Sleeping_on_Time.m3u8,priya
313ac5f8-a5a9-4f2a-be4b-ceb43e51ead0,Sand_Ret,BabyBillion_Education,"[{""S"":""0-3""}]",eb5f90b5-3650-49b9-95b6-d4e3a89c0662,https://video.babybillion.in/hls/Sand_Ret/Sand_Ret.m3u8,/Sand_Ret/Sand_Ret.m3u8,priya
339091aa-2c3b-4153-8139-2664c73c2868,Kitten_Baby_Cat,BabyBillion_Education,"[{""S"":""3-6""}]",f3cc6441-ba9d-4db9-85ec-3f3cdc60d542,https://video.babybillion.in/hls/Kitten_Baby_Cat/Kitten_Baby_Cat.m3u8,/Kitten_Baby_Cat/Kitten_Baby_Cat.m3u8,priya
37da5c68-f743-45a6-a94c-c371ad698753,Lion,BabyBillion_Education,"[{""S"":""0-3""}]",79156051-e033-423a-b7de-a68fe1342a75,https://video.babybillion.in/hls/Lion/Lion.m3u8,/Lion/Lion.m3u8,Priya
3a40dd01-10e3-435e-85f5-22620719a11e,Using_TissueHandkerchief,BabyBillion_Education,"[{""S"":""0-3""}]",06f625da-1202-4c8a-8b16-e624b97476d1,https://video.babybillion.in/hls/Using_TissueHandkerchief/Using_TissueHandkerchief.m3u8,/Using_TissueHandkerchief/Using_TissueHandkerchief.m3u8,priya
3c14b636-5725-47e8-b836-45c0e5de0ec7,M_for_Monkey,BabyBillion_Education,"[{""S"":""0-3""}]",1bf17868-9fb8-419a-b7d7-e9ba3b51a364,https://video.babybillion.in/hls/M_for_Monkey/M_for_Monkey.m3u8,/M_for_Monkey/M_for_Monkey.m3u8,priya
3c61c106-a7a5-4bb9-b764-824d8eee97e4,Navratri,BabyBillion_Education,"[{""S"":""0-3""}]",655a5081-8ce4-4cfc-b36d-d5d0d1a06c1e,https://video.babybillion.in/hls/Navratri/Navratri.m3u8,/Navratri/Navratri.m3u8,priya
3d86ee08-8372-463a-83e4-1d52ea9416a9,017_sight_words_as,BabyBillion_Education,"[{""S"":""3-6""}]",181961d7-b484-40c7-b24c-9b3f335cc424,https://video.babybillion.in/hls/017_sight_words_as/017_sight_words_as.m3u8,/017_sight_words_as/017_sight_words_as.m3u8,priya
3dc5aa8f-a847-4fc0-ab38-0989a50a82b4,Sight_words_made,BabyBillion_Education,"[{""S"":""3-6""}]",181961d7-b484-40c7-b24c-9b3f335cc424,https://video.babybillion.in/hls/Sight_words_made/Sight_words_made.m3u8,/Sight_words_made/Sight_words_made.m3u8,priya
3e8301c3-6c88-4bb1-af13-6aca905a87f4,Daily_Hygiene_Routine,BabyBillion_Education,"[{""S"":""6+""}]",06f625da-1202-4c8a-8b16-e624b97476d1,https://video.babybillion.in/hls/Daily_Hygiene_Routine/Daily_Hygiene_Routine.m3u8,/Daily_Hygiene_Routine/Daily_Hygiene_Routine.m3u8,priya
3f7531fc-1ad0-4690-be8f-e71b1bad101b,030_tha_se_thathera,BabyBillion_Education,"[{""S"":""0-3""}]",de5577e3-4806-4284-9cab-9e7ecf907095,https://video.babybillion.in/hls/030_tha_se_thathera/030_tha_se_thathera.m3u8,/030_tha_se_thathera/030_tha_se_thathera.m3u8,priya
40544b4b-ec78-442f-b90f-5b147c79c7a1,Bush,BabyBillion_Education,"[{""S"":""0-3""}]",f476a63c-f5d0-4454-afee-eb96182ff983,https://video.babybillion.in/hls/Bush/Bush.m3u8,/Bush/Bush.m3u8,priya
412fbcdc-ba19-4038-adcc-419a601e2470,008_simple_sentences_i_like_milk,BabyBillion_Education,"[{""S"":""3-6""}]",4c06fdb7-0fe2-4c21-aab0-f80f2fa1f650,https://video.babybillion.in/hls/008_simple_sentences_i_like_milk/008_simple_sentences_i_like_milk.m3u8,/008_simple_sentences_i_like_milk/008_simple_sentences_i_like_milk.m3u8,priya
433754a2-c761-4c0e-a4e0-a91467e2e0a0,Rocking_Horse,BabyBillion_Education,"[{""S"":""0-3""}]",259e1ebe-d005-41f2-a3f8-810078f51c98,https://video.babybillion.in/hls/Rocking_Horse/Rocking_Horse.m3u8,/Rocking_Horse/Rocking_Horse.m3u8,priya
44832ddd-f6e3-49b6-9fdf-ec3450dcdca5,Dump_Truck,BabyBillion_Education,"[{""S"":""0-3""}]",bf9d1fdb-31f8-48e3-9114-9e4e4967617c,https://video.babybillion.in/hls/Dump_Truck/Dump_Truck.m3u8,/Dump_Truck/Dump_Truck.m3u8,priya
44eb45fc-043c-46c3-832b-84c2ee5b34c7,Sun,BabyBillion_Education,"[{""S"":""3-6""}]",b7ef253a-6fb1-4247-ad59-99c4c945c8ec,https://video.babybillion.in/hls/Sun/Sun.m3u8,/Sun/Sun.m3u8,priya
44f50acc-cd48-4a0b-880f-9de8f8c77feb,023_colors_yellow_mango,BabyBillion_Education,"[{""S"":""0-3""}]",c23beb7b-23de-440c-9fb1-2990013f11a6,https://video.babybillion.in/hls/023_colors_yellow_mango/023_colors_yellow_mango.m3u8,/023_colors_yellow_mango/023_colors_yellow_mango.m3u8,priya
4692934e-7fdc-4dc3-bab4-4b25209e728b,Kitten_Baby_Cat,BabyBillion_Education,"[{""S"":""0-3""}]",79156051-e033-423a-b7de-a68fe1342a75,https://video.babybillion.in/hls/Kitten_Baby_Cat/Kitten_Baby_Cat.m3u8,/Kitten_Baby_Cat/Kitten_Baby_Cat.m3u8,priya
472a94a8-5e23-47f8-9bf7-f5862ade7781,Cauliflower,BabyBillion_Education,"[{""S"":""0-3""}]",c3d15541-8760-45ff-b253-1647ca61bf37,https://video.babybillion.in/hls/Cauliflower/Cauliflower.m3u8,/Cauliflower/Cauliflower.m3u8,priya
48198347-9fa1-404a-bbbe-6b6e61c694f4,Butterfly,BabyBillion_Education,"[{""S"":""0-3""}]",40d567cd-95aa-469e-b7a8-da623f2579d8,https://video.babybillion.in/hls/Butterfly/Butterfly.m3u8,/Butterfly/Butterfly.m3u8,priya
483ac2e5-349e-4a23-bb3a-03fa64beb7e6,Mumma,BabyBillion_Education,"[{""S"":""0-3""}]",4e8e2dbf-bad4-4a56-8365-251a1cfc4a10,https://video.babybillion.in/hls/Mumma/Mumma.m3u8,/Mumma/Mumma.m3u8,priya
49345338-f215-428d-8180-4960117a3377,Cvc_words_let,BabyBillion_Education,"[{""S"":""3-6""}]",bac6ace6-06bc-4f67-85bb-5f0b144d5a15,https://video.babybillion.in/hls/Cvc_words_let/Cvc_words_let.m3u8,/Cvc_words_let/Cvc_words_let.m3u8,priya
49694d82-c42a-4ed6-a9be-004e917bcc79,Spinach_Palak,BabyBillion_Education,"[{""S"":""0-3""}]",c3d15541-8760-45ff-b253-1647ca61bf37,https://video.babybillion.in/hls/Spinach_Palak/Spinach_Palak.m3u8,/Spinach_Palak/Spinach_Palak.m3u8,priya
49fdffd2-683c-40c2-803b-12e14aaa11f3,O,BabyBillion_Education,"[{""S"":""3-6""}]",fec06a4b-b277-4fe2-8fff-bb40451bf2d9,https://video.babybillion.in/hls/O/O.m3u8,/O/O.m3u8,priya
4b855ead-d987-4f2b-9257-c489fb23a346,020_simple_sentences_i_have_a_blue_bag,BabyBillion_Education,"[{""S"":""3-6""}]",4c06fdb7-0fe2-4c21-aab0-f80f2fa1f650,https://video.babybillion.in/hls/020_simple_sentences_i_have_a_blue_bag/020_simple_sentences_i_have_a_blue_bag.m3u8,/020_simple_sentences_i_have_a_blue_bag/020_simple_sentences_i_have_a_blue_bag.m3u8,priya
4ba3d9ad-a86d-4de3-8f56-b91793bfb517,Kheer,BabyBillion_Education,"[{""S"":""0-3""}]",5bc39ba0-a18b-42a9-9176-736112991697,https://video.babybillion.in/hls/Kheer/Kheer.m3u8,/Kheer/Kheer.m3u8,priya
4fae216b-d81a-4512-b1db-490000ba0fc8,Wood,BabyBillion_Education,"[{""S"":""3-6""}]",b7ef253a-6fb1-4247-ad59-99c4c945c8ec,https://video.babybillion.in/hls/Wood/Wood.m3u8,/Wood/Wood.m3u8,priya
511fa0c1-3aef-426e-8575-449ad17817f1,008_phonics_sound_of_q_kw_as_in_queen,BabyBillion_Education,"[{""S"":""3-6""}]",b79bd45b-2c9c-4b7d-91a0-07c93a4dbea1,https://video.babybillion.in/hls/008_phonics_sound_of_q_kw_as_in_queen/008_phonics_sound_of_q_kw_as_in_queen.m3u8,/008_phonics_sound_of_q_kw_as_in_queen/008_phonics_sound_of_q_kw_as_in_queen.m3u8,priya
5162fd78-a63e-432c-a3eb-b498eb2882f8,017_abc_capital_a_and_small_a,BabyBillion_Education,"[{""S"":""3-6""}]",1bf17868-9fb8-419a-b7d7-e9ba3b51a364,https://video.babybillion.in/hls/017_abc_capital_a_and_small_a/017_abc_capital_a_and_small_a.m3u8,/017_abc_capital_a_and_small_a/017_abc_capital_a_and_small_a.m3u8,priya
52e3d3ce-c51b-4d46-a563-5dec04b2bd8f,Eat,BabyBillion_Education,"[{""S"":""0-3""}]",cdd3ba69-c04a-402a-a061-05e0f816a161,https://video.babybillion.in/hls/Eat/Eat.m3u8,/Eat/Eat.m3u8,priya
54829344-89d7-495a-86d5-c4aec3434b41,Christmas,BabyBillion_Education,"[{""S"":""0-3""}]",655a5081-8ce4-4cfc-b36d-d5d0d1a06c1e,https://video.babybillion.in/hls/Christmas/Christmas.m3u8,/Christmas/Christmas.m3u8,priya
54ddca49-4144-489b-9e49-f6937cd863d8,Hug,BabyBillion_Education,"[{""S"":""0-3""}]",cdd3ba69-c04a-402a-a061-05e0f816a161,https://video.babybillion.in/hls/Hug/Hug.m3u8,/Hug/Hug.m3u8,priya
560528e2-f8aa-412a-9037-d290c1f73ba1,Pigeon,BabyBillion_Education,"[{""S"":""0-3""}]",efdd9da9-9b29-45aa-8bc4-3ddbee54940d,https://video.babybillion.in/hls/Pigeon/Pigeon.m3u8,/Pigeon/Pigeon.m3u8,priya
58a3dc9b-3b00-4c85-9061-cbd8c0591fb5,Places_we_go,BabyBillion_Education,"[{""S"":""0-3""}]",e4dd4a24-f512-4d74-8bad-596b71c5369f,https://video.babybillion.in/hls/Places_we_go/Places_we_go.m3u8,/Places_we_go/Places_we_go.m3u8,priya
58af002f-d033-4670-87ea-c67e8c9f2809,001_greater_lesser_big_apple_vs_small_apple,BabyBillion_Education,"[{""S"":""3-6""}]",9964bf6a-c340-4e3a-b7e6-9f3d435449d3,https://video.babybillion.in/hls/001_greater_lesser_big_apple_vs_small_apple/001_greater_lesser_big_apple_vs_small_apple.m3u8,/001_greater_lesser_big_apple_vs_small_apple/001_greater_lesser_big_apple_vs_small_apple.m3u8,priya
5b67171a-bd75-4ac0-8147-ec36616df336,River_Nadi,BabyBillion_Education,"[{""S"":""0-3""}]",eb5f90b5-3650-49b9-95b6-d4e3a89c0662,https://video.babybillion.in/hls/River_Nadi/River_Nadi.m3u8,/River_Nadi/River_Nadi.m3u8,priya
5dbc6e27-b026-4222-a7b6-ae6a3cd819ae,Fear,BabyBillion_Education,"[{""S"":""3-6""}]",90ff5296-5b99-4ddf-8bdf-ac55f6f7b6c2,https://video.babybillion.in/hls/Fear/Fear.m3u8,/Fear/Fear.m3u8,priya
5f8e1c93-fbea-4d4c-ac76-90d49982b281,Catch,BabyBillion_Education,"[{""S"":""0-3""}]",cdd3ba69-c04a-402a-a061-05e0f816a161,https://video.babybillion.in/hls/Catch/Catch.m3u8,/Catch/Catch.m3u8,priya
61b341b8-9521-48d8-a0c9-01e8a01a7c60,002_community_helpers_gardener,BabyBillion_Education,"[{""S"":""3-6""}]",3dc35861-75e5-4d11-a33d-d263d159f041,https://video.babybillion.in/hls/002_community_helpers_gardener/002_community_helpers_gardener.m3u8,/002_community_helpers_gardener/002_community_helpers_gardener.m3u8,priya
63098548-4273-4046-8dce-667bed1b2d96,This_is_big_small,BabyBillion_Education,"[{""S"":""3-6""}]",4c06fdb7-0fe2-4c21-aab0-f80f2fa1f650,https://video.babybillion.in/hls/This_is_big_small/This_is_big_small.m3u8,/This_is_big_small/This_is_big_small.m3u8,priya
6337791a-ba6b-43ef-a7f6-46ff705a2429,Plant,BabyBillion_Education,"[{""S"":""0-3""}]",f476a63c-f5d0-4454-afee-eb96182ff983,https://video.babybillion.in/hls/Plant/Plant.m3u8,/Plant/Plant.m3u8,priya
64e5d0b2-2f77-4b0d-a366-8b000a22f3cd,Sandwich,BabyBillion_Education,"[{""S"":""0-3""}]",5bc39ba0-a18b-42a9-9176-736112991697,https://video.babybillion.in/hls/Sandwich/Sandwich.m3u8,/Sandwich/Sandwich.m3u8,priya
653bf89f-8762-4186-b645-e35f7c96719c,Of,BabyBillion_Education,"[{""S"":""3-6""}]",181961d7-b484-40c7-b24c-9b3f335cc424,https://video.babybillion.in/hls/Of/Of.m3u8,/Of/Of.m3u8,priya
667b49a0-4beb-4c68-918b-3a2bbe5cfa3e,Sight_words_make,BabyBillion_Education,"[{""S"":""3-6""}]",181961d7-b484-40c7-b24c-9b3f335cc424,https://video.babybillion.in/hls/Sight_words_make/Sight_words_make.m3u8,/Sight_words_make/Sight_words_make.m3u8,priya
6abdc5ee-ea9e-4622-a4de-998a74f81c86,Feet,BabyBillion_Education,"[{""S"":""0-3""}]",6d841cca-a54f-451a-90fc-aeffa145e274,https://video.babybillion.in/hls/Feet/Feet.m3u8,/Feet/Feet.m3u8,priya
6c0a4414-2621-463a-822f-5d77cf9bcc14,Pasta,BabyBillion_Education,"[{""S"":""0-3""}]",5bc39ba0-a18b-42a9-9176-736112991697,https://video.babybillion.in/hls/Pasta/Pasta.m3u8,/Pasta/Pasta.m3u8,priya
6db784fa-4ca4-4f3b-aef6-bed79fdf4c17,Aao,BabyBillion_Education,"[{""S"":""0-3""}]",de5577e3-4806-4284-9cab-9e7ecf907095,https://video.babybillion.in/hls/Aao/Aao.m3u8,/Aao/Aao.m3u8,priya
6e0171b2-e4f6-4399-b847-2510dca41989,This_is_big_small,BabyBillion_Education,"[{""S"":""3-6""}]",4c06fdb7-0fe2-4c21-aab0-f80f2fa1f650,https://video.babybillion.in/hls/This_is_big_small/This_is_big_small.m3u8,/This_is_big_small/This_is_big_small.m3u8,priya
70d79c59-8f91-49ce-8cec-57ca6732ef42,029_varnmala_vyanjan_sha_se_sharbat,BabyBillion_Education,"[{""S"":""3-6""}]",fec06a4b-b277-4fe2-8fff-bb40451bf2d9,https://video.babybillion.in/hls/029_varnmala_vyanjan_sha_se_sharbat/029_varnmala_vyanjan_sha_se_sharbat.m3u8,/029_varnmala_vyanjan_sha_se_sharbat/029_varnmala_vyanjan_sha_se_sharbat.m3u8,priya
7341d221-60f1-4d45-9135-6ca14444c803,Sit,BabyBillion_Education,"[{""S"":""0-3""}]",cdd3ba69-c04a-402a-a061-05e0f816a161,https://video.babybillion.in/hls/Sit/Sit.m3u8,/Sit/Sit.m3u8,priya
734d69f3-13d0-4ef3-ba14-46cbde9f7918,Butterfly_on_Flower,BabyBillion_Education,"[{""S"":""0-3""}]",40d567cd-95aa-469e-b7a8-da623f2579d8,https://video.babybillion.in/hls/Butterfly_on_Flower/Butterfly_on_Flower.m3u8,/Butterfly_on_Flower/Butterfly_on_Flower.m3u8,priya
75ac06c7-d10a-4863-b1d9-d23378b1ef8a,Samosa_Chutney,BabyBillion_Education,"[{""S"":""3-6""}]",5bc39ba0-a18b-42a9-9176-736112991697,https://video.babybillion.in/hls/Samosa_Chutney/Samosa_Chutney.m3u8,/Samosa_Chutney/Samosa_Chutney.m3u8,priya
7601187c-9160-42c4-8361-a3fa3d00aeb3,Do_not_run_on_roads,BabyBillion_Education,"[{""S"":""3-6""}]",c3533a50-aeac-4a7c-9f5c-e82d64be5e32,https://video.babybillion.in/hls/Do_not_run_on_roads/Do_not_run_on_roads.m3u8,/Do_not_run_on_roads/Do_not_run_on_roads.m3u8,priya
76b62666-e363-4704-8b63-faa1b889b296,016_shapes_trace_star,BabyBillion_Education,"[{""S"":""0-3""}]",da4d2220-056e-483b-9fc0-8451577d4cc9,https://video.babybillion.in/hls/016_shapes_trace_star/016_shapes_trace_star.m3u8,/016_shapes_trace_star/016_shapes_trace_star.m3u8,priya
76f8963b-f5d6-4f2a-9e89-5db1aa473a25,Sun,BabyBillion_Education,"[{""S"":""0-3""}]",eb5f90b5-3650-49b9-95b6-d4e3a89c0662,https://video.babybillion.in/hls/Sun/Sun.m3u8,/Sun/Sun.m3u8,priya
7e61b27a-ee95-4cc9-b489-ea03009bfef5,013_cvc_words_nap,BabyBillion_Education,"[{""S"":""3-6""}]",bac6ace6-06bc-4f67-85bb-5f0b144d5a15,https://video.babybillion.in/hls/013_cvc_words_nap/013_cvc_words_nap.m3u8,/013_cvc_words_nap/013_cvc_words_nap.m3u8,priya
7ed2c434-0163-4024-88e7-c9c4942b603c,Roti_ChapatiI,BabyBillion_Education,"[{""S"":""0-3""}]",5bc39ba0-a18b-42a9-9176-736112991697,https://video.babybillion.in/hls/Roti_ChapatiI/Roti_ChapatiI.m3u8,/Roti_ChapatiI/Roti_ChapatiI.m3u8,priya
7f6367fb-6064-4fef-adcb-af657505ab15,Sleeping_8-10_hours,BabyBillion_Education,"[{""S"":""6+""}]",06f625da-1202-4c8a-8b16-e624b97476d1,https://video.babybillion.in/hls/Sleeping_8-10_hours/Sleeping_8-10_hours.m3u8,/Sleeping_8-10_hours/Sleeping_8-10_hours.m3u8,priya
804cd804-79f8-45fc-bfb0-b1ce4640435c,Clock,BabyBillion_Education,"[{""S"":""0-3""}]",aa154d92-77f0-4dd7-9c3f-d7e57bd9baf5,https://video.babybillion.in/hls/Clock/Clock.m3u8,/Clock/Clock.m3u8,priya
8061316e-ecd9-4a27-a1d6-ebe624ea34dd,Sight_words_went,BabyBillion_Education,"[{""S"":""3-6""}]",181961d7-b484-40c7-b24c-9b3f335cc424,https://video.babybillion.in/hls/Sight_words_went/Sight_words_went.m3u8,/Sight_words_went/Sight_words_went.m3u8,priya
80909642-585a-4c2e-ab05-6a4459920991,Calm,BabyBillion_Education,"[{""S"":""6+""}]",90ff5296-5b99-4ddf-8bdf-ac55f6f7b6c2,https://video.babybillion.in/hls/Calm/Calm.m3u8,/Calm/Calm.m3u8,priya
80941f8a-7913-4db1-abd4-4ad9cc8ce396,012_colors_beige,BabyBillion_Education,"[{""S"":""3-6""}]",c23beb7b-23de-440c-9fb1-2990013f11a6,https://video.babybillion.in/hls/012_colors_beige/012_colors_beige.m3u8,/012_colors_beige/012_colors_beige.m3u8,priya
81a26cf6-1189-4dfb-89b0-4db07c2e96b7,Washing_Face,BabyBillion_Education,"[{""S"":""0-3""}]",06f625da-1202-4c8a-8b16-e624b97476d1,https://video.babybillion.in/hls/Washing_Face/Washing_Face.m3u8,/Washing_Face/Washing_Face.m3u8,priya
81d6390c-c5d7-443c-8b0e-660d6e85261f,Drink,BabyBillion_Education,"[{""S"":""0-3""}]",cdd3ba69-c04a-402a-a061-05e0f816a161,https://video.babybillion.in/hls/Drink/Drink.m3u8,/Drink/Drink.m3u8,priya
826eb203-e13c-46cb-b77d-640239f4fe09,006_good_habits_clipping_nails,BabyBillion_Education,"[{""S"":""3-6""}]",06f625da-1202-4c8a-8b16-e624b97476d1,https://video.babybillion.in/hls/006_good_habits_clipping_nails/006_good_habits_clipping_nails.m3u8,/006_good_habits_clipping_nails/006_good_habits_clipping_nails.m3u8,priya
85e21882-4382-4240-8a5c-1cadac28ed16,Mela_Fair,BabyBillion_Education,"[{""S"":""0-3""}]",e4dd4a24-f512-4d74-8bad-596b71c5369f,https://video.babybillion.in/hls/Mela_Fair/Mela_Fair.m3u8,/Mela_Fair/Mela_Fair.m3u8,priya
88b5ed7a-a59c-41bc-9c7b-190cb33fc790,017_cvc_words_dad,BabyBillion_Education,"[{""S"":""3-6""}]",bac6ace6-06bc-4f67-85bb-5f0b144d5a15,https://video.babybillion.in/hls/017_cvc_words_dad/017_cvc_words_dad.m3u8,/017_cvc_words_dad/017_cvc_words_dad.m3u8,priya
8999ceb2-b0c7-44be-b848-02c33c562496,027_simple_sentences_i_see_the_sun,BabyBillion_Education,"[{""S"":""3-6""}]",4c06fdb7-0fe2-4c21-aab0-f80f2fa1f650,https://video.babybillion.in/hls/027_simple_sentences_i_see_the_sun/027_simple_sentences_i_see_the_sun.m3u8,/027_simple_sentences_i_see_the_sun/027_simple_sentences_i_see_the_sun.m3u8,priya
89aa9e7d-5caa-4b9f-9b4b-f2efa5d21435,Knee_Ghutna,BabyBillion_Education,"[{""S"":""0-3""}]",6d841cca-a54f-451a-90fc-aeffa145e274,https://video.babybillion.in/hls/Knee_Ghutna/Knee_Ghutna.m3u8,/Knee_Ghutna/Knee_Ghutna.m3u8,priya
8a2e6088-98ad-4347-a093-6f1873744855,005_phonics_sound_of_n_n_as_in_nose,BabyBillion_Education,"[{""S"":""3-6""}]",b79bd45b-2c9c-4b7d-91a0-07c93a4dbea1,https://video.babybillion.in/hls/005_phonics_sound_of_n_n_as_in_nose/005_phonics_sound_of_n_n_as_in_nose.m3u8,/005_phonics_sound_of_n_n_as_in_nose/005_phonics_sound_of_n_n_as_in_nose.m3u8,priya
8a804f8d-96b4-4064-8c1b-ada8bb8b650f,Comb,BabyBillion_Education,"[{""S"":""0-3""}]",aa154d92-77f0-4dd7-9c3f-d7e57bd9baf5,https://video.babybillion.in/hls/Comb/Comb.m3u8,/Comb/Comb.m3u8,priya
8b5a3ed9-d84f-456c-9376-6c8f6f4728f8,Hop,BabyBillion_Education,"[{""S"":""0-3""}]",6d841cca-a54f-451a-90fc-aeffa145e274,https://video.babybillion.in/hls/Hop/Hop.m3u8,/Hop/Hop.m3u8,priya
8c1aa556-ff6b-469e-b100-5cdcc9571845,Common_Foods-_Fruits,BabyBillion_Education,"[{""S"":""3-6""}]",2754f754-bfaf-4810-9852-60d5960a7a74,https://video.babybillion.in/hls/Common_Foods-_Fruits/Common_Foods-_Fruits.m3u8,/Common_Foods-_Fruits/Common_Foods-_Fruits.m3u8,priya
8c4a302f-8f9c-4a21-a260-f326ce86a06c,036_simple_sentences_i_see_my_mother,BabyBillion_Education,"[{""S"":""3-6""}]",4c06fdb7-0fe2-4c21-aab0-f80f2fa1f650,https://video.babybillion.in/hls/036_simple_sentences_i_see_my_mother/036_simple_sentences_i_see_my_mother.m3u8,/036_simple_sentences_i_see_my_mother/036_simple_sentences_i_see_my_mother.m3u8,priya
8d6deb14-58c9-4acb-ba95-d91ddae2ff40,036_english_speaking_i_am_happy,BabyBillion_Education,"[{""S"":""3-6""}]",0eba9676-9d93-484f-8938-41e3ab588a7f,https://video.babybillion.in/hls/036_english_speaking_i_am_happy/036_english_speaking_i_am_happy.m3u8,/036_english_speaking_i_am_happy/036_english_speaking_i_am_happy.m3u8,priya
8ef93817-6737-42fe-9a3e-7246e6a7a7d0,Counting_Body_Parts,BabyBillion_Education,"[{""S"":""3-6""}]",96c17b79-8401-4494-9e78-28c683d600c0,https://video.babybillion.in/hls/Counting_Body_Parts/Counting_Body_Parts.m3u8,/Counting_Body_Parts/Counting_Body_Parts.m3u8,priya
8f5aadce-a2fa-4bf5-9408-b80af3f6c697,007_varnmala_vyanjan_chha_se_chhatri,BabyBillion_Education,"[{""S"":""3-6""}]",fec06a4b-b277-4fe2-8fff-bb40451bf2d9,https://video.babybillion.in/hls/007_varnmala_vyanjan_chha_se_chhatri/007_varnmala_vyanjan_chha_se_chhatri.m3u8,/007_varnmala_vyanjan_chha_se_chhatri/007_varnmala_vyanjan_chha_se_chhatri.m3u8,priya
90106810-9d03-440c-9025-dd6aa8977d60,Clownfish,BabyBillion_Education,"[{""S"":""0-3""}]",bd7c6e2d-c979-43ea-89eb-899d9aeb8b94,https://video.babybillion.in/hls/Clownfish/Clownfish.m3u8,/Clownfish/Clownfish.m3u8,priya
9080cda3-b2d5-4b6b-8437-3e9ec88ccd2f,Sad,BabyBillion_Education,"[{""S"":""3-6""}]",90ff5296-5b99-4ddf-8bdf-ac55f6f7b6c2,https://video.babybillion.in/hls/Sad/Sad.m3u8,/Sad/Sad.m3u8,priya
9080fb2c-9b4e-4b43-934f-a5a03f55d2f4,Lion,BabyBillion_Education,"[{""S"":""3-6""}]",79156051-e033-423a-b7de-a68fe1342a75,https://video.babybillion.in/hls/Lion/Lion.m3u8,/Lion/Lion.m3u8,priya
9371f344-9edb-492e-b5f4-af14426836da,Catch,BabyBillion_Education,"[{""S"":""0-3""}]",6d841cca-a54f-451a-90fc-aeffa145e274,https://video.babybillion.in/hls/Catch/Catch.m3u8,/Catch/Catch.m3u8,priya
93d9f3ad-d6a1-487c-b934-6e7f7d78f552,Safe,BabyBillion_Education,"[{""S"":""3-6""}]",90ff5296-5b99-4ddf-8bdf-ac55f6f7b6c2,https://video.babybillion.in/hls/Safe/Safe.m3u8,/Safe/Safe.m3u8,priya
946bcdd1-b205-4e59-bf73-f6fa8239425a,Shoes_Socks,BabyBillion_Education,"[{""S"":""3-6""}]",aa154d92-77f0-4dd7-9c3f-d7e57bd9baf5,https://video.babybillion.in/hls/Shoes_Socks/Shoes_Socks.m3u8,/Shoes_Socks/Shoes_Socks.m3u8,priya
954a9d09-1dff-488f-80c8-e82ea881bcb0,Seagull,BabyBillion_Education,"[{""S"":""0-3""}]",efdd9da9-9b29-45aa-8bc4-3ddbee54940d,https://video.babybillion.in/hls/Seagull/Seagull.m3u8,/Seagull/Seagull.m3u8,priya
98c74746-1205-4893-9a35-bc17b1dd4c2a,Kitten_Baby_Cat,BabyBillion_Education,"[{""S"":""3-6""}]",79156051-e033-423a-b7de-a68fe1342a75,https://video.babybillion.in/hls/Kitten_Baby_Cat/Kitten_Baby_Cat.m3u8,/Kitten_Baby_Cat/Kitten_Baby_Cat.m3u8,priya
99a9af28-100b-4eb7-ba44-b8731a7ce1cf,012_aa_se_aam,BabyBillion_Education,"[{""S"":""0-3""}]",de5577e3-4806-4284-9cab-9e7ecf907095,https://video.babybillion.in/hls/012_aa_se_aam/012_aa_se_aam.m3u8,/012_aa_se_aam/012_aa_se_aam.m3u8,priya
9d3bc949-f315-42ee-9b8d-a5102f8455de,Jet_plane,BabyBillion_Education,"[{""S"":""0-3""}]",bf9d1fdb-31f8-48e3-9114-9e4e4967617c,https://video.babybillion.in/hls/Jet_plane/Jet_plane.m3u8,/Jet_plane/Jet_plane.m3u8,priya
9da839fb-c215-4981-a8c4-1d48bdcf4c55,030_phonics_blending_o_plus_n_equals_on,BabyBillion_Education,"[{""S"":""3-6""}]",b79bd45b-2c9c-4b7d-91a0-07c93a4dbea1,https://video.babybillion.in/hls/030_phonics_blending_o_plus_n_equals_on/030_phonics_blending_o_plus_n_equals_on.m3u8,/030_phonics_blending_o_plus_n_equals_on/030_phonics_blending_o_plus_n_equals_on.m3u8,priya
9e5e86c3-c6a8-459e-972f-2cffc6f074b4,021_sight_words_see,BabyBillion_Education,"[{""S"":""3-6""}]",181961d7-b484-40c7-b24c-9b3f335cc424,https://video.babybillion.in/hls/021_sight_words_see/021_sight_words_see.m3u8,/021_sight_words_see/021_sight_words_see.m3u8,priya
a235d348-0e37-4d7e-9850-35a3c476d6f1,Stormy,BabyBillion_Education,"[{""S"":""3-6""}]",ed57a6ae-2009-4c19-9800-8826437fde62,https://video.babybillion.in/hls/Stormy/Stormy.m3u8,/Stormy/Stormy.m3u8,priya
a333a880-7c20-4b08-8856-81a6296f3cfb,104_6_Descending_order_from_biggest_to_smallest_-_2_6_8_41_537910_10987654321,BabyBillion_Education,"[{""S"":""6+""}]",98263b2e-41f3-413e-9a83-b64ef2016a53,https://video.babybillion.in/hls/104_6_Descending_order_from_biggest_to_smallest_-_2_6_8_41_537910_10987654321/104_6_Descending_order_from_biggest_to_smallest_-_2_6_8_41_537910_10987654321.m3u8,/104_6_Descending_order_from_biggest_to_smallest_-_2_6_8_41_537910_10987654321/104_6_Descending_order_from_biggest_to_smallest_-_2_6_8_41_537910_10987654321.m3u8,priya
a3a17c0a-e871-49aa-92e6-045568febb51,Days_of_the_Week,BabyBillion_Education,"[{""S"":""6+""}]",61d5066e-0470-45e3-8a5b-54a0703db8c0,https://video.babybillion.in/hls/Days_of_the_Week/Days_of_the_Week.m3u8,/Days_of_the_Week/Days_of_the_Week.m3u8,priya
a4760f1b-d473-4949-a33a-f0e0ffaf7fff,027_english_speaking_this_is_my_bua,BabyBillion_Education,"[{""S"":""3-6""}]",0eba9676-9d93-484f-8938-41e3ab588a7f,https://video.babybillion.in/hls/027_english_speaking_this_is_my_bua/027_english_speaking_this_is_my_bua.m3u8,/027_english_speaking_this_is_my_bua/027_english_speaking_this_is_my_bua.m3u8,priya
a6277da6-3504-4048-9b0c-5ef096e5b23d,Ice_cream,BabyBillion_Education,"[{""S"":""0-3""}]",5bc39ba0-a18b-42a9-9176-736112991697,https://video.babybillion.in/hls/Ice_cream/Ice_cream.m3u8,/Ice_cream/Ice_cream.m3u8,priya
a6d01ccc-23bf-4119-b4ee-cf03504b5a84,020_english_speaking_this_is_my_dadi,BabyBillion_Education,"[{""S"":""3-6""}]",06f625da-1202-4c8a-8b16-e624b97476d1,https://video.babybillion.in/hls/020_english_speaking_this_is_my_dadi/020_english_speaking_this_is_my_dadi.m3u8,/020_english_speaking_this_is_my_dadi/020_english_speaking_this_is_my_dadi.m3u8,priya
a7a0f016-679f-4ee5-8822-c6b96df09606,Cat,BabyBillion_Education,"[{""S"":""3-6""}]",79156051-e033-423a-b7de-a68fe1342a75,https://video.babybillion.in/hls/Cat/Cat.m3u8,/Cat/Cat.m3u8,priya
ac4d67c8-2bf5-4b90-936d-e521e7324aff,Pigeon,BabyBillion_Education,"[{""S"":""0-3""}]",efdd9da9-9b29-45aa-8bc4-3ddbee54940d,https://video.babybillion.in/hls/Pigeon/Pigeon.m3u8,/Pigeon/Pigeon.m3u8,priya
ae084955-c167-4dce-9dd8-a7116f40cd6a,K_for_Key,BabyBillion_Education,"[{""S"":""0-3""}]",1bf17868-9fb8-419a-b7d7-e9ba3b51a364,https://video.babybillion.in/hls/K_for_Key/K_for_Key.m3u8,/K_for_Key/K_for_Key.m3u8,priya
ae3ab6a1-3997-4de9-bfbc-807c3d3c1811,012_varnmala_vyanjan_da_hard_se_dafli,BabyBillion_Education,"[{""S"":""3-6""}]",fec06a4b-b277-4fe2-8fff-bb40451bf2d9,https://video.babybillion.in/hls/012_varnmala_vyanjan_da_hard_se_dafli/012_varnmala_vyanjan_da_hard_se_dafli.m3u8,/012_varnmala_vyanjan_da_hard_se_dafli/012_varnmala_vyanjan_da_hard_se_dafli.m3u8,priya
b10e9e9b-eba3-4e79-bcad-cdce2ac70094,064_cvc_words_lit,BabyBillion_Education,"[{""S"":""3-6""}]",bac6ace6-06bc-4f67-85bb-5f0b144d5a15,https://video.babybillion.in/hls/064_cvc_words_lit/064_cvc_words_lit.m3u8,/064_cvc_words_lit/064_cvc_words_lit.m3u8,priya
b1f1a991-63a5-4dc4-a89a-51ef6205926f,Onion,BabyBillion_Education,"[{""S"":""0-3""}]",c3d15541-8760-45ff-b253-1647ca61bf37,https://video.babybillion.in/hls/Onion/Onion.m3u8,/Onion/Onion.m3u8,priya
b2b9494a-8d8a-4d11-8f52-7eae565acef3,Telling_Family_Members,BabyBillion_Education,"[{""S"":""3-6""}]",0eba9676-9d93-484f-8938-41e3ab588a7f,https://video.babybillion.in/hls/Telling_Family_Members/Telling_Family_Members.m3u8,/Telling_Family_Members/Telling_Family_Members.m3u8,priya
b47d237d-b259-4c77-833e-43431a0b5d93,103_6_Ascending_order_from_smallest_to_biggest-_2_6_8_41_537910_12345678910,BabyBillion_Education,"[{""S"":""6+""}]",98263b2e-41f3-413e-9a83-b64ef2016a53,https://video.babybillion.in/hls/103_6_Ascending_order_from_smallest_to_biggest-_2_6_8_41_537910_12345678910/103_6_Ascending_order_from_smallest_to_biggest-_2_6_8_41_537910_12345678910.m3u8,/103_6_Ascending_order_from_smallest_to_biggest-_2_6_8_41_537910_12345678910/103_6_Ascending_order_from_smallest_to_biggest-_2_6_8_41_537910_12345678910.m3u8,priya
b4b59fe2-19f8-44e5-9b64-c218f7c301e8,041_vehicles_farm_vehicles,BabyBillion_Education,"[{""S"":""3-6""}]",bf9d1fdb-31f8-48e3-9114-9e4e4967617c,https://video.babybillion.in/hls/041_vehicles_farm_vehicles/041_vehicles_farm_vehicles.m3u8,/041_vehicles_farm_vehicles/041_vehicles_farm_vehicles.m3u8,priya
b50093f9-aa76-49d1-9879-779b48845c4e,Hop,BabyBillion_Education,"[{""S"":""0-3""}]",cdd3ba69-c04a-402a-a061-05e0f816a161,https://video.babybillion.in/hls/Hop/Hop.m3u8,/Hop/Hop.m3u8,priya
b55d1dd5-2c66-424a-b48e-d41a7929d593,Common_Foods-_Upma,BabyBillion_Education,"[{""S"":""3-6""}]",2754f754-bfaf-4810-9852-60d5960a7a74,https://video.babybillion.in/hls/Common_Foods-_Upma/Common_Foods-_Upma.m3u8,/Common_Foods-_Upma/Common_Foods-_Upma.m3u8,priya
b5c0e95a-7231-41f3-a404-ef41dfb66ef7,Bus,BabyBillion_Education,"[{""S"":""0-3""}]",bf9d1fdb-31f8-48e3-9114-9e4e4967617c,https://video.babybillion.in/hls/Bus/Bus.m3u8,/Bus/Bus.m3u8,priya
b7222118-e5a6-43b4-8703-4950e8e254e5,Police_Car,BabyBillion_Education,"[{""S"":""0-3""}]",bf9d1fdb-31f8-48e3-9114-9e4e4967617c,https://video.babybillion.in/hls/Police_Car/Police_Car.m3u8,/Police_Car/Police_Car.m3u8,priya
b8286088-d2ff-40ad-a4a1-b55bae8263ed,044_phonics_digraph_ph_as_in_phone,BabyBillion_Education,"[{""S"":""3-6""}]",b79bd45b-2c9c-4b7d-91a0-07c93a4dbea1,https://video.babybillion.in/hls/044_phonics_digraph_ph_as_in_phone/044_phonics_digraph_ph_as_in_phone.m3u8,/044_phonics_digraph_ph_as_in_phone/044_phonics_digraph_ph_as_in_phone.m3u8,priya
bb2fc5b3-42f5-4c5a-88e9-c44924867473,013_good_habits_drinking_milk_every_day,BabyBillion_Education,"[{""S"":""3-6""}]",06f625da-1202-4c8a-8b16-e624b97476d1,https://video.babybillion.in/hls/013_good_habits_drinking_milk_every_day/013_good_habits_drinking_milk_every_day.m3u8,/013_good_habits_drinking_milk_every_day/013_good_habits_drinking_milk_every_day.m3u8,priya
bb830576-783a-425c-a86a-ebdbb9371775,031_Blending_u_plus_p_equals_up,BabyBillion_Education,"[{""S"":""3-6""}]",b79bd45b-2c9c-4b7d-91a0-07c93a4dbea1,https://video.babybillion.in/hls/031_Blending_u_plus_p_equals_up/031_Blending_u_plus_p_equals_up.m3u8,/031_Blending_u_plus_p_equals_up/031_Blending_u_plus_p_equals_up.m3u8,priya
bc490b85-dd78-4f93-b1fb-af67cd79dbd6,Sight_words_came,BabyBillion_Education,"[{""S"":""3-6""}]",181961d7-b484-40c7-b24c-9b3f335cc424,https://video.babybillion.in/hls/Sight_words_came/Sight_words_came.m3u8,/Sight_words_came/Sight_words_came.m3u8,priya
bc86dc22-0aaf-45fe-b0ae-1915fb1243de,What_is_Subtraction_taking_away,BabyBillion_Education,"[{""S"":""3-6""}]",9a5470ca-9377-4780-8e16-07dafe876377,https://video.babybillion.in/hls/What_is_Subtraction_taking_away/What_is_Subtraction_taking_away.m3u8,/What_is_Subtraction_taking_away/What_is_Subtraction_taking_away.m3u8,priya
bd65e278-64ef-4c05-b274-8e19046ba9d1,Butter,BabyBillion_Education,"[{""S"":""0-3""}]",aa154d92-77f0-4dd7-9c3f-d7e57bd9baf5,https://video.babybillion.in/hls/Butter/Butter.m3u8,/Butter/Butter.m3u8,priya
bd93ad65-6f59-4b26-ba58-d05e13f49973,009_community_helpers_electrician,BabyBillion_Education,"[{""S"":""3-6""}]",3dc35861-75e5-4d11-a33d-d263d159f041,https://video.babybillion.in/hls/009_community_helpers_electrician/009_community_helpers_electrician.m3u8,/009_community_helpers_electrician/009_community_helpers_electrician.m3u8,priya
c0c96c6b-e0fb-4c65-aa9d-c163c272d109,018_phonics_short_a_sound_as_in_apple,BabyBillion_Education,"[{""S"":""3-6""}]",b79bd45b-2c9c-4b7d-91a0-07c93a4dbea1,https://video.babybillion.in/hls/018_phonics_short_a_sound_as_in_apple/018_phonics_short_a_sound_as_in_apple.m3u8,/018_phonics_short_a_sound_as_in_apple/018_phonics_short_a_sound_as_in_apple.m3u8,priya
c3afd50b-f329-4964-8cc2-3c50a2ce8e08,Coral,BabyBillion_Education,"[{""S"":""0-3""}]",bd7c6e2d-c979-43ea-89eb-899d9aeb8b94,https://video.babybillion.in/hls/Coral/Coral.m3u8,/Coral/Coral.m3u8,priya
c40708d5-50fd-4ac8-9837-3a6cef1a2a75,Cat,BabyBillion_Education,"[{""S"":""0-3""}]",79156051-e033-423a-b7de-a68fe1342a75,https://video.babybillion.in/hls/Cat/Cat.m3u8,/Cat/Cat.m3u8,priya
c5f8cc61-88d8-41bc-b4a4-3096d763df61,Satellites,BabyBillion_Education,"[{""S"":""3-6""}]",b7ef253a-6fb1-4247-ad59-99c4c945c8ec,https://video.babybillion.in/hls/Satellites/Satellites.m3u8,/Satellites/Satellites.m3u8,priya
c6bd4f74-7d5d-46f4-ba37-03bf9526049e,Hummingbird,BabyBillion_Education,"[{""S"":""0-3""}]",efdd9da9-9b29-45aa-8bc4-3ddbee54940d,https://video.babybillion.in/hls/Hummingbird/Hummingbird.m3u8,/Hummingbird/Hummingbird.m3u8,priya
c6c79419-106d-4aa1-9e6f-153772f66da5,Jackfruit_Kathal,BabyBillion_Education,"[{""S"":""0-3""}]",2c830c25-38e8-4d38-a3c3-cc9a3ff96b5f,https://video.babybillion.in/hls/Jackfruit_Kathal/Jackfruit_Kathal.m3u8,/Jackfruit_Kathal/Jackfruit_Kathal.m3u8,priya
c72952a1-8244-4753-befc-f44538409d17,Grandmother_DadiNani,BabyBillion_Education,"[{""S"":""0-3""}]",24429faf-f706-4456-a1a0-d8b55cc55f9d,https://video.babybillion.in/hls/Grandmother_DadiNani/Grandmother_DadiNani.m3u8,/Grandmother_DadiNani/Grandmother_DadiNani.m3u8,priya
c88dfcd7-ccaa-4b6d-bfee-830c26e46fd8,Bus,BabyBillion_Education,"[{""S"":""3-6""}]",bf9d1fdb-31f8-48e3-9114-9e4e4967617c,https://video.babybillion.in/hls/Bus/Bus.m3u8,/Bus/Bus.m3u8,priya
c8d392e8-beed-4e03-9c51-620d27180400,046_simple_sentences_it_is_time_to_eat,BabyBillion_Education,"[{""S"":""3-6""}]",4c06fdb7-0fe2-4c21-aab0-f80f2fa1f650,https://video.babybillion.in/hls/046_simple_sentences_it_is_time_to_eat/046_simple_sentences_it_is_time_to_eat.m3u8,/046_simple_sentences_it_is_time_to_eat/046_simple_sentences_it_is_time_to_eat.m3u8,priya
c90f412c-0385-4046-a116-c65cadb739b1,Sheep,BabyBillion_Education,"[{""S"":""0-3""}]",79156051-e033-423a-b7de-a68fe1342a75,https://video.babybillion.in/hls/Sheep/Sheep.m3u8,/Sheep/Sheep.m3u8,priya
c985ff03-c80e-4b7e-9605-c3ab5e85c288,Pig,BabyBillion_Education,"[{""S"":""0-3""}]",79156051-e033-423a-b7de-a68fe1342a75,https://video.babybillion.in/hls/Pig/Pig.m3u8,/Pig/Pig.m3u8,priya
cad01b5b-6d1f-46cc-9020-52c3f3103827,049_vehicles_sound_of_an_airplane,BabyBillion_Education,"[{""S"":""3-6""}]",bf9d1fdb-31f8-48e3-9114-9e4e4967617c,https://video.babybillion.in/hls/049_vehicles_sound_of_an_airplane/049_vehicles_sound_of_an_airplane.m3u8,/049_vehicles_sound_of_an_airplane/049_vehicles_sound_of_an_airplane.m3u8,priya
cb0a9512-5f39-4f5e-a9a2-96e60baa5644,Mirror,BabyBillion_Education,"[{""S"":""0-3""}]",aa154d92-77f0-4dd7-9c3f-d7e57bd9baf5,https://video.babybillion.in/hls/Mirror/Mirror.m3u8,/Mirror/Mirror.m3u8,priya
cb9c81de-2270-4cd5-9a02-f672355bd5ed,Helping_Parents,BabyBillion_Education,"[{""S"":""0-3""}]",06f625da-1202-4c8a-8b16-e624b97476d1,https://video.babybillion.in/hls/Helping_Parents/Helping_Parents.m3u8,/Helping_Parents/Helping_Parents.m3u8,priya
cc8bce02-8d0e-4462-85db-e3c9d082737f,Elbow_Kohni,BabyBillion_Education,"[{""S"":""0-3""}]",6d841cca-a54f-451a-90fc-aeffa145e274,https://video.babybillion.in/hls/Elbow_Kohni/Elbow_Kohni.m3u8,/Elbow_Kohni/Elbow_Kohni.m3u8,priya
cc8ed786-7ff9-4846-8a1b-5a148aee1e0e,Texture-_Soft,BabyBillion_Education,"[{""S"":""3-6""}]",b7ef253a-6fb1-4247-ad59-99c4c945c8ec,https://video.babybillion.in/hls/Texture-_Soft/Texture-_Soft.m3u8,/Texture-_Soft/Texture-_Soft.m3u8,priya
ce8bdeea-3c65-4d7a-8d3f-4cfb215837e4,020_sight_words_by,BabyBillion_Education,"[{""S"":""3-6""}]",181961d7-b484-40c7-b24c-9b3f335cc424,https://video.babybillion.in/hls/020_sight_words_by/020_sight_words_by.m3u8,/020_sight_words_by/020_sight_words_by.m3u8,priya
cf3bb59f-16c9-465c-866f-f36cb3046d06,030_colors_green_leaf,BabyBillion_Education,"[{""S"":""0-3""}]",c23beb7b-23de-440c-9fb1-2990013f11a6,https://video.babybillion.in/hls/030_colors_green_leaf/030_colors_green_leaf.m3u8,/030_colors_green_leaf/030_colors_green_leaf.m3u8,priya
cfa70fbd-33f2-4a46-b36c-635f259498c9,Rubber_Duck,BabyBillion_Education,"[{""S"":""0-3""}]",259e1ebe-d005-41f2-a3f8-810078f51c98,https://video.babybillion.in/hls/Rubber_Duck/Rubber_Duck.m3u8,/Rubber_Duck/Rubber_Duck.m3u8,priya
d31312ca-028d-4270-a068-6127c22461c6,Seasons,BabyBillion_Education,"[{""S"":""6+""}]",61d5066e-0470-45e3-8a5b-54a0703db8c0,https://video.babybillion.in/hls/Seasons/Seasons.m3u8,/Seasons/Seasons.m3u8,priya
d316d783-2830-4a37-8c95-89d0093f7bb9,Letter_E_Elephant,BabyBillion_Education,"[{""S"":""0-3""}]",1bf17868-9fb8-419a-b7d7-e9ba3b51a364,https://video.babybillion.in/hls/Letter_E_Elephant/Letter_E_Elephant.m3u8,/Letter_E_Elephant/Letter_E_Elephant.m3u8,priya
d6841968-525e-4705-be1b-52c19dbb4d62,Missing_Someone,BabyBillion_Education,"[{""S"":""6+""}]",90ff5296-5b99-4ddf-8bdf-ac55f6f7b6c2,https://video.babybillion.in/hls/Missing_Someone/Missing_Someone.m3u8,/Missing_Someone/Missing_Someone.m3u8,priya
d8097cbd-57db-4a83-a5fb-ac525b35ebf3,Washing_Hands,BabyBillion_Education,"[{""S"":""0-3""}]",06f625da-1202-4c8a-8b16-e624b97476d1,https://video.babybillion.in/hls/Washing_Hands/Washing_Hands.m3u8,/Washing_Hands/Washing_Hands.m3u8,priya
d9bc7d24-7dd7-4b6b-97d6-d826ac01879e,022_sight_words_can,BabyBillion_Education,"[{""S"":""3-6""}]",181961d7-b484-40c7-b24c-9b3f335cc424,https://video.babybillion.in/hls/022_sight_words_can/022_sight_words_can.m3u8,/022_sight_words_can/022_sight_words_can.m3u8,priya
da9f072e-0543-4ffd-9baf-4fbb01e68347,062_sight_words_new_and_old,BabyBillion_Education,"[{""S"":""3-6""}]",181961d7-b484-40c7-b24c-9b3f335cc424,https://video.babybillion.in/hls/da9f072e-0543-4ffd-9baf-4fbb01e68347/da9f072e-0543-4ffd-9baf-4fbb01e68347.m3u8,/hls/da9f072e-0543-4ffd-9baf-4fbb01e68347/da9f072e-0543-4ffd-9baf-4fbb01e68347.m3u8,priya
db515d1d-e7ed-45df-aa89-9ec80e9c69e2,Housefly,BabyBillion_Education,"[{""S"":""0-3""}]",40d567cd-95aa-469e-b7a8-da623f2579d8,https://video.babybillion.in/hls/Housefly/Housefly.m3u8,/Housefly/Housefly.m3u8,priya
dc34c165-8d6e-4aa7-bd34-493d6c58c5d4,Bones,BabyBillion_Education,"[{""S"":""3-6""}]",6d841cca-a54f-451a-90fc-aeffa145e274,https://video.babybillion.in/hls/Bones/Bones.m3u8,/Bones/Bones.m3u8,priya
ded16fec-bf74-4cbb-b80c-166ff3b20381,Counting_Jumps,BabyBillion_Education,"[{""S"":""3-6""}]",96c17b79-8401-4494-9e78-28c683d600c0,https://video.babybillion.in/hls/Counting_Jumps/Counting_Jumps.m3u8,/Counting_Jumps/Counting_Jumps.m3u8,priya
e0375fb5-4cdd-47dc-9ade-561012703aa4,Sheep,BabyBillion_Education,"[{""S"":""3-6""}]",79156051-e033-423a-b7de-a68fe1342a75,https://video.babybillion.in/hls/Sheep/Sheep.m3u8,/Sheep/Sheep.m3u8,priya
e09aee03-9a2b-4349-bf0b-267f8774c64b,Halwa,BabyBillion_Education,"[{""S"":""0-3""}]",5bc39ba0-a18b-42a9-9176-736112991697,https://video.babybillion.in/hls/Halwa/Halwa.m3u8,/Halwa/Halwa.m3u8,priya
e154cd93-9df0-4213-b76c-c745c4c11c9d,Eat,BabyBillion_Education,"[{""S"":""0-3""}]",4e8e2dbf-bad4-4a56-8365-251a1cfc4a10,https://video.babybillion.in/hls/Eat/Eat.m3u8,/Eat/Eat.m3u8,priya
e18a8ba2-8e2b-4448-a5ea-35183a566cad,Aunt_ChachiMami,BabyBillion_Education,"[{""S"":""0-3""}]",24429faf-f706-4456-a1a0-d8b55cc55f9d,https://video.babybillion.in/hls/Aunt_ChachiMami/Aunt_ChachiMami.m3u8,/Aunt_ChachiMami/Aunt_ChachiMami.m3u8,priya
e1d926fe-3ddc-468f-ba79-1238f47290ce,Lonely,BabyBillion_Education,"[{""S"":""0-3""}]",90ff5296-5b99-4ddf-8bdf-ac55f6f7b6c2,https://video.babybillion.in/hls/Lonely/Lonely.m3u8,/Lonely/Lonely.m3u8,priya
e1f225c8-b39f-41b6-9ab5-c98dccc060cd,033_varnmala_vyanjan_ksha_se_kshatriya,BabyBillion_Education,"[{""S"":""3-6""}]",fec06a4b-b277-4fe2-8fff-bb40451bf2d9,https://video.babybillion.in/hls/033_varnmala_vyanjan_ksha_se_kshatriya/033_varnmala_vyanjan_ksha_se_kshatriya.m3u8,/033_varnmala_vyanjan_ksha_se_kshatriya/033_varnmala_vyanjan_ksha_se_kshatriya.m3u8,priya
e281f352-3d43-45c4-a291-6b10e7bd2a33,Lion,BabyBillion_Education,"[{""S"":""3-6""}]",c1f0397a-0732-418a-b6e4-50081b10219c,https://video.babybillion.in/hls/Lion/Lion.m3u8,/Lion/Lion.m3u8,priya
e2fc45c6-3ec4-4214-a649-7cc8b2b11f42,Number_1_One,BabyBillion_Education,"[{""S"":""0-3""}]",7f104108-2a0b-4ef6-ae47-dd084674c0e6,https://video.babybillion.in/hls/Number_1_One/Number_1_One.m3u8,/Number_1_One/Number_1_One.m3u8,priya
e424d7ef-1a70-4de1-9bbb-20bb6104a312,Catch,BabyBillion_Education,"[{""S"":""3-6""}]",6d841cca-a54f-451a-90fc-aeffa145e274,https://video.babybillion.in/hls/Catch/Catch.m3u8,/Catch/Catch.m3u8,priya
e43ffae4-aa0e-486c-8a86-22ec19917257,Fog,BabyBillion_Education,"[{""S"":""0-3""}]",eb5f90b5-3650-49b9-95b6-d4e3a89c0662,https://video.babybillion.in/hls/Fog/Fog.m3u8,/Fog/Fog.m3u8,priya
e463d378-efb1-4f5f-9e36-8c5ff3580d54,Thepla_Pickle,BabyBillion_Education,"[{""S"":""3-6""}]",5bc39ba0-a18b-42a9-9176-736112991697,https://video.babybillion.in/hls/Thepla_Pickle/Thepla_Pickle.m3u8,/Thepla_Pickle/Thepla_Pickle.m3u8,priya
e5699ab2-fbf8-4984-8474-7f96eca95bc6,M_for_Moon,BabyBillion_Education,"[{""S"":""0-3""}]",1bf17868-9fb8-419a-b7d7-e9ba3b51a364,https://video.babybillion.in/hls/M_for_Moon/M_for_Moon.m3u8,/M_for_Moon/M_for_Moon.m3u8,priya
e5c8d16c-c86b-46ab-b15a-fc5a24dc9863,curiosity,BabyBillion_Education,"[{""S"":""3-6""}]",90ff5296-5b99-4ddf-8bdf-ac55f6f7b6c2,https://video.babybillion.in/hls/curiosity/curiosity.m3u8,/curiosity/curiosity.m3u8,priya
e63209b3-9bc0-42a3-8c28-26c7026b9e6b,Switching_off_lights,BabyBillion_Education,"[{""S"":""0-3""}]",06f625da-1202-4c8a-8b16-e624b97476d1,https://video.babybillion.in/hls/Switching_off_lights/Switching_off_lights.m3u8,/Switching_off_lights/Switching_off_lights.m3u8,priya
e65c123c-d0d5-49e9-8186-43d760d46c99,059_simple_sentences_i_want_milk,BabyBillion_Education,"[{""S"":""3-6""}]",4c06fdb7-0fe2-4c21-aab0-f80f2fa1f650,https://video.babybillion.in/hls/059_simple_sentences_i_want_milk/059_simple_sentences_i_want_milk.m3u8,/059_simple_sentences_i_want_milk/059_simple_sentences_i_want_milk.m3u8,priya
e764bd0a-69c8-4a34-b255-a4c2f8646623,Catch,BabyBillion_Education,"[{""S"":""3-6""}]",cdd3ba69-c04a-402a-a061-05e0f816a161,https://video.babybillion.in/hls/Catch/Catch.m3u8,/Catch/Catch.m3u8,priya
e7e31afd-4959-4601-b061-c7aeee557299,Number_2,BabyBillion_Education,"[{""S"":""3-6""}]",96c17b79-8401-4494-9e78-28c683d600c0,https://video.babybillion.in/hls/Number_2/Number_2.m3u8,/Number_2/Number_2.m3u8,priya
e87ba9e9-9d1a-46ce-937e-831402e7a83a,Playground,BabyBillion_Education,"[{""S"":""0-3""}]",e4dd4a24-f512-4d74-8bad-596b71c5369f,https://video.babybillion.in/hls/Playground/Playground.m3u8,/Playground/Playground.m3u8,priya
e8a40068-a4eb-46d7-9305-6ea288002fed,007_simple_sentences_i_like_cookies,BabyBillion_Education,"[{""S"":""3-6""}]",4c06fdb7-0fe2-4c21-aab0-f80f2fa1f650,https://video.babybillion.in/hls/007_simple_sentences_i_like_cookies/007_simple_sentences_i_like_cookies.m3u8,/007_simple_sentences_i_like_cookies/007_simple_sentences_i_like_cookies.m3u8,priya
e9d28363-b340-4989-9486-1b3dc1312fb0,N_for_Nest,BabyBillion_Education,"[{""S"":""0-3""}]",1bf17868-9fb8-419a-b7d7-e9ba3b51a364,https://video.babybillion.in/hls/N_for_Nest/N_for_Nest.m3u8,/N_for_Nest/N_for_Nest.m3u8,priya
ebb1a83b-6290-4615-a392-fb2476fad367,Telling_My_Age,BabyBillion_Education,"[{""S"":""3-6""}]",0eba9676-9d93-484f-8938-41e3ab588a7f,https://video.babybillion.in/hls/Telling_My_Age/Telling_My_Age.m3u8,/Telling_My_Age/Telling_My_Age.m3u8,priya
ec1d71bf-30e7-4813-b7d1-cbd44eec186d,032_english_speaking_can_i_borrow_this,BabyBillion_Education,"[{""S"":""3-6""}]",0eba9676-9d93-484f-8938-41e3ab588a7f,https://video.babybillion.in/hls/032_english_speaking_can_i_borrow_this/032_english_speaking_can_i_borrow_this.m3u8,/032_english_speaking_can_i_borrow_this/032_english_speaking_can_i_borrow_this.m3u8,priya
ec401992-94ac-4bb9-9d32-431e4fe7eea2,Hop,BabyBillion_Education,"[{""S"":""0-3""}]",cdd3ba69-c04a-402a-a061-05e0f816a161,https://video.babybillion.in/hls/Hop/Hop.m3u8,/Hop/Hop.m3u8,priya
ecf17dfa-c7b8-44b5-9893-0ca37db0a489,Near,BabyBillion_Education,"[{""S"":""6+""}]",5463715e-88ba-4459-9ac2-0316966024ee,https://video.babybillion.in/hls/Near/Near.m3u8,/Near/Near.m3u8,priya
edd706db-8626-4327-8944-93d7e20c4808,Cat,BabyBillion_Education,"[{""S"":""3-6""}]",c06e196f-39fa-4dc0-a9ba-0f036f7bc248,https://video.babybillion.in/hls/Cat/Cat.m3u8,/Cat/Cat.m3u8,priya
ee0e018c-eb92-4654-9403-b9bfa50e1d76,Counting_with_Fingers,BabyBillion_Education,"[{""S"":""3-6""}]",96c17b79-8401-4494-9e78-28c683d600c0,https://video.babybillion.in/hls/Counting_with_Fingers/Counting_with_Fingers.m3u8,/Counting_with_Fingers/Counting_with_Fingers.m3u8,priya
ef2f736b-73fa-4672-99a0-62b7fc452ffe,Kangaroo,BabyBillion_Education,"[{""S"":""3-6""}]",c1f0397a-0732-418a-b6e4-50081b10219c,https://video.babybillion.in/hls/Kangaroo/Kangaroo.m3u8,/Kangaroo/Kangaroo.m3u8,priya
f07caf2a-c2c0-43d3-95a6-3a81e1da56f1,Thumb_Angutha,BabyBillion_Education,"[{""S"":""0-3""}]",6d841cca-a54f-451a-90fc-aeffa145e274,https://video.babybillion.in/hls/Thumb_Angutha/Thumb_Angutha.m3u8,/Thumb_Angutha/Thumb_Angutha.m3u8,priya
f1371066-c917-4e05-9e82-3af7352df9a9,Magic_of_5,BabyBillion_Education,"[{""S"":""6+""}]",830fb885-9ece-438e-a380-dabd811f06b2,https://video.babybillion.in/hls/Magic_of_5/Magic_of_5.m3u8,/Magic_of_5/Magic_of_5.m3u8,priya
f1d520f1-153f-435d-923e-2e5ea25153ca,Catch,BabyBillion_Education,"[{""S"":""0-3""}]",cdd3ba69-c04a-402a-a061-05e0f816a161,https://video.babybillion.in/hls/Catch/Catch.m3u8,/Catch/Catch.m3u8,priya
f34f3f32-f95e-442d-a514-e7c0d5705f63,Neck_Shoulder,BabyBillion_Education,"[{""S"":""3-6""}]",6d841cca-a54f-451a-90fc-aeffa145e274,https://video.babybillion.in/hls/Neck_Shoulder/Neck_Shoulder.m3u8,/Neck_Shoulder/Neck_Shoulder.m3u8,priya
f5c87704-9b08-4dce-baa3-3f9ee11ef755,008_colors_light_green,BabyBillion_Education,"[{""S"":""3-6""}]",c23beb7b-23de-440c-9fb1-2990013f11a6,https://video.babybillion.in/hls/008_colors_light_green/008_colors_light_green.m3u8,/008_colors_light_green/008_colors_light_green.m3u8,priya
f68cb051-12e4-4cd8-b886-daa1a54189eb,Rich_-_Poor,BabyBillion_Education,"[{""S"":""6+""}]",03776bdf-d177-47e6-abe5-d3215a0df920,https://video.babybillion.in/hls/Rich_-_Poor/Rich_-_Poor.m3u8,/Rich_-_Poor/Rich_-_Poor.m3u8,priya
fb13e3f6-cab2-406b-af5d-d83a64cc3347,060_cvc_words_bit,BabyBillion_Education,"[{""S"":""3-6""}]",bac6ace6-06bc-4f67-85bb-5f0b144d5a15,https://video.babybillion.in/hls/060_cvc_words_bit/060_cvc_words_bit.m3u8,/060_cvc_words_bit/060_cvc_words_bit.m3u8,priya
142c541b-a8a4-4190-bbc6-cd8c4ee86ff3,Months_of_the_Year,BabyBillion_Education,"[{""S"":""6+""}]",61d5066e-0470-45e3-8a5b-54a0703db8c0,https://video.babybillion.in/hls/Months_of_the_Year/Months_of_the_Year.m3u8,/Months_of_the_Year/Months_of_the_Year.m3u8,priya 
1442fce8-8c66-4641-ba64-2023a1ebab2e,011_english_speaking_i_am_a_girl,BabyBillion_Education,"[{""S"":""3-6""}]",0eba9676-9d93-484f-8938-41e3ab588a7f,https://video.babybillion.in/hls/011_english_speaking_i_am_a_girl/011_english_speaking_i_am_a_girl.m3u8,/011_english_speaking_i_am_a_girl/011_english_speaking_i_am_a_girl.m3u8,priya 
24183c11-d781-4b33-9d82-a6cd78a12c32,MilkDudh,BabyBillion_Education,"[{""S"":""0-3""}]",aa154d92-77f0-4dd7-9c3f-d7e57bd9baf5,https://video.babybillion.in/hls/MilkDudh/MilkDudh.m3u8,/MilkDudh/MilkDudh.m3u8,priya 
8aeae65b-cf61-4723-b467-d340ca8f989b,Eyes_Eyebrows_Eyelashes,BabyBillion_Education,"[{""S"":""3-6""}]",6d841cca-a54f-451a-90fc-aeffa145e274,https://video.babybillion.in/hls/Eyes_Eyebrows_Eyelashes/Eyes_Eyebrows_Eyelashes.m3u8,/Eyes_Eyebrows_Eyelashes/Eyes_Eyebrows_Eyelashes.m3u8,priya 
80598583-d776-4e95-b4bc-9acb9bf4084f,Differences_and_Similarities_Between_People,BabyBillion_Education,"[{""S"":""6+""}]",6d841cca-a54f-451a-90fc-aeffa145e274,https://video.babybillion.in/hls/Differences_and_Similarities_Between_People/Differences_and_Similarities_Between_People.m3u8,/Differences_and_Similarities_Between_People/Differences_and_Similarities_Between_People.m3u8,priya and akash
136d9990-5df7-4877-9353-9708841fcd2a,Angry,BabyBillion_Education,"[{""S"":""3-6""}]",90ff5296-5b99-4ddf-8bdf-ac55f6f7b6c2,https://video.babybillion.in/hls/Angry/Angry.m3u8,/Angry/Angry.m3u8,priya and arjun
3bbef15e-e999-4363-bbca-a3d3e56e5a0b,Carnivores,BabyBillion_Education,"[{""S"":""6+""}]",79156051-e033-423a-b7de-a68fe1342a75,https://video.babybillion.in/hls/Carnivores/Carnivores.m3u8,/Carnivores/Carnivores.m3u8,Priya and arjun
deb3d818-fc61-4667-a336-76473d510cec,007_vehicles_tractor,BabyBillion_Education,"[{""S"":""3-6""}]",bf9d1fdb-31f8-48e3-9114-9e4e4967617c,https://video.babybillion.in/hls/007_vehicles_tractor/007_vehicles_tractor.m3u8,/007_vehicles_tractor/007_vehicles_tractor.m3u8,priya and arjun
240d32c7-c825-47d0-b143-3cb584ab1d00,056_english_speaking_you_are_welcome,BabyBillion_Education,"[{""S"":""3-6""}]",0eba9676-9d93-484f-8938-41e3ab588a7f,https://video.babybillion.in/hls/056_english_speaking_you_are_welcome/056_english_speaking_you_are_welcome.m3u8,/056_english_speaking_you_are_welcome/056_english_speaking_you_are_welcome.m3u8,priya and jai
820c2f1b-72c5-4b35-b65e-d768d183dbb6,Feeling_Cold,BabyBillion_Education,"[{""S"":""0-3""}]",90ff5296-5b99-4ddf-8bdf-ac55f6f7b6c2,https://video.babybillion.in/hls/Feeling_Cold/Feeling_Cold.m3u8,/Feeling_Cold/Feeling_Cold.m3u8,priya and jai
5d2fd7f9-558f-4052-8333-5635347f0c19,Helping_Friends,BabyBillion_Education,"[{""S"":""3-6""}]",06f625da-1202-4c8a-8b16-e624b97476d1,https://video.babybillion.in/hls/Helping_Friends/Helping_Friends.m3u8,/Helping_Friends/Helping_Friends.m3u8,priya and meera
bc82e9c9-74b6-46ec-857b-dfd7a1e63537,Give,BabyBillion_Education,"[{""S"":""0-3""}]",cdd3ba69-c04a-402a-a061-05e0f816a161,https://video.babybillion.in/hls/Give/Give.m3u8,/Give/Give.m3u8,priya and meera
272d554e-aa2c-436a-a9b8-e03b8cace81a,003_sight_words_she,BabyBillion_Education,"[{""S"":""3-6""}]",181961d7-b484-40c7-b24c-9b3f335cc424,https://video.babybillion.in/hls/003_sight_words_she/003_sight_words_she.m3u8,/003_sight_words_she/003_sight_words_she.m3u8,priya and mia
bddb4ef4-64b9-4583-81b5-025a6274fef2,Polite,BabyBillion_Education,"[{""S"":""3-6""}]",90ff5296-5b99-4ddf-8bdf-ac55f6f7b6c2,https://video.babybillion.in/hls/Polite/Polite.m3u8,/Polite/Polite.m3u8,priya and Mia
607f6a9b-7b88-46c8-a9da-29f483a07063,Between,BabyBillion_Education,"[{""S"":""6+""}]",5463715e-88ba-4459-9ac2-0316966024ee,https://video.babybillion.in/hls/Between/Between.m3u8,/Between/Between.m3u8,priya and riya
cb1da280-cbbe-4611-943b-f1733d394944,YesNo_Answers,BabyBillion_Education,"[{""S"":""3-6""}]",0eba9676-9d93-484f-8938-41e3ab588a7f,https://video.babybillion.in/hls/YesNo_Answers/YesNo_Answers.m3u8,/YesNo_Answers/YesNo_Answers.m3u8,priya and teja
db155601-7495-4dc4-94d3-5468c88c94a9,Hope,BabyBillion_Education,"[{""S"":""3-6""}]",90ff5296-5b99-4ddf-8bdf-ac55f6f7b6c2,https://video.babybillion.in/hls/Hope/Hope.m3u8,/Hope/Hope.m3u8,priya and veer
769248a1-183d-4537-9c7e-7ddac1c23078,005_colors_light_pink,BabyBillion_Education,"[{""S"":""3-6""}]",c23beb7b-23de-440c-9fb1-2990013f11a6,https://video.babybillion.in/hls/005_colors_light_pink/005_colors_light_pink.m3u8,/005_colors_light_pink/005_colors_light_pink.m3u8,priya and zoya
77adbed1-2aef-406e-aeda-0083d28668e2,010_colors_cream,BabyBillion_Education,"[{""S"":""3-6""}]",c23beb7b-23de-440c-9fb1-2990013f11a6,https://video.babybillion.in/hls/010_colors_cream/010_colors_cream.m3u8,/010_colors_cream/010_colors_cream.m3u8,priya and zoya
578e66c5-14a6-4a67-ac68-208c95cd5350,Angry,BabyBillion_Education,"[{""S"":""6+""}]",90ff5296-5b99-4ddf-8bdf-ac55f6f7b6c2,https://video.babybillion.in/hls/Angry/Angry.m3u8,/Angry/Angry.m3u8,priyaand arjun
9db625d0-0e36-44f5-9eca-235f44c616c7,National_Symbols_Tiger_Peacock_Lotus_Mango_Banyan,BabyBillion_Education,"[{""S"":""6+""}]",2754f754-bfaf-4810-9852-60d5960a7a74,https://video.babybillion.in/hls/National_Symbols_Tiger_Peacock_Lotus_Mango_Banyan/National_Symbols_Tiger_Peacock_Lotus_Mango_Banyan.m3u8,/National_Symbols_Tiger_Peacock_Lotus_Mango_Banyan/National_Symbols_Tiger_Peacock_Lotus_Mango_Banyan.m3u8,prya
001bcb21-bc28-412f-8e0e-b311a095b3fc,Metal,BabyBillion_Education,"[{""S"":""3-6""}]",b7ef253a-6fb1-4247-ad59-99c4c945c8ec,https://video.babybillion.in/hls/Metal/Metal.m3u8,/Metal/Metal.m3u8,Riya
035c7d3d-c920-4fe9-be02-1db3bcc52d1f,Numbers_101_110,BabyBillion_Education,"[{""S"":""6+""}]",96c17b79-8401-4494-9e78-28c683d600c0,https://video.babybillion.in/hls/Numbers_101_110/Numbers_101_110.m3u8,/Numbers_101_110/Numbers_101_110.m3u8,Riya
040730e2-4770-47f7-89d6-3deb39ccb411,Stretch,BabyBillion_Education,"[{""S"":""0-3""}]",6d841cca-a54f-451a-90fc-aeffa145e274,https://video.babybillion.in/hls/Stretch/Stretch.m3u8,/Stretch/Stretch.m3u8,Riya
08619faf-0d65-4ffd-a536-dc60b97ce33b,Counting_151-160,BabyBillion_Education,"[{""S"":""6+""}]",96c17b79-8401-4494-9e78-28c683d600c0,https://video.babybillion.in/hls/Counting_151-160/Counting_151-160.m3u8,/Counting_151-160/Counting_151-160.m3u8,Riya
09164900-55f0-4e53-ab4a-3ea3bcf49a72,Net_Wet,BabyBillion_Education,"[{""S"":""3-6""}]",bac6ace6-06bc-4f67-85bb-5f0b144d5a15,https://video.babybillion.in/hls/Net_Wet/Net_Wet.m3u8,/Net_Wet/Net_Wet.m3u8,Riya
0b91a0a5-0866-4676-966e-afe7273ddf93,Sound_of_H_h,BabyBillion_Education,"[{""S"":""3-6""}]",b79bd45b-2c9c-4b7d-91a0-07c93a4dbea1,https://video.babybillion.in/hls/Sound_of_H_h/Sound_of_H_h.m3u8,/Sound_of_H_h/Sound_of_H_h.m3u8,Riya
0c302c8e-0d7f-4e2d-9dfb-845e2e7f1d1b,Cold_waves,BabyBillion_Education,"[{""S"":""3-6""}]",ed57a6ae-2009-4c19-9800-8826437fde62,https://video.babybillion.in/hls/Cold_waves/Cold_waves.m3u8,/Cold_waves/Cold_waves.m3u8,Riya
0d49915e-14e6-438a-9f35-65a036bffbbb,Segregating_wet_and_dry_waste,BabyBillion_Education,"[{""S"":""3-6""}]",06f625da-1202-4c8a-8b16-e624b97476d1,https://video.babybillion.in/hls/Segregating_wet_and_dry_waste/Segregating_wet_and_dry_waste.m3u8,/Segregating_wet_and_dry_waste/Segregating_wet_and_dry_waste.m3u8,riya
0db507e5-a802-49ac-9758-0a9ca97d13a5,Doorbell_Door,BabyBillion_Education,"[{""S"":""3-6""}]",aa154d92-77f0-4dd7-9c3f-d7e57bd9baf5,https://video.babybillion.in/hls/Doorbell_Door/Doorbell_Door.m3u8,/Doorbell_Door/Doorbell_Door.m3u8,riya
11a3ea34-ce5d-43a7-812d-ba5661e6bd95,102_3-6_Descending_Order_5-1,BabyBillion_Education,"[{""S"":""3-6""}]",98263b2e-41f3-413e-9a83-b64ef2016a53,https://video.babybillion.in/hls/102_3-6_Descending_Order_5-1/102_3-6_Descending_Order_5-1.m3u8,/102_3-6_Descending_Order_5-1/102_3-6_Descending_Order_5-1.m3u8,riya
137f57f0-00ce-433c-9d44-53c8e73d64d1,Cousin,BabyBillion_Education,"[{""S"":""0-3""}]",24429faf-f706-4456-a1a0-d8b55cc55f9d,https://video.babybillion.in/hls/Cousin/Cousin.m3u8,/Cousin/Cousin.m3u8,riya
14d87ddb-c6e8-4d6e-b7d7-3571f3064afa,March,BabyBillion_Education,"[{""S"":""0-3""}]",6d841cca-a54f-451a-90fc-aeffa145e274,https://video.babybillion.in/hls/March/March.m3u8,/March/March.m3u8,riya
15baee4e-89e6-4918-8dd1-c4efa8575dfb,022_kha_se_khargosh,BabyBillion_Education,"[{""S"":""0-3""}]",de5577e3-4806-4284-9cab-9e7ecf907095,https://video.babybillion.in/hls/022_kha_se_khargosh/022_kha_se_khargosh.m3u8,/022_kha_se_khargosh/022_kha_se_khargosh.m3u8,riya
1646a1e4-d4c2-4c22-9f2e-07f671a974db,045_english_speaking_i_miss_you,BabyBillion_Education,"[{""S"":""3-6""}]",0eba9676-9d93-484f-8938-41e3ab588a7f,https://video.babybillion.in/hls/045_english_speaking_i_miss_you/045_english_speaking_i_miss_you.m3u8,/045_english_speaking_i_miss_you/045_english_speaking_i_miss_you.m3u8,riya
1a34620f-d07b-4479-a6a3-96bcc39ec9d2,Fig_Anjeer,BabyBillion_Education,"[{""S"":""0-3""}]",2c830c25-38e8-4d38-a3c3-cc9a3ff96b5f,https://video.babybillion.in/hls/Fig_Anjeer/Fig_Anjeer.m3u8,/Fig_Anjeer/Fig_Anjeer.m3u8,riya
1b983f3a-bfc4-445a-981d-7df1ac7f3d58,Magic_of_6,BabyBillion_Education,"[{""S"":""6+""}]",830fb885-9ece-438e-a380-dabd811f06b2,https://video.babybillion.in/hls/Magic_of_6/Magic_of_6.m3u8,/Magic_of_6/Magic_of_6.m3u8,riya
1f7c344b-059e-4228-a30b-b7fdfa6ef42e,Pizza,BabyBillion_Education,"[{""S"":""0-3""}]",5bc39ba0-a18b-42a9-9176-736112991697,https://video.babybillion.in/hls/Pizza/Pizza.m3u8,/Pizza/Pizza.m3u8,riya
20155ba4-8c4f-40e5-8475-0be71ccd627f,101_3-6_Numbers_1-10,BabyBillion_Education,"[{""S"":""3-6""}]",96c17b79-8401-4494-9e78-28c683d600c0,https://video.babybillion.in/hls/101_3-6_Numbers_1-10/101_3-6_Numbers_1-10.m3u8,/101_3-6_Numbers_1-10/101_3-6_Numbers_1-10.m3u8,riya
2154c0c6-5837-43af-bae9-34ece401e562,019_phonics_short_e_sound_as_in_egg,BabyBillion_Education,"[{""S"":""3-6""}]",b79bd45b-2c9c-4b7d-91a0-07c93a4dbea1,https://video.babybillion.in/hls/019_phonics_short_e_sound_as_in_egg/019_phonics_short_e_sound_as_in_egg.m3u8,/019_phonics_short_e_sound_as_in_egg/019_phonics_short_e_sound_as_in_egg.m3u8,riya
223222dd-4a92-46b6-8a46-a4d48ddff963,Do_not_touch_plugs_wires_or_switches_with_wet_hands,BabyBillion_Education,"[{""S"":""3-6""}]",c3533a50-aeac-4a7c-9f5c-e82d64be5e32,https://video.babybillion.in/hls/Do_not_touch_plugs_wires_or_switches_with_wet_hands/Do_not_touch_plugs_wires_or_switches_with_wet_hands.m3u8,/Do_not_touch_plugs_wires_or_switches_with_wet_hands/Do_not_touch_plugs_wires_or_switches_with_wet_hands.m3u8,riya
2274b5dc-5efb-4aa0-800e-4b8fa821dc2f,Brother_Bhaiya,BabyBillion_Education,"[{""S"":""0-3""}]",24429faf-f706-4456-a1a0-d8b55cc55f9d,https://video.babybillion.in/hls/Brother_Bhaiya/Brother_Bhaiya.m3u8,/Brother_Bhaiya/Brother_Bhaiya.m3u8,riya
24631077-0d2d-414a-9e8d-cc9f937cac75,108_7_Ordering_3-digit_numbers_Example_207204205202201203206208209210_201202203204205206207208209210,BabyBillion_Education,"[{""S"":""6+""}]",98263b2e-41f3-413e-9a83-b64ef2016a53,https://video.babybillion.in/hls/108_7_Ordering_3-digit_numbers_Example_207204205202201203206208209210_201202203204205206207208209210/108_7_Ordering_3-digit_numbers_Example_207204205202201203206208209210_201202203204205206207208209210.m3u8,/108_7_Ordering_3-digit_numbers_Example_207204205202201203206208209210_201202203204205206207208209210/108_7_Ordering_3-digit_numbers_Example_207204205202201203206208209210_201202203204205206207208209210.m3u8,riya
24cf5924-9745-4a05-9b2d-d30719224ec1,Humidity_moisture_in_air,BabyBillion_Education,"[{""S"":""3-6""}]",ed57a6ae-2009-4c19-9800-8826437fde62,https://video.babybillion.in/hls/Humidity_moisture_in_air/Humidity_moisture_in_air.m3u8,/Humidity_moisture_in_air/Humidity_moisture_in_air.m3u8,riya
26393bb1-ff98-4246-9308-7ad5f8e23c2e,Of,BabyBillion_Education,"[{""S"":""3-6""}]",181961d7-b484-40c7-b24c-9b3f335cc424,https://video.babybillion.in/hls/Of/Of.m3u8,/Of/Of.m3u8,riya
26721e4b-4f73-4d27-926e-2d1fed3d08d8,Triangular_Prism,BabyBillion_Education,"[{""S"":""6+""}]",3579ea01-b32b-40f9-aac1-be5997a17606,https://video.babybillion.in/hls/Triangular_Prism/Triangular_Prism.m3u8,/Triangular_Prism/Triangular_Prism.m3u8,riya
26ec05c4-3e5b-43e2-9aad-3b19ed2b2405,Moth,BabyBillion_Education,"[{""S"":""0-3""}]",40d567cd-95aa-469e-b7a8-da623f2579d8,https://video.babybillion.in/hls/Moth/Moth.m3u8,/Moth/Moth.m3u8,riya
2a207e71-16d4-4cee-b664-da95c2295455,Water,BabyBillion_Education,"[{""S"":""0-3""}]",4e8e2dbf-bad4-4a56-8365-251a1cfc4a10,https://video.babybillion.in/hls/Water/Water.m3u8,/Water/Water.m3u8,riya
2a57e014-cbc5-435c-a846-1797ce658a78,105_3-6_Ordering_to_1-20,BabyBillion_Education,"[{""S"":""3-6""}]",98263b2e-41f3-413e-9a83-b64ef2016a53,https://video.babybillion.in/hls/105_3-6_Ordering_to_1-20/105_3-6_Ordering_to_1-20.m3u8,/105_3-6_Ordering_to_1-20/105_3-6_Ordering_to_1-20.m3u8,riya
2af67b39-c1a5-4d75-8798-7fa4b4db0b03,Alphabet_Blocks,BabyBillion_Education,"[{""S"":""0-3""}]",259e1ebe-d005-41f2-a3f8-810078f51c98,https://video.babybillion.in/hls/Alphabet_Blocks/Alphabet_Blocks.m3u8,/Alphabet_Blocks/Alphabet_Blocks.m3u8,riya
2ce9b8fd-2ae0-4f3c-b435-032eee4d85e5,101_3-6_Ascending_Order_1-5,BabyBillion_Education,"[{""S"":""3-6""}]",98263b2e-41f3-413e-9a83-b64ef2016a53,https://video.babybillion.in/hls/101_3-6_Ascending_Order_1-5/101_3-6_Ascending_Order_1-5.m3u8,/101_3-6_Ascending_Order_1-5/101_3-6_Ascending_Order_1-5.m3u8,riya
330e76b1-7bc0-4a36-a7dc-00073f3ee43d,003_abc_letter_m_moon_monkey,BabyBillion_Education,"[{""S"":""3-6""}]",1bf17868-9fb8-419a-b7d7-e9ba3b51a364,https://video.babybillion.in/hls/003_abc_letter_m_moon_monkey/003_abc_letter_m_moon_monkey.m3u8,/003_abc_letter_m_moon_monkey/003_abc_letter_m_moon_monkey.m3u8,riya
333a95c0-8d21-4e36-bf72-202ac73007b3,Parts_of_a_Flower,BabyBillion_Education,"[{""S"":""6+""}]",b7ef253a-6fb1-4247-ad59-99c4c945c8ec,https://video.babybillion.in/hls/Parts_of_a_Flower/Parts_of_a_Flower.m3u8,/Parts_of_a_Flower/Parts_of_a_Flower.m3u8,riya
33557298-af12-4922-ad3f-a256f105de74,Upma,BabyBillion_Education,"[{""S"":""0-3""}]",aa154d92-77f0-4dd7-9c3f-d7e57bd9baf5,https://video.babybillion.in/hls/Upma/Upma.m3u8,/Upma/Upma.m3u8,riya
33e98bf0-764a-450d-9711-c8332a052f8d,Moon,BabyBillion_Education,"[{""S"":""0-3""}]",eb5f90b5-3650-49b9-95b6-d4e3a89c0662,https://video.babybillion.in/hls/Moon/Moon.m3u8,/Moon/Moon.m3u8,riya
36968eb8-dbe6-42d4-913e-347a52a3f572,Sight_words_sit,BabyBillion_Education,"[{""S"":""3-6""}]",181961d7-b484-40c7-b24c-9b3f335cc424,https://video.babybillion.in/hls/Sight_words_sit/Sight_words_sit.m3u8,/Sight_words_sit/Sight_words_sit.m3u8,riya
36a44a1c-cc4c-4798-a7b4-1101c090a5dc,Major_Cities_of_India,BabyBillion_Education,"[{""S"":""6+""}]",2754f754-bfaf-4810-9852-60d5960a7a74,https://video.babybillion.in/hls/Major_Cities_of_India/Major_Cities_of_India.m3u8,/Major_Cities_of_India/Major_Cities_of_India.m3u8,riya
372e8f24-6f9c-4238-adf7-20a6f4ac7d69,013_varnmala_vyanjan_dha_hard_se_dhakkan,BabyBillion_Education,"[{""S"":""3-6""}]",fec06a4b-b277-4fe2-8fff-bb40451bf2d9,https://video.babybillion.in/hls/013_varnmala_vyanjan_dha_hard_se_dhakkan/013_varnmala_vyanjan_dha_hard_se_dhakkan.m3u8,/013_varnmala_vyanjan_dha_hard_se_dhakkan/013_varnmala_vyanjan_dha_hard_se_dhakkan.m3u8,riya
37a84f02-c444-4a6e-8ee2-73fce65aea07,004_community_helpers_vegetable_vendor,BabyBillion_Education,"[{""S"":""3-6""}]",3dc35861-75e5-4d11-a33d-d263d159f041,https://video.babybillion.in/hls/004_community_helpers_vegetable_vendor/004_community_helpers_vegetable_vendor.m3u8,/004_community_helpers_vegetable_vendor/004_community_helpers_vegetable_vendor.m3u8,riya
37ff1143-3457-4dd8-8f42-bf2f608e158a,N_for_Nose,BabyBillion_Education,"[{""S"":""0-3""}]",1bf17868-9fb8-419a-b7d7-e9ba3b51a364,https://video.babybillion.in/hls/N_for_Nose/N_for_Nose.m3u8,/N_for_Nose/N_for_Nose.m3u8,riya
38de482d-6ec7-4f7f-96de-c9908f7a9110,Cousins,BabyBillion_Education,"[{""S"":""3-6""}]",24429faf-f706-4456-a1a0-d8b55cc55f9d,https://video.babybillion.in/hls/Cousins/Cousins.m3u8,/Cousins/Cousins.m3u8,riya
3c5dba8b-059f-47a0-9a36-7edd8adbb830,Shy,BabyBillion_Education,"[{""S"":""0-3""}]",90ff5296-5b99-4ddf-8bdf-ac55f6f7b6c2,https://video.babybillion.in/hls/Shy/Shy.m3u8,/Shy/Shy.m3u8,riya
3cce7dcc-228f-4ff7-95b1-fef7ce066a30,Stretch,BabyBillion_Education,"[{""S"":""0-3""}]",cdd3ba69-c04a-402a-a061-05e0f816a161,https://video.babybillion.in/hls/Stretch/Stretch.m3u8,/Stretch/Stretch.m3u8,riya
3e80ccd2-94f7-47c0-84a3-fe41565879e1,Counting_Objects_one-to-one,BabyBillion_Education,"[{""S"":""3-6""}]",96c17b79-8401-4494-9e78-28c683d600c0,https://video.babybillion.in/hls/Counting_Objects_one-to-one/Counting_Objects_one-to-one.m3u8,/Counting_Objects_one-to-one/Counting_Objects_one-to-one.m3u8,riya
3eef57f2-4947-488f-87d4-43a0256bafc7,Biryani_Raita,BabyBillion_Education,"[{""S"":""3-6""}]",5bc39ba0-a18b-42a9-9176-736112991697,https://video.babybillion.in/hls/Biryani_Raita/Biryani_Raita.m3u8,/Biryani_Raita/Biryani_Raita.m3u8,riya
3fc50112-1ea0-4b7a-865e-408a9fd55bf8,Vehicles_underground_metro,BabyBillion_Education,"[{""S"":""3-6""}]",bf9d1fdb-31f8-48e3-9114-9e4e4967617c,https://video.babybillion.in/hls/Vehicles_underground_metro/Vehicles_underground_metro.m3u8,/Vehicles_underground_metro/Vehicles_underground_metro.m3u8,riya
3fec5f82-c0ed-42cb-9ffa-3f6d26fdebdb,072_cvc_words_six,BabyBillion_Education,"[{""S"":""3-6""}]",bac6ace6-06bc-4f67-85bb-5f0b144d5a15,https://video.babybillion.in/hls/072_cvc_words_six/072_cvc_words_six.m3u8,/072_cvc_words_six/072_cvc_words_six.m3u8,riya
43877a87-84fe-4e4b-b97f-fef7f46fe964,Handling_Big_Emotions,BabyBillion_Education,"[{""S"":""6+""}]",90ff5296-5b99-4ddf-8bdf-ac55f6f7b6c2,https://video.babybillion.in/hls/Handling_Big_Emotions/Handling_Big_Emotions.m3u8,/Handling_Big_Emotions/Handling_Big_Emotions.m3u8,riya
441d98d9-7c42-4e4a-afb2-54fa549e42c2,Hot_-_cold,BabyBillion_Education,"[{""S"":""6+""}]",03776bdf-d177-47e6-abe5-d3215a0df920,https://video.babybillion.in/hls/Hot_-_cold/Hot_-_cold.m3u8,/Hot_-_cold/Hot_-_cold.m3u8,riya
46c800e9-8394-4132-aa86-d3d3d58dbb9e,Shy,BabyBillion_Education,"[{""S"":""6+""}]",90ff5296-5b99-4ddf-8bdf-ac55f6f7b6c2,https://video.babybillion.in/hls/Shy/Shy.m3u8,/Shy/Shy.m3u8,riya
48aace61-8dfd-4fa5-ae03-bda81ef269df,012_vehicles_bullet_train,BabyBillion_Education,"[{""S"":""3-6""}]",bf9d1fdb-31f8-48e3-9114-9e4e4967617c,https://video.babybillion.in/hls/012_vehicles_bullet_train/012_vehicles_bullet_train.m3u8,/012_vehicles_bullet_train/012_vehicles_bullet_train.m3u8,riya
4958d90b-df25-48d6-bee8-017bf8713413,Rainfall,BabyBillion_Education,"[{""S"":""3-6""}]",ed57a6ae-2009-4c19-9800-8826437fde62,https://video.babybillion.in/hls/Rainfall/Rainfall.m3u8,/Rainfall/Rainfall.m3u8,riya
4b055c20-b0f6-4f84-a362-938fbd9b5a45,Balloons_and_air,BabyBillion_Education,"[{""S"":""3-6""}]",b7ef253a-6fb1-4247-ad59-99c4c945c8ec,https://video.babybillion.in/hls/Balloons_and_air/Balloons_and_air.m3u8,/Balloons_and_air/Balloons_and_air.m3u8,riya
4c0126f7-f202-4454-bbf7-39423d957929,Sheep,BabyBillion_Education,"[{""S"":""3-6""}]",c06e196f-39fa-4dc0-a9ba-0f036f7bc248,https://video.babybillion.in/hls/Sheep/Sheep.m3u8,/Sheep/Sheep.m3u8,riya
4cbeafdd-9198-48d9-acf7-1837798c8d91,011_sight_words_do,BabyBillion_Education,"[{""S"":""3-6""}]",181961d7-b484-40c7-b24c-9b3f335cc424,https://video.babybillion.in/hls/011_sight_words_do/011_sight_words_do.m3u8,/011_sight_words_do/011_sight_words_do.m3u8,riya
4d064b22-f6f0-4a79-8059-b34ef06627bd,Asking_Questions_What_Where_When_Who_Why_How,BabyBillion_Education,"[{""S"":""6+""}]",0eba9676-9d93-484f-8938-41e3ab588a7f,https://video.babybillion.in/hls/Asking_Questions_What_Where_When_Who_Why_How/Asking_Questions_What_Where_When_Who_Why_How.m3u8,/Asking_Questions_What_Where_When_Who_Why_How/Asking_Questions_What_Where_When_Who_Why_How.m3u8,riya
4ee6760d-fda8-4334-8b8d-36bce60773f1,Counting_141-150,BabyBillion_Education,"[{""S"":""6+""}]",96c17b79-8401-4494-9e78-28c683d600c0,https://video.babybillion.in/hls/Counting_141-150/Counting_141-150.m3u8,/Counting_141-150/Counting_141-150.m3u8,riya
503f503b-348a-4f8c-9732-d187a9d1d798,Happy,BabyBillion_Education,"[{""S"":""3-6""}]",90ff5296-5b99-4ddf-8bdf-ac55f6f7b6c2,https://video.babybillion.in/hls/Happy/Happy.m3u8,/Happy/Happy.m3u8,riya
52c37817-435e-4226-9528-03b5181f9092,Rattle,BabyBillion_Education,"[{""S"":""0-3""}]",259e1ebe-d005-41f2-a3f8-810078f51c98,https://video.babybillion.in/hls/Rattle/Rattle.m3u8,/Rattle/Rattle.m3u8,riya
53eb4468-e439-4c31-b025-2a912006bb47,Long_Vowel_Sounds,BabyBillion_Education,"[{""S"":""6+""}]",b79bd45b-2c9c-4b7d-91a0-07c93a4dbea1,https://video.babybillion.in/hls/Long_Vowel_Sounds/Long_Vowel_Sounds.m3u8,/Long_Vowel_Sounds/Long_Vowel_Sounds.m3u8,riya
550c0ed3-3421-4e84-8881-465faa85f7d8,You,BabyBillion_Education,"[{""S"":""3-6""}]",181961d7-b484-40c7-b24c-9b3f335cc424,https://video.babybillion.in/hls/You/You.m3u8,/You/You.m3u8,riya
571ab50a-dbd8-44f7-8372-ce81c26ae885,Nervous,BabyBillion_Education,"[{""S"":""3-6""}]",90ff5296-5b99-4ddf-8bdf-ac55f6f7b6c2,https://video.babybillion.in/hls/Nervous/Nervous.m3u8,/Nervous/Nervous.m3u8,riya
5894b33f-e1e4-4d01-95bf-22a4bcd5784f,Mother,BabyBillion_Education,"[{""S"":""3-6""}]",24429faf-f706-4456-a1a0-d8b55cc55f9d,https://video.babybillion.in/hls/Mother/Mother.m3u8,/Mother/Mother.m3u8,riya
5a447e5a-cadc-47d0-967b-27f0ccbbd9c7,cvc_words_wed,BabyBillion_Education,"[{""S"":""3-6""}]",bac6ace6-06bc-4f67-85bb-5f0b144d5a15,https://video.babybillion.in/hls/cvc_words_wed/cvc_words_wed.m3u8,/cvc_words_wed/cvc_words_wed.m3u8,riya
5c1df6d2-fe20-4cfe-bebc-ec1067995be2,Feeling_Left_Out,BabyBillion_Education,"[{""S"":""6+""}]",90ff5296-5b99-4ddf-8bdf-ac55f6f7b6c2,https://video.babybillion.in/hls/Feeling_Left_Out/Feeling_Left_Out.m3u8,/Feeling_Left_Out/Feeling_Left_Out.m3u8,riya
5cbc119c-7cf2-4449-af0a-17b22e9f585d,What_plants_need_to_grow,BabyBillion_Education,"[{""S"":""3-6""}]",b7ef253a-6fb1-4247-ad59-99c4c945c8ec,https://video.babybillion.in/hls/What_plants_need_to_grow/What_plants_need_to_grow.m3u8,/What_plants_need_to_grow/What_plants_need_to_grow.m3u8,riya
5eabb45b-26d7-47d2-aeb9-4e60a9530e0e,016_sight_words_am,BabyBillion_Education,"[{""S"":""3-6""}]",181961d7-b484-40c7-b24c-9b3f335cc424,https://video.babybillion.in/hls/016_sight_words_am/016_sight_words_am.m3u8,/016_sight_words_am/016_sight_words_am.m3u8,riya
6366857c-e7fc-4856-a73d-845d102a1300,Shy,BabyBillion_Education,"[{""S"":""3-6""}]",90ff5296-5b99-4ddf-8bdf-ac55f6f7b6c2,https://video.babybillion.in/hls/Shy/Shy.m3u8,/Shy/Shy.m3u8,riya
64cc41b9-b838-4575-8270-cea452319bc7,Texture-_Smooth,BabyBillion_Education,"[{""S"":""3-6""}]",b7ef253a-6fb1-4247-ad59-99c4c945c8ec,https://video.babybillion.in/hls/Texture-_Smooth/Texture-_Smooth.m3u8,/Texture-_Smooth/Texture-_Smooth.m3u8,riya
6859923f-0ab0-4188-94b8-93c3d2234a2b,105_3-6_Numbers_41-50,BabyBillion_Education,"[{""S"":""3-6""}]",96c17b79-8401-4494-9e78-28c683d600c0,https://video.babybillion.in/hls/105_3-6_Numbers_41-50/105_3-6_Numbers_41-50.m3u8,/105_3-6_Numbers_41-50/105_3-6_Numbers_41-50.m3u8,riya
68d52d57-6820-487b-8118-451f7fd253bf,Cup_Saucer,BabyBillion_Education,"[{""S"":""3-6""}]",aa154d92-77f0-4dd7-9c3f-d7e57bd9baf5,https://video.babybillion.in/hls/Cup_Saucer/Cup_Saucer.m3u8,/Cup_Saucer/Cup_Saucer.m3u8,riya
6958becb-7779-4789-89cd-a95cae4d98ee,Mercury,BabyBillion_Education,"[{""S"":""3-6""}]",b7ef253a-6fb1-4247-ad59-99c4c945c8ec,https://video.babybillion.in/hls/Mercury/Mercury.m3u8,/Mercury/Mercury.m3u8,riya
69b1cbab-beaf-4ecd-a869-5e7a3fa6c3c2,107_3-6_Numbers_61-70,BabyBillion_Education,"[{""S"":""3-6""}]",96c17b79-8401-4494-9e78-28c683d600c0,https://video.babybillion.in/hls/107_3-6_Numbers_61-70/107_3-6_Numbers_61-70.m3u8,/107_3-6_Numbers_61-70/107_3-6_Numbers_61-70.m3u8,riya
6a1f6924-c920-43a8-9fd5-78e5f7d9ca8a,Stop_and_look_before_crossing_the_road,BabyBillion_Education,"[{""S"":""3-6""}]",c3533a50-aeac-4a7c-9f5c-e82d64be5e32,https://video.babybillion.in/hls/Stop_and_look_before_crossing_the_road/Stop_and_look_before_crossing_the_road.m3u8,/Stop_and_look_before_crossing_the_road/Stop_and_look_before_crossing_the_road.m3u8,riya
6bfb567a-ad36-4857-899c-5ae8d20cdf8a,056_colors_silver_coin,BabyBillion_Education,"[{""S"":""3-6""}]",c23beb7b-23de-440c-9fb1-2990013f11a6,https://video.babybillion.in/hls/056_colors_silver_coin/056_colors_silver_coin.m3u8,/056_colors_silver_coin/056_colors_silver_coin.m3u8,riya
6c41f5d6-92cb-4159-b941-4a7681cad2bb,Nervous,BabyBillion_Education,"[{""S"":""0-3""}]",90ff5296-5b99-4ddf-8bdf-ac55f6f7b6c2,https://video.babybillion.in/hls/Nervous/Nervous.m3u8,/Nervous/Nervous.m3u8,riya
6ec2bb87-b13b-43e5-8a5b-eb5791722778,018_ai_se_ainak,BabyBillion_Education,"[{""S"":""0-3""}]",de5577e3-4806-4284-9cab-9e7ecf907095,https://video.babybillion.in/hls/018_ai_se_ainak/018_ai_se_ainak.m3u8,/018_ai_se_ainak/018_ai_se_ainak.m3u8,riya
6efd27b9-780a-463d-badd-d018cd697b5e,Wet_Dry,BabyBillion_Education,"[{""S"":""0-3""}]",03776bdf-d177-47e6-abe5-d3215a0df920,https://video.babybillion.in/hls/Wet_Dry/Wet_Dry.m3u8,/Wet_Dry/Wet_Dry.m3u8,riya
716ec7bc-fc40-4227-b1b4-7a62bc917b30,Doll,BabyBillion_Education,"[{""S"":""0-3""}]",259e1ebe-d005-41f2-a3f8-810078f51c98,https://video.babybillion.in/hls/Doll/Doll.m3u8,/Doll/Doll.m3u8,riya
7376edea-a916-49d6-8586-fd396d913632,038_colors_purple_grapes,BabyBillion_Education,"[{""S"":""3-6""}]",c23beb7b-23de-440c-9fb1-2990013f11a6,https://video.babybillion.in/hls/038_colors_purple_grapes/038_colors_purple_grapes.m3u8,/038_colors_purple_grapes/038_colors_purple_grapes.m3u8,riya
73cdf207-9a87-48a0-bc29-94c5a564c360,027_community_helpers_what_does_a_chef_do,BabyBillion_Education,"[{""S"":""0-3""}]",3dc35861-75e5-4d11-a33d-d263d159f041,https://video.babybillion.in/hls/027_community_helpers_what_does_a_chef_do/027_community_helpers_what_does_a_chef_do.m3u8,/027_community_helpers_what_does_a_chef_do/027_community_helpers_what_does_a_chef_do.m3u8,riya
7413b8f3-ec02-419d-8948-8e2c906843ee,Rainfall,BabyBillion_Education,"[{""S"":""3-6""}]",b7ef253a-6fb1-4247-ad59-99c4c945c8ec,https://video.babybillion.in/hls/Rainfall/Rainfall.m3u8,/Rainfall/Rainfall.m3u8,riya
74c2e48b-b8c9-4d8a-889f-0604fc57b7f2,Vet_Pet,BabyBillion_Education,"[{""S"":""3-6""}]",bac6ace6-06bc-4f67-85bb-5f0b144d5a15,https://video.babybillion.in/hls/Vet_Pet/Vet_Pet.m3u8,/Vet_Pet/Vet_Pet.m3u8,riya
77348cf0-c6c5-431e-afc2-e25eafe01dbf,039_phonics_blending_c_u_p_equals_cup,BabyBillion_Education,"[{""S"":""3-6""}]",b79bd45b-2c9c-4b7d-91a0-07c93a4dbea1,https://video.babybillion.in/hls/039_phonics_blending_c_u_p_equals_cup/039_phonics_blending_c_u_p_equals_cup.m3u8,/039_phonics_blending_c_u_p_equals_cup/039_phonics_blending_c_u_p_equals_cup.m3u8,riya
788414ca-5fc8-4346-baf4-3b09c3c83990,Counting_numbers_181-190,BabyBillion_Education,"[{""S"":""6+""}]",96c17b79-8401-4494-9e78-28c683d600c0,https://video.babybillion.in/hls/Counting_numbers_181-190/Counting_numbers_181-190.m3u8,/Counting_numbers_181-190/Counting_numbers_181-190.m3u8,riya
794673e1-2033-4028-9052-adb9ad0b6531,L_for_Lion,BabyBillion_Education,"[{""S"":""0-3""}]",1bf17868-9fb8-419a-b7d7-e9ba3b51a364,https://video.babybillion.in/hls/L_for_Lion/L_for_Lion.m3u8,/L_for_Lion/L_for_Lion.m3u8,riya
7989e97e-7b8a-4402-8d73-6ae1e83dbf8f,And,BabyBillion_Education,"[{""S"":""3-6""}]",181961d7-b484-40c7-b24c-9b3f335cc424,https://video.babybillion.in/hls/And/And.m3u8,/And/And.m3u8,riya
7a34b6f3-0cb8-4b4d-a0ab-15451ff717ea,Refrigerator,BabyBillion_Education,"[{""S"":""0-3""}]",aa154d92-77f0-4dd7-9c3f-d7e57bd9baf5,https://video.babybillion.in/hls/Refrigerator/Refrigerator.m3u8,/Refrigerator/Refrigerator.m3u8,riya
7bc4e22d-7b0a-4bef-951f-65a1d8449a25,Bulbul,BabyBillion_Education,"[{""S"":""0-3""}]",efdd9da9-9b29-45aa-8bc4-3ddbee54940d,https://video.babybillion.in/hls/Bulbul/Bulbul.m3u8,/Bulbul/Bulbul.m3u8,riya
7bc86530-d85a-4a7b-a3fd-60820546f285,109_6_Internal_Organs_and_Their_Work,BabyBillion_Education,"[{""S"":""6+""}]",6d841cca-a54f-451a-90fc-aeffa145e274,https://video.babybillion.in/hls/109_6_Internal_Organs_and_Their_Work/109_6_Internal_Organs_and_Their_Work.m3u8,/109_6_Internal_Organs_and_Their_Work/109_6_Internal_Organs_and_Their_Work.m3u8,riya
7c0c6646-ee18-4bd3-b426-097fbb7c8dc1,065_simple_sentences_i_need_help,BabyBillion_Education,"[{""S"":""3-6""}]",4c06fdb7-0fe2-4c21-aab0-f80f2fa1f650,https://video.babybillion.in/hls/065_simple_sentences_i_need_help/065_simple_sentences_i_need_help.m3u8,/065_simple_sentences_i_need_help/065_simple_sentences_i_need_help.m3u8,riya
7c358505-b637-41c1-bd69-5bb0887a96da,014_sight_words_us,BabyBillion_Education,"[{""S"":""3-6""}]",181961d7-b484-40c7-b24c-9b3f335cc424,https://video.babybillion.in/hls/014_sight_words_us/014_sight_words_us.m3u8,/014_sight_words_us/014_sight_words_us.m3u8,riya
7e2900f1-3604-4d96-80d1-bbd1144fd144,021_community_helpers_what_does_a_nurse_do,BabyBillion_Education,"[{""S"":""0-3""}]",3dc35861-75e5-4d11-a33d-d263d159f041,https://video.babybillion.in/hls/021_community_helpers_what_does_a_nurse_do/021_community_helpers_what_does_a_nurse_do.m3u8,/021_community_helpers_what_does_a_nurse_do/021_community_helpers_what_does_a_nurse_do.m3u8,riya
7e7813ee-2e92-4937-b9b2-c8e976cac43b,Lips_Hoth,BabyBillion_Education,"[{""S"":""0-3""}]",6d841cca-a54f-451a-90fc-aeffa145e274,https://video.babybillion.in/hls/Lips_Hoth/Lips_Hoth.m3u8,/Lips_Hoth/Lips_Hoth.m3u8,riya
7eb19c5f-c470-4deb-a7be-98873d80318d,019_varnmala_vyanjan_na_soft_se_naariyal,BabyBillion_Education,"[{""S"":""3-6""}]",fec06a4b-b277-4fe2-8fff-bb40451bf2d9,https://video.babybillion.in/hls/019_varnmala_vyanjan_na_soft_se_naariyal/019_varnmala_vyanjan_na_soft_se_naariyal.m3u8,/019_varnmala_vyanjan_na_soft_se_naariyal/019_varnmala_vyanjan_na_soft_se_naariyal.m3u8,riya
801cac47-6afb-4abe-bc47-154897b23fe8,Accha,BabyBillion_Education,"[{""S"":""0-3""}]",de5577e3-4806-4284-9cab-9e7ecf907095,https://video.babybillion.in/hls/Accha/Accha.m3u8,/Accha/Accha.m3u8,riya
806cfdb3-4a9f-4feb-9ae3-882eb1bd4604,Poha_Sev,BabyBillion_Education,"[{""S"":""3-6""}]",5bc39ba0-a18b-42a9-9176-736112991697,https://video.babybillion.in/hls/Poha_Sev/Poha_Sev.m3u8,/Poha_Sev/Poha_Sev.m3u8,riya
80fee09f-b421-47f9-8e32-d7ab9f873b31,It_is_color,BabyBillion_Education,"[{""S"":""3-6""}]",4c06fdb7-0fe2-4c21-aab0-f80f2fa1f650,https://video.babybillion.in/hls/It_is_color/It_is_color.m3u8,/It_is_color/It_is_color.m3u8,riya
81d362dc-3e4f-45b0-9981-06cad46ca1f2,Magic_of_4,BabyBillion_Education,"[{""S"":""6+""}]",830fb885-9ece-438e-a380-dabd811f06b2,https://video.babybillion.in/hls/Magic_of_4/Magic_of_4.m3u8,/Magic_of_4/Magic_of_4.m3u8,riya
84ec4f1e-2f4d-4117-9e88-a77bb308cd78,Leaves_Patte,BabyBillion_Education,"[{""S"":""0-3""}]",eb5f90b5-3650-49b9-95b6-d4e3a89c0662,https://video.babybillion.in/hls/Leaves_Patte/Leaves_Patte.m3u8,/Leaves_Patte/Leaves_Patte.m3u8,riya
872e3498-23ee-43d0-8a70-dbb839ffaaa4,Parts_of_a_Plant_detailed,BabyBillion_Education,"[{""S"":""6+""}]",b7ef253a-6fb1-4247-ad59-99c4c945c8ec,https://video.babybillion.in/hls/Parts_of_a_Plant_detailed/Parts_of_a_Plant_detailed.m3u8,/Parts_of_a_Plant_detailed/Parts_of_a_Plant_detailed.m3u8,riya
89858a63-3dc5-4803-8635-9dc6d4125ac0,014_colors_violet,BabyBillion_Education,"[{""S"":""3-6""}]",c23beb7b-23de-440c-9fb1-2990013f11a6,https://video.babybillion.in/hls/014_colors_violet/014_colors_violet.m3u8,/014_colors_violet/014_colors_violet.m3u8,riya
928f33c8-199d-4d31-9f4c-5957cd7ad42d,Humidity_moisture_in_air,BabyBillion_Education,"[{""S"":""3-6""}]",b7ef253a-6fb1-4247-ad59-99c4c945c8ec,https://video.babybillion.in/hls/Humidity_moisture_in_air/Humidity_moisture_in_air.m3u8,/Humidity_moisture_in_air/Humidity_moisture_in_air.m3u8,riya
94c2ba33-4668-4542-b626-17ab46e80288,107_6_Ordering_3-digit_numbers_Example_107104105102101103106108109110_101102103104105106107108109110,BabyBillion_Education,"[{""S"":""6+""}]",98263b2e-41f3-413e-9a83-b64ef2016a53,https://video.babybillion.in/hls/107_6_Ordering_3-digit_numbers_Example_107104105102101103106108109110_101102103104105106107108109110/107_6_Ordering_3-digit_numbers_Example_107104105102101103106108109110_101102103104105106107108109110.m3u8,/107_6_Ordering_3-digit_numbers_Example_107104105102101103106108109110_101102103104105106107108109110/107_6_Ordering_3-digit_numbers_Example_107104105102101103106108109110_101102103104105106107108109110.m3u8,riya
9662b58e-65d7-48f6-9b14-36ee557d7f58,Magic_of_1,BabyBillion_Education,"[{""S"":""6+""}]",830fb885-9ece-438e-a380-dabd811f06b2,https://video.babybillion.in/hls/Magic_of_1/Magic_of_1.m3u8,/Magic_of_1/Magic_of_1.m3u8,riya
96b72ab3-fb12-44c1-bc8e-96646df812d2,What_plants_need_to_grow,BabyBillion_Education,"[{""S"":""3-6""}]",f476a63c-f5d0-4454-afee-eb96182ff983,https://video.babybillion.in/hls/What_plants_need_to_grow/What_plants_need_to_grow.m3u8,/What_plants_need_to_grow/What_plants_need_to_grow.m3u8,riya
98496a68-5e5d-47d0-b9b9-1db57d8749c9,014_vehicles_rocket,BabyBillion_Education,"[{""S"":""3-6""}]",bf9d1fdb-31f8-48e3-9114-9e4e4967617c,https://video.babybillion.in/hls/014_vehicles_rocket/014_vehicles_rocket.m3u8,/014_vehicles_rocket/014_vehicles_rocket.m3u8,riya
9af9a849-da9c-4011-8362-f6ee2ac5050b,Counting_131-140,BabyBillion_Education,"[{""S"":""6+""}]",96c17b79-8401-4494-9e78-28c683d600c0,https://video.babybillion.in/hls/Counting_131-140/Counting_131-140.m3u8,/Counting_131-140/Counting_131-140.m3u8,riya
9b20896b-f97e-4926-bcac-a3d1de131579,Adventure_Sports_for_Kids,BabyBillion_Education,"[{""S"":""6+""}]",cf83518a-7e38-483a-9b3e-a943beb08196,https://video.babybillion.in/hls/Adventure_Sports_for_Kids/Adventure_Sports_for_Kids.m3u8,/Adventure_Sports_for_Kids/Adventure_Sports_for_Kids.m3u8,riya
9cf75655-64d7-49c6-a98b-7294f5387d5d,026_simple_sentences_i_have_a_new_toy,BabyBillion_Education,"[{""S"":""3-6""}]",4c06fdb7-0fe2-4c21-aab0-f80f2fa1f650,https://video.babybillion.in/hls/026_simple_sentences_i_have_a_new_toy/026_simple_sentences_i_have_a_new_toy.m3u8,/026_simple_sentences_i_have_a_new_toy/026_simple_sentences_i_have_a_new_toy.m3u8,riya
9dda5901-e584-4964-8aad-44d9610988f0,You,BabyBillion_Education,"[{""S"":""3-6""}]",181961d7-b484-40c7-b24c-9b3f335cc424,https://video.babybillion.in/hls/You/You.m3u8,/You/You.m3u8,riya
9df3fec6-2332-449e-a4cc-a09e16b3dbca,Mall,BabyBillion_Education,"[{""S"":""0-3""}]",e4dd4a24-f512-4d74-8bad-596b71c5369f,https://video.babybillion.in/hls/Mall/Mall.m3u8,/Mall/Mall.m3u8,riya
a21290d5-388c-4022-adb2-104f99460087,Moon,BabyBillion_Education,"[{""S"":""3-6""}]",b7ef253a-6fb1-4247-ad59-99c4c945c8ec,https://video.babybillion.in/hls/Moon/Moon.m3u8,/Moon/Moon.m3u8,riya
a3b63961-de79-4b23-94ea-77c53a29bf3d,015_sight_words_an,BabyBillion_Education,"[{""S"":""3-6""}]",181961d7-b484-40c7-b24c-9b3f335cc424,https://video.babybillion.in/hls/015_sight_words_an/015_sight_words_an.m3u8,/015_sight_words_an/015_sight_words_an.m3u8,riya
a4b7fb41-67ec-4e47-8913-be8cd7a61b06,Pani_Puri_Masala_Water,BabyBillion_Education,"[{""S"":""3-6""}]",5bc39ba0-a18b-42a9-9176-736112991697,https://video.babybillion.in/hls/Pani_Puri_Masala_Water/Pani_Puri_Masala_Water.m3u8,/Pani_Puri_Masala_Water/Pani_Puri_Masala_Water.m3u8,riya
a5c79341-e103-4f26-aef0-aa05b5b3e5a9,031_abc_capital_o_and_small_o,BabyBillion_Education,"[{""S"":""0-3""}]",1bf17868-9fb8-419a-b7d7-e9ba3b51a364,https://video.babybillion.in/hls/031_abc_capital_o_and_small_o/031_abc_capital_o_and_small_o.m3u8,/031_abc_capital_o_and_small_o/031_abc_capital_o_and_small_o.m3u8,riya
a74d26d4-ce8f-4b53-aee5-8cf073153634,Rockets,BabyBillion_Education,"[{""S"":""3-6""}]",b7ef253a-6fb1-4247-ad59-99c4c945c8ec,https://video.babybillion.in/hls/Rockets/Rockets.m3u8,/Rockets/Rockets.m3u8,riya
a76ee3ca-a2c4-4005-8521-04adeb4ef676,061_sight_words_good,BabyBillion_Education,"[{""S"":""3-6""}]",181961d7-b484-40c7-b24c-9b3f335cc424,https://video.babybillion.in/hls/a76ee3ca-a2c4-4005-8521-04adeb4ef676/a76ee3ca-a2c4-4005-8521-04adeb4ef676.m3u8,/hls/a76ee3ca-a2c4-4005-8521-04adeb4ef676/a76ee3ca-a2c4-4005-8521-04adeb4ef676.m3u8,riya
a9a7b1a5-185c-466c-b357-dcb185ff213f,Threading_beads,BabyBillion_Education,"[{""S"":""3-6""}]",6d841cca-a54f-451a-90fc-aeffa145e274,https://video.babybillion.in/hls/Threading_beads/Threading_beads.m3u8,/Threading_beads/Threading_beads.m3u8,riya
aa3be6f3-f0e2-4f69-86c0-32145afeeb39,103_6_Day_and_Night_in_Space,BabyBillion_Education,"[{""S"":""6+""}]",b7ef253a-6fb1-4247-ad59-99c4c945c8ec,https://video.babybillion.in/hls/103_6_Day_and_Night_in_Space/103_6_Day_and_Night_in_Space.m3u8,/103_6_Day_and_Night_in_Space/103_6_Day_and_Night_in_Space.m3u8,riya
aa665051-56c7-43f2-b137-cbe648dbfed2,013_simple_sentences_i_can_clap,BabyBillion_Education,"[{""S"":""3-6""}]",4c06fdb7-0fe2-4c21-aab0-f80f2fa1f650,https://video.babybillion.in/hls/013_simple_sentences_i_can_clap/013_simple_sentences_i_can_clap.m3u8,/013_simple_sentences_i_can_clap/013_simple_sentences_i_can_clap.m3u8,riya
aacb5f9c-ad0c-46d5-b812-3a0201a58977,Counting_191-200,BabyBillion_Education,"[{""S"":""6+""}]",96c17b79-8401-4494-9e78-28c683d600c0,https://video.babybillion.in/hls/Counting_191-200/Counting_191-200.m3u8,/Counting_191-200/Counting_191-200.m3u8,riya
aaf7ba0c-a7cd-4e52-a840-05cf946d10b2,March,BabyBillion_Education,"[{""S"":""0-3""}]",cdd3ba69-c04a-402a-a061-05e0f816a161,https://video.babybillion.in/hls/March/March.m3u8,/March/March.m3u8,riya
ab5342fc-43a4-4391-8aca-5e4452f3d725,Helpful,BabyBillion_Education,"[{""S"":""3-6""}]",90ff5296-5b99-4ddf-8bdf-ac55f6f7b6c2,https://video.babybillion.in/hls/Helpful/Helpful.m3u8,/Helpful/Helpful.m3u8,riya
adc71253-9970-4bab-9b00-32f946e1c13b,Khichdi,BabyBillion_Education,"[{""S"":""0-3""}]",5bc39ba0-a18b-42a9-9176-736112991697,https://video.babybillion.in/hls/Khichdi/Khichdi.m3u8,/Khichdi/Khichdi.m3u8,riya
ae0534df-a62c-42d5-a0d8-5c5b11f7e300,Ladoo,BabyBillion_Education,"[{""S"":""3-6""}]",2754f754-bfaf-4810-9852-60d5960a7a74,https://video.babybillion.in/hls/Ladoo/Ladoo.m3u8,/Ladoo/Ladoo.m3u8,riya
ae85489b-64d1-48ba-b6d5-b67d719badfa,Vegetable_Vendor,BabyBillion_Education,"[{""S"":""0-3""}]",18ae1c51-e0c5-4df1-94f6-30f5e6732dd3,https://video.babybillion.in/hls/Vegetable_Vendor/Vegetable_Vendor.m3u8,/Vegetable_Vendor/Vegetable_Vendor.m3u8,riya
ae8bedcd-e772-4ddb-83e6-f6efb78f670c,034_colors_green_parrot,BabyBillion_Education,"[{""S"":""0-3""}]",c23beb7b-23de-440c-9fb1-2990013f11a6,https://video.babybillion.in/hls/034_colors_green_parrot/034_colors_green_parrot.m3u8,/034_colors_green_parrot/034_colors_green_parrot.m3u8,riya
aeac5467-b636-45a6-bc8e-795ab4c7eba0,Buffalo,BabyBillion_Education,"[{""S"":""0-3""}]",79156051-e033-423a-b7de-a68fe1342a75,https://video.babybillion.in/hls/Buffalo/Buffalo.m3u8,/Buffalo/Buffalo.m3u8,riya
b0bedc48-8c3b-4b88-9e04-0f1a866a8456,Big_Family,BabyBillion_Education,"[{""S"":""3-6""}]",24429faf-f706-4456-a1a0-d8b55cc55f9d,https://video.babybillion.in/hls/Big_Family/Big_Family.m3u8,/Big_Family/Big_Family.m3u8,riya
b21b239a-548a-4b18-a662-10779ea0968d,Buffalo,BabyBillion_Education,"[{""S"":""3-6""}]",c1f0397a-0732-418a-b6e4-50081b10219c,https://video.babybillion.in/hls/Buffalo/Buffalo.m3u8,/Buffalo/Buffalo.m3u8,riya
b3353d93-d3ed-4372-97f6-b733b1796fc0,Eating_in_space,BabyBillion_Education,"[{""S"":""3-6""}]",b7ef253a-6fb1-4247-ad59-99c4c945c8ec,https://video.babybillion.in/hls/Eating_in_space/Eating_in_space.m3u8,/Eating_in_space/Eating_in_space.m3u8,riya
b3b7e09e-e503-459b-a258-afbf7454af0d,Being_Gentle_with_Pets,BabyBillion_Education,"[{""S"":""0-3""}]",06f625da-1202-4c8a-8b16-e624b97476d1,https://video.babybillion.in/hls/Being_Gentle_with_Pets/Being_Gentle_with_Pets.m3u8,/Being_Gentle_with_Pets/Being_Gentle_with_Pets.m3u8,riya
b3caebe4-a561-47bc-9bb4-c8c7a25400cb,Sleeping_in_space,BabyBillion_Education,"[{""S"":""3-6""}]",b7ef253a-6fb1-4247-ad59-99c4c945c8ec,https://video.babybillion.in/hls/Sleeping_in_space/Sleeping_in_space.m3u8,/Sleeping_in_space/Sleeping_in_space.m3u8,riya
b85a5315-bd3a-42db-bc88-657c3dd61fb8,Teeth_Tongue,BabyBillion_Education,"[{""S"":""3-6""}]",6d841cca-a54f-451a-90fc-aeffa145e274,https://video.babybillion.in/hls/Teeth_Tongue/Teeth_Tongue.m3u8,/Teeth_Tongue/Teeth_Tongue.m3u8,riya
ba570de7-4f8c-4791-ab77-919a32be03a3,Buffalo,BabyBillion_Education,"[{""S"":""3-6""}]",79156051-e033-423a-b7de-a68fe1342a75,https://video.babybillion.in/hls/Buffalo/Buffalo.m3u8,/Buffalo/Buffalo.m3u8,riya
bc109f9e-199b-4eab-8421-28f3c6f08530,Handling_Big_Emotions,BabyBillion_Education,"[{""S"":""6+""}]",90ff5296-5b99-4ddf-8bdf-ac55f6f7b6c2,https://video.babybillion.in/hls/Handling_Big_Emotions/Handling_Big_Emotions.m3u8,/Handling_Big_Emotions/Handling_Big_Emotions.m3u8,riya
bcca00a1-a8b1-4b82-8b75-3ca55888b8a4,Threading_beads,BabyBillion_Education,"[{""S"":""3-6""}]",cdd3ba69-c04a-402a-a061-05e0f816a161,https://video.babybillion.in/hls/Threading_beads/Threading_beads.m3u8,/Threading_beads/Threading_beads.m3u8,riya
bef243bb-acd9-4064-94b1-3e1cc78d61ac,U,BabyBillion_Education,"[{""S"":""3-6""}]",fec06a4b-b277-4fe2-8fff-bb40451bf2d9,https://video.babybillion.in/hls/U/U.m3u8,/U/U.m3u8,riya
bf9e6b0c-1830-47ed-8aea-762c7de8e72c,104_3-6_Numbers_31-40,BabyBillion_Education,"[{""S"":""3-6""}]",96c17b79-8401-4494-9e78-28c683d600c0,https://video.babybillion.in/hls/104_3-6_Numbers_31-40/104_3-6_Numbers_31-40.m3u8,/104_3-6_Numbers_31-40/104_3-6_Numbers_31-40.m3u8,riya
bfa4ae5c-7abe-48ae-9b26-398e53cfcac6,Chocolate,BabyBillion_Education,"[{""S"":""0-3""}]",5bc39ba0-a18b-42a9-9176-736112991697,https://video.babybillion.in/hls/Chocolate/Chocolate.m3u8,/Chocolate/Chocolate.m3u8,riya
c1aeda58-fbc8-4f2c-a72e-115f7f9fd23b,Toothbrush_Toothpaste,BabyBillion_Education,"[{""S"":""3-6""}]",aa154d92-77f0-4dd7-9c3f-d7e57bd9baf5,https://video.babybillion.in/hls/Toothbrush_Toothpaste/Toothbrush_Toothpaste.m3u8,/Toothbrush_Toothpaste/Toothbrush_Toothpaste.m3u8,riya
c285db8b-65b4-4298-9bc7-52921e5d0d4f,Railway_Station,BabyBillion_Education,"[{""S"":""0-3""}]",e4dd4a24-f512-4d74-8bad-596b71c5369f,https://video.babybillion.in/hls/Railway_Station/Railway_Station.m3u8,/Railway_Station/Railway_Station.m3u8,riya
c2da3334-4225-4e24-976b-b84a73f28a16,abc_capital_T_and_small_t,BabyBillion_Education,"[{""S"":""3-6""}]",1bf17868-9fb8-419a-b7d7-e9ba3b51a364,https://video.babybillion.in/hls/abc_capital_T_and_small_t/abc_capital_T_and_small_t.m3u8,/abc_capital_T_and_small_t/abc_capital_T_and_small_t.m3u8,riya
c375a625-cd15-483f-b11e-3abff5d15069,Carrot,BabyBillion_Education,"[{""S"":""0-3""}]",c3d15541-8760-45ff-b253-1647ca61bf37,https://video.babybillion.in/hls/Carrot/Carrot.m3u8,/Carrot/Carrot.m3u8,riya
c39b004a-3e90-4257-8858-e12372b1cb34,026_phonics_long_o_sound_as_in_boat,BabyBillion_Education,"[{""S"":""3-6""}]",b79bd45b-2c9c-4b7d-91a0-07c93a4dbea1,https://video.babybillion.in/hls/026_phonics_long_o_sound_as_in_boat/026_phonics_long_o_sound_as_in_boat.m3u8,/026_phonics_long_o_sound_as_in_boat/026_phonics_long_o_sound_as_in_boat.m3u8,riya
c4facb92-d770-424d-a5da-6613e664ac9e,Dog_Jog,BabyBillion_Education,"[{""S"":""3-6""}]",bac6ace6-06bc-4f67-85bb-5f0b144d5a15,https://video.babybillion.in/hls/Dog_Jog/Dog_Jog.m3u8,/Dog_Jog/Dog_Jog.m3u8,riya
c7f0b51e-5f25-47be-9b73-10eb7c4328bd,012_community_helpers_astronaut,BabyBillion_Education,"[{""S"":""3-6""}]",3dc35861-75e5-4d11-a33d-d263d159f041,https://video.babybillion.in/hls/012_community_helpers_astronaut/012_community_helpers_astronaut.m3u8,/012_community_helpers_astronaut/012_community_helpers_astronaut.m3u8,riya
c9eeb8b2-c804-4d56-b966-f0fc836c7d81,033_sight_words_they,BabyBillion_Education,"[{""S"":""3-6""}]",181961d7-b484-40c7-b24c-9b3f335cc424,https://video.babybillion.in/hls/033_sight_words_they/033_sight_words_they.m3u8,/033_sight_words_they/033_sight_words_they.m3u8,riya
ca88fdb3-ca23-484b-a4e1-27f3d4de836e,Counting_numbers_161-170,BabyBillion_Education,"[{""S"":""6+""}]",96c17b79-8401-4494-9e78-28c683d600c0,https://video.babybillion.in/hls/Counting_numbers_161-170/Counting_numbers_161-170.m3u8,/Counting_numbers_161-170/Counting_numbers_161-170.m3u8,riya
cb1fc5fb-e636-4153-a840-4572c8f2f063,Magic_of_3,BabyBillion_Education,"[{""S"":""6+""}]",830fb885-9ece-438e-a380-dabd811f06b2,https://video.babybillion.in/hls/Magic_of_3/Magic_of_3.m3u8,/Magic_of_3/Magic_of_3.m3u8,riya
cc6730a9-5e02-4f23-820a-63bb53a4831c,Happy,BabyBillion_Education,"[{""S"":""0-3""}]",90ff5296-5b99-4ddf-8bdf-ac55f6f7b6c2,https://video.babybillion.in/hls/Happy/Happy.m3u8,/Happy/Happy.m3u8,riya
cf33b290-a8f8-4b70-9960-f1f7610a37d2,Happy,BabyBillion_Education,"[{""S"":""6+""}]",90ff5296-5b99-4ddf-8bdf-ac55f6f7b6c2,https://video.babybillion.in/hls/Happy/Happy.m3u8,/Happy/Happy.m3u8,riya
d0a750c2-e785-43c4-87e7-d4d5ca551803,Dal,BabyBillion_Education,"[{""S"":""0-3""}]",5bc39ba0-a18b-42a9-9176-736112991697,https://video.babybillion.in/hls/Dal/Dal.m3u8,/Dal/Dal.m3u8,riya
d2e380b2-ff91-47f1-9079-10a395824b14,109_6_Counting_forward_by_1s_Example_51_52_53_54_555657585960,BabyBillion_Education,"[{""S"":""6+""}]",98263b2e-41f3-413e-9a83-b64ef2016a53,https://video.babybillion.in/hls/109_6_Counting_forward_by_1s_Example_51_52_53_54_555657585960/109_6_Counting_forward_by_1s_Example_51_52_53_54_555657585960.m3u8,/109_6_Counting_forward_by_1s_Example_51_52_53_54_555657585960/109_6_Counting_forward_by_1s_Example_51_52_53_54_555657585960.m3u8,riya
d32efb26-7334-4310-8f97-33831ad0f4f5,110_6_Space_Technology_and_Future_Space_Missions,BabyBillion_Education,"[{""S"":""6+""}]",41f1f46f-18fc-4610-a538-2860e362964b,https://video.babybillion.in/hls/110_6_Space_Technology_and_Future_Space_Missions/110_6_Space_Technology_and_Future_Space_Missions.m3u8,/110_6_Space_Technology_and_Future_Space_Missions/110_6_Space_Technology_and_Future_Space_Missions.m3u8,riya
d38b854b-74a5-4a3f-807e-a6b47fcd9a1e,Head_and_Hair,BabyBillion_Education,"[{""S"":""3-6""}]",6d841cca-a54f-451a-90fc-aeffa145e274,https://video.babybillion.in/hls/Head_and_Hair/Head_and_Hair.m3u8,/Head_and_Hair/Head_and_Hair.m3u8,riya
d3a6e3c0-74ee-446f-a1c3-0cd5235c422b,Ice_and_steam,BabyBillion_Education,"[{""S"":""3-6""}]",b7ef253a-6fb1-4247-ad59-99c4c945c8ec,https://video.babybillion.in/hls/Ice_and_steam/Ice_and_steam.m3u8,/Ice_and_steam/Ice_and_steam.m3u8,riya
d4e2aede-fa1d-4470-9cbe-2bfcda853387,Purple_Vegetables-_Brinjal_Eggplant_Beetroot_Purple_Cabbage,BabyBillion_Education,"[{""S"":""3-6""}]",c3d15541-8760-45ff-b253-1647ca61bf37,https://video.babybillion.in/hls/Purple_Vegetables-_Brinjal_Eggplant_Beetroot_Purple_Cabbage/Purple_Vegetables-_Brinjal_Eggplant_Beetroot_Purple_Cabbage.m3u8,/Purple_Vegetables-_Brinjal_Eggplant_Beetroot_Purple_Cabbage/Purple_Vegetables-_Brinjal_Eggplant_Beetroot_Purple_Cabbage.m3u8,riya
d5405c56-efef-4394-9bf8-291ca938cf71,Bag_Flag,BabyBillion_Education,"[{""S"":""3-6""}]",bac6ace6-06bc-4f67-85bb-5f0b144d5a15,https://video.babybillion.in/hls/Bag_Flag/Bag_Flag.m3u8,/Bag_Flag/Bag_Flag.m3u8,riya
d58d7b53-4523-4211-bf17-5a0d057918ee,V_for_Van,BabyBillion_Education,"[{""S"":""0-3""}]",1bf17868-9fb8-419a-b7d7-e9ba3b51a364,https://video.babybillion.in/hls/V_for_Van/V_for_Van.m3u8,/V_for_Van/V_for_Van.m3u8,riya
d8305cc9-364b-419b-98b0-0f76e87e99de,Magnet,BabyBillion_Education,"[{""S"":""0-3""}]",b7ef253a-6fb1-4247-ad59-99c4c945c8ec,https://video.babybillion.in/hls/Magnet/Magnet.m3u8,/Magnet/Magnet.m3u8,riya
d89314e4-6f58-4723-82b0-33f37f64a7e5,Rice_Chawal,BabyBillion_Education,"[{""S"":""0-3""}]",5bc39ba0-a18b-42a9-9176-736112991697,https://video.babybillion.in/hls/Rice_Chawal/Rice_Chawal.m3u8,/Rice_Chawal/Rice_Chawal.m3u8,riya
d92b01fb-bab4-44e2-b259-8c317a42be74,026_community_helpers_what_does_a_farmer_do,BabyBillion_Education,"[{""S"":""0-3""}]",3dc35861-75e5-4d11-a33d-d263d159f041,https://video.babybillion.in/hls/026_community_helpers_what_does_a_farmer_do/026_community_helpers_what_does_a_farmer_do.m3u8,/026_community_helpers_what_does_a_farmer_do/026_community_helpers_what_does_a_farmer_do.m3u8,riya
ddf36d32-e978-4bc3-94f5-04eadc5403ef,Sound_of_H_h,BabyBillion_Education,"[{""S"":""3-6""}]",b79bd45b-2c9c-4b7d-91a0-07c93a4dbea1,https://video.babybillion.in/hls/Sound_of_H_h/Sound_of_H_h.m3u8,/Sound_of_H_h/Sound_of_H_h.m3u8,riya
df3b5954-2331-45f7-8a1b-ffe0aac5f30c,Number_17,BabyBillion_Education,"[{""S"":""3-6""}]",96c17b79-8401-4494-9e78-28c683d600c0,https://video.babybillion.in/hls/Number_17/Number_17.m3u8,/Number_17/Number_17.m3u8,riya
df7cb2af-a807-460d-9eb0-6c46871f2909,110_6_Space_Technology_and_Future_Space_Missions,BabyBillion_Education,"[{""S"":""6+""}]",b7ef253a-6fb1-4247-ad59-99c4c945c8ec,https://video.babybillion.in/hls/110_6_Space_Technology_and_Future_Space_Missions/110_6_Space_Technology_and_Future_Space_Missions.m3u8,/110_6_Space_Technology_and_Future_Space_Missions/110_6_Space_Technology_and_Future_Space_Missions.m3u8,riya
e0581ca7-f049-4e08-b939-8c0cd23f3337,Common_Foods-_Poha,BabyBillion_Education,"[{""S"":""3-6""}]",2754f754-bfaf-4810-9852-60d5960a7a74,https://video.babybillion.in/hls/Common_Foods-_Poha/Common_Foods-_Poha.m3u8,/Common_Foods-_Poha/Common_Foods-_Poha.m3u8,riya
e4744ebb-2888-4daf-9079-c4cdb30e9131,What_are_Plants_Basic,BabyBillion_Education,"[{""S"":""3-6""}]",f476a63c-f5d0-4454-afee-eb96182ff983,https://video.babybillion.in/hls/What_are_Plants_Basic/What_are_Plants_Basic.m3u8,/What_are_Plants_Basic/What_are_Plants_Basic.m3u8,riya
e48d8233-201f-4278-8464-3b1e33189dac,031_varnmala_vyanjan_sa_se_saanp,BabyBillion_Education,"[{""S"":""3-6""}]",fec06a4b-b277-4fe2-8fff-bb40451bf2d9,https://video.babybillion.in/hls/031_varnmala_vyanjan_sa_se_saanp/031_varnmala_vyanjan_sa_se_saanp.m3u8,/031_varnmala_vyanjan_sa_se_saanp/031_varnmala_vyanjan_sa_se_saanp.m3u8,riya
e4d37c3a-8f60-4e7e-8d11-5cb2cfa05f7c,Yes,BabyBillion_Education,"[{""S"":""0-3""}]",4e8e2dbf-bad4-4a56-8365-251a1cfc4a10,https://video.babybillion.in/hls/Yes/Yes.m3u8,/Yes/Yes.m3u8,riya
e6e4e8b7-5706-48cd-b21e-8731d8c6dc33,Cocoon,BabyBillion_Education,"[{""S"":""0-3""}]",40d567cd-95aa-469e-b7a8-da623f2579d8,https://video.babybillion.in/hls/Cocoon/Cocoon.m3u8,/Cocoon/Cocoon.m3u8,riya
e7228925-d723-45cd-baf0-c27b8a503707,Small_Family,BabyBillion_Education,"[{""S"":""3-6""}]",24429faf-f706-4456-a1a0-d8b55cc55f9d,https://video.babybillion.in/hls/Small_Family/Small_Family.m3u8,/Small_Family/Small_Family.m3u8,riya
eae958c2-75bf-41fd-80d9-15cefad37636,025_colors_yellow_marigold,BabyBillion_Education,"[{""S"":""3-6""}]",c23beb7b-23de-440c-9fb1-2990013f11a6,https://video.babybillion.in/hls/025_colors_yellow_marigold/025_colors_yellow_marigold.m3u8,/025_colors_yellow_marigold/025_colors_yellow_marigold.m3u8,riya
f0180741-bc20-4037-b016-8a704a8b555f,a,BabyBillion_Education,"[{""S"":""3-6""}]",181961d7-b484-40c7-b24c-9b3f335cc424,https://video.babybillion.in/hls/a/a.m3u8,/a/a.m3u8,riya
f114cd63-b3fa-4a52-a0df-254d65cb38fe,Radish_Mooli,BabyBillion_Education,"[{""S"":""0-3""}]",c3d15541-8760-45ff-b253-1647ca61bf37,https://video.babybillion.in/hls/Radish_Mooli/Radish_Mooli.m3u8,/Radish_Mooli/Radish_Mooli.m3u8,riya
f21906f4-4bdb-4a7a-a792-86115b37ba51,047_colors_white_milk,BabyBillion_Education,"[{""S"":""3-6""}]",c23beb7b-23de-440c-9fb1-2990013f11a6,https://video.babybillion.in/hls/047_colors_white_milk/047_colors_white_milk.m3u8,/047_colors_white_milk/047_colors_white_milk.m3u8,riya
f3052b13-4295-4389-aaac-56a4beb52c20,Sticker_Book,BabyBillion_Education,"[{""S"":""0-3""}]",259e1ebe-d005-41f2-a3f8-810078f51c98,https://video.babybillion.in/hls/Sticker_Book/Sticker_Book.m3u8,/Sticker_Book/Sticker_Book.m3u8,riya
f708579c-aea7-47f6-a0fb-514e86c661a1,COMP_3-6_1-10_1,BabyBillion_Education,"[{""S"":""3-6""}]",96c17b79-8401-4494-9e78-28c683d600c0,https://video.babybillion.in/hls/f708579c-aea7-47f6-a0fb-514e86c661a1/f708579c-aea7-47f6-a0fb-514e86c661a1.m3u8,/hls/f708579c-aea7-47f6-a0fb-514e86c661a1/f708579c-aea7-47f6-a0fb-514e86c661a1.m3u8,riya
f74fed82-8c27-4fd0-a688-d1828c442704,025_cvc_words_ham,BabyBillion_Education,"[{""S"":""3-6""}]",bac6ace6-06bc-4f67-85bb-5f0b144d5a15,https://video.babybillion.in/hls/025_cvc_words_ham/025_cvc_words_ham.m3u8,/025_cvc_words_ham/025_cvc_words_ham.m3u8,riya
fcae7cf2-a25e-473d-8d64-ef7bf27e8016,Magic_of_2,BabyBillion_Education,"[{""S"":""6+""}]",830fb885-9ece-438e-a380-dabd811f06b2,https://video.babybillion.in/hls/Magic_of_2/Magic_of_2.m3u8,/Magic_of_2/Magic_of_2.m3u8,riya
07365e7a-7690-4646-b6f9-e9758e959880,042_colors_pink_lotus,BabyBillion_Education,"[{""S"":""3-6""}]",c23beb7b-23de-440c-9fb1-2990013f11a6,https://video.babybillion.in/hls/042_colors_pink_lotus/042_colors_pink_lotus.m3u8,/042_colors_pink_lotus/042_colors_pink_lotus.m3u8,Riya 
8af30ccc-4012-4efb-a207-f115f4aba92c,Number_1,BabyBillion_Education,"[{""S"":""3-6""}]",96c17b79-8401-4494-9e78-28c683d600c0,https://video.babybillion.in/hls/Number_1/Number_1.m3u8,/Number_1/Number_1.m3u8,riya 
314922dd-8445-45d0-9b96-7b226a00ff79,005_community_helpers_cleaner,BabyBillion_Education,"[{""S"":""3-6""}]",3dc35861-75e5-4d11-a33d-d263d159f041,https://video.babybillion.in/hls/005_community_helpers_cleaner/005_community_helpers_cleaner.m3u8,/005_community_helpers_cleaner/005_community_helpers_cleaner.m3u8,riya and jai
ac6d03db-b2f0-4ec0-b6fd-45ae41e485a3,Amazing_Facts_About_the_Human_Body,BabyBillion_Education,"[{""S"":""6+""}]",6d841cca-a54f-451a-90fc-aeffa145e274,https://video.babybillion.in/hls/Amazing_Facts_About_the_Human_Body/Amazing_Facts_About_the_Human_Body.m3u8,/Amazing_Facts_About_the_Human_Body/Amazing_Facts_About_the_Human_Body.m3u8,riya and meera
ba37cc93-74f6-488e-83b9-ca171f886271,Shape_Sorter,BabyBillion_Education,"[{""S"":""0-3""}]",259e1ebe-d005-41f2-a3f8-810078f51c98,https://video.babybillion.in/hls/Shape_Sorter/Shape_Sorter.m3u8,/Shape_Sorter/Shape_Sorter.m3u8,riya and meera
3980070b-bc55-48b6-b426-2aada99276c9,Tailor,BabyBillion_Education,"[{""S"":""3-6""}]",3dc35861-75e5-4d11-a33d-d263d159f041,https://video.babybillion.in/hls/Tailor/Tailor.m3u8,/Tailor/Tailor.m3u8,riya and mia
27de34e3-03e8-4c3a-bad5-cf411ed1eb91,Full_Empty,BabyBillion_Education,"[{""S"":""0-3""}]",03776bdf-d177-47e6-abe5-d3215a0df920,https://video.babybillion.in/hls/Full_Empty/Full_Empty.m3u8,/Full_Empty/Full_Empty.m3u8,sher singh
60afdb9a-078c-4516-a946-6f9618fc42d8,026_abc_capital_j_and_small_j,BabyBillion_Education,"[{""S"":""3-6""}]",1bf17868-9fb8-419a-b7d7-e9ba3b51a364,https://video.babybillion.in/hls/026_abc_capital_j_and_small_j/026_abc_capital_j_and_small_j.m3u8,/026_abc_capital_j_and_small_j/026_abc_capital_j_and_small_j.m3u8,sher singh
0689edc6-24d8-4d15-ac46-23ff2a67f0c4,Letter_B_Ball,BabyBillion_Education,"[{""S"":""0-3""}]",1bf17868-9fb8-419a-b7d7-e9ba3b51a364,https://video.babybillion.in/hls/Letter_B_Ball/Letter_B_Ball.m3u8,/Letter_B_Ball/Letter_B_Ball.m3u8,Sheru
70ca49f9-1d22-4ade-ab9e-6e51a2bb32f0,Letter_J_Jug,BabyBillion_Education,"[{""S"":""0-3""}]",1bf17868-9fb8-419a-b7d7-e9ba3b51a364,https://video.babybillion.in/hls/Letter_J_Jug/Letter_J_Jug.m3u8,/Letter_J_Jug/Letter_J_Jug.m3u8,sheru
7a7341e7-2f03-4106-94e4-447c74b09b6c,Swing,BabyBillion_Education,"[{""S"":""3-6""}]",6d841cca-a54f-451a-90fc-aeffa145e274,https://video.babybillion.in/hls/Swing/Swing.m3u8,/Swing/Swing.m3u8,sheru
81461d29-891b-4b66-b499-25fd1ae8df71,Open_Close,BabyBillion_Education,"[{""S"":""0-3""}]",03776bdf-d177-47e6-abe5-d3215a0df920,https://video.babybillion.in/hls/Open_Close/Open_Close.m3u8,/Open_Close/Open_Close.m3u8,sheru
8a5a01dd-331b-46f4-a325-3241d7ffb681,Rectangle,BabyBillion_Education,"[{""S"":""0-3""}]",da4d2220-056e-483b-9fc0-8451577d4cc9,https://video.babybillion.in/hls/Rectangle/Rectangle.m3u8,/Rectangle/Rectangle.m3u8,sheru
ab5d32f6-ebb9-42f7-9d95-905395fd4c3d,Letter_A_Apple,BabyBillion_Education,"[{""S"":""0-3""}]",1bf17868-9fb8-419a-b7d7-e9ba3b51a364,https://video.babybillion.in/hls/Letter_A_Apple/Letter_A_Apple.m3u8,/Letter_A_Apple/Letter_A_Apple.m3u8,sheru
b7d5f374-df75-4d28-b675-0d158cf97628,Behind_at_the_back,BabyBillion_Education,"[{""S"":""6+""}]",5463715e-88ba-4459-9ac2-0316966024ee,https://video.babybillion.in/hls/Behind_at_the_back/Behind_at_the_back.m3u8,/Behind_at_the_back/Behind_at_the_back.m3u8,sheru
e4f8c8a2-8392-4dab-876d-a7a6a0f042a0,Swing,BabyBillion_Education,"[{""S"":""3-6""}]",cdd3ba69-c04a-402a-a061-05e0f816a161,https://video.babybillion.in/hls/Swing/Swing.m3u8,/Swing/Swing.m3u8,sheru
b273116e-a326-4fc7-a3e6-4df64e1237e1,Kids_Learn_To_Take_medicine,BabyBillion_Education,"[{""S"":""3-6""}]",06f625da-1202-4c8a-8b16-e624b97476d1,https://video.babybillion.in/hls/Kids_Learn_To_Take_medicine/Kids_Learn_To_Take_medicine.m3u8,/Kids_Learn_To_Take_medicine/Kids_Learn_To_Take_medicine.m3u8,t
00c363d4-f075-4de2-81d5-65eb8516b142,Sleep,BabyBillion_Education,"[{""S"":""0-3""}]",4e8e2dbf-bad4-4a56-8365-251a1cfc4a10,https://video.babybillion.in/hls/Sleep/Sleep.m3u8,/Sleep/Sleep.m3u8,Tara
034b2e57-60d7-4507-b35d-a1d184db1566,Number_13,BabyBillion_Education,"[{""S"":""3-6""}]",96c17b79-8401-4494-9e78-28c683d600c0,https://video.babybillion.in/hls/Number_13/Number_13.m3u8,/Number_13/Number_13.m3u8,Tara
04a9f037-d07c-408d-b4c1-d0d3bf1ca487,Soup,BabyBillion_Education,"[{""S"":""0-3""}]",5bc39ba0-a18b-42a9-9176-736112991697,https://video.babybillion.in/hls/Soup/Soup.m3u8,/Soup/Soup.m3u8,Tara
04ead8ce-4f9d-4945-ba5b-d01c3b6d768e,Subtracting_2-digit_-_2_digit_Video_3,BabyBillion_Education,"[{""S"":""6+""}]",9a5470ca-9377-4780-8e16-07dafe876377,https://video.babybillion.in/hls/Subtracting_2-digit_-_2_digit_Video_3/Subtracting_2-digit_-_2_digit_Video_3.m3u8,/Subtracting_2-digit_-_2_digit_Video_3/Subtracting_2-digit_-_2_digit_Video_3.m3u8,Tara
063baeb5-1126-41cb-9825-2f95d18a9b3b,Addition_within_20_-_video4,BabyBillion_Education,"[{""S"":""6+""}]",f86787db-e9ed-4093-9aa4-a1df05f1c772,https://video.babybillion.in/hls/Addition_within_20_-_video4/Addition_within_20_-_video4.m3u8,/Addition_within_20_-_video4/Addition_within_20_-_video4.m3u8,Tara
06e05766-fb32-4e0b-801c-530ebffee17a,Giraffe,BabyBillion_Education,"[{""S"":""3-6""}]",79156051-e033-423a-b7de-a68fe1342a75,https://video.babybillion.in/hls/Giraffe/Giraffe.m3u8,/Giraffe/Giraffe.m3u8,Tara
07547165-f587-41b9-bfce-3c6f2d3c23df,Common_Foods-_Vegetables,BabyBillion_Education,"[{""S"":""3-6""}]",2754f754-bfaf-4810-9852-60d5960a7a74,https://video.babybillion.in/hls/Common_Foods-_Vegetables/Common_Foods-_Vegetables.m3u8,/Common_Foods-_Vegetables/Common_Foods-_Vegetables.m3u8,Tara
078dfac1-a8e9-48b9-8e95-55a1941b371a,India_is_our_country,BabyBillion_Education,"[{""S"":""3-6""}]",2754f754-bfaf-4810-9852-60d5960a7a74,https://video.babybillion.in/hls/India_is_our_country/India_is_our_country.m3u8,/India_is_our_country/India_is_our_country.m3u8,Tara
08a7b247-8f87-4457-8d4c-07c8ff02c8d5,024_gha_se_ghadi,BabyBillion_Education,"[{""S"":""0-3""}]",de5577e3-4806-4284-9cab-9e7ecf907095,https://video.babybillion.in/hls/024_gha_se_ghadi/024_gha_se_ghadi.m3u8,/024_gha_se_ghadi/024_gha_se_ghadi.m3u8,Tara
08b032f3-3db7-4d66-8664-dc0912d66fc4,105_6_Food_and_Nutrition_for_Growth,BabyBillion_Education,"[{""S"":""6+""}]",6d841cca-a54f-451a-90fc-aeffa145e274,https://video.babybillion.in/hls/105_6_Food_and_Nutrition_for_Growth/105_6_Food_and_Nutrition_for_Growth.m3u8,/105_6_Food_and_Nutrition_for_Growth/105_6_Food_and_Nutrition_for_Growth.m3u8,Tara
08e4a457-471b-414f-b0c1-f462e2c94629,Beach,BabyBillion_Education,"[{""S"":""0-3""}]",eb5f90b5-3650-49b9-95b6-d4e3a89c0662,https://video.babybillion.in/hls/Beach/Beach.m3u8,/Beach/Beach.m3u8,Tara
09cd9d9f-da21-4413-a88f-e51de796dde2,Cloud_cover,BabyBillion_Education,"[{""S"":""3-6""}]",b7ef253a-6fb1-4247-ad59-99c4c945c8ec,https://video.babybillion.in/hls/Cloud_cover/Cloud_cover.m3u8,/Cloud_cover/Cloud_cover.m3u8,Tara
0a090766-3836-4975-886d-c4de038133f8,Papa,BabyBillion_Education,"[{""S"":""0-3""}]",de5577e3-4806-4284-9cab-9e7ecf907095,https://video.babybillion.in/hls/Papa/Papa.m3u8,/Papa/Papa.m3u8,Tara
0a2ccbc6-6fa8-47aa-aa1d-d188c9dc57df,Number_11,BabyBillion_Education,"[{""S"":""3-6""}]",96c17b79-8401-4494-9e78-28c683d600c0,https://video.babybillion.in/hls/Number_11/Number_11.m3u8,/Number_11/Number_11.m3u8,Tara
0b988f06-00fb-46c8-8b33-216493fb4d72,028_varnmala_vyanjan_va_se_vanar,BabyBillion_Education,"[{""S"":""3-6""}]",fec06a4b-b277-4fe2-8fff-bb40451bf2d9,https://video.babybillion.in/hls/028_varnmala_vyanjan_va_se_vanar/028_varnmala_vyanjan_va_se_vanar.m3u8,/028_varnmala_vyanjan_va_se_vanar/028_varnmala_vyanjan_va_se_vanar.m3u8,Tara
0d352b47-0f07-47b9-a80d-b690f428153d,Monkey,BabyBillion_Education,"[{""S"":""0-3""}]",79156051-e033-423a-b7de-a68fe1342a75,https://video.babybillion.in/hls/Monkey/Monkey.m3u8,/Monkey/Monkey.m3u8,tara
0ee9bb9d-1d1a-45ab-b243-c70f7ce2660a,111_3-6_Flamingo,BabyBillion_Education,"[{""S"":""3-6""}]",efdd9da9-9b29-45aa-8bc4-3ddbee54940d,https://video.babybillion.in/hls/111_3-6_Flamingo/111_3-6_Flamingo.m3u8,/111_3-6_Flamingo/111_3-6_Flamingo.m3u8,tara
1009c0a1-a1fb-439f-98d5-3e8c48ca1db8,Sense-_Nose_Smell,BabyBillion_Education,"[{""S"":""3-6""}]",6d841cca-a54f-451a-90fc-aeffa145e274,https://video.babybillion.in/hls/Sense-_Nose_Smell/Sense-_Nose_Smell.m3u8,/Sense-_Nose_Smell/Sense-_Nose_Smell.m3u8,tara
13ecc222-2316-4b74-9218-50f650547296,109_3-6_Eagle,BabyBillion_Education,"[{""S"":""3-6""}]",efdd9da9-9b29-45aa-8bc4-3ddbee54940d,https://video.babybillion.in/hls/109_3-6_Eagle/109_3-6_Eagle.m3u8,/109_3-6_Eagle/109_3-6_Eagle.m3u8,tara
15755458-9bbf-4f32-bbff-e1c754c1ae18,Nails_Naakhun,BabyBillion_Education,"[{""S"":""0-3""}]",6d841cca-a54f-451a-90fc-aeffa145e274,https://video.babybillion.in/hls/Nails_Naakhun/Nails_Naakhun.m3u8,/Nails_Naakhun/Nails_Naakhun.m3u8,tara
16128da6-a28b-4b05-8f8a-344e68ce8df9,Cheerful,BabyBillion_Education,"[{""S"":""0-3""}]",90ff5296-5b99-4ddf-8bdf-ac55f6f7b6c2,https://video.babybillion.in/hls/Cheerful/Cheerful.m3u8,/Cheerful/Cheerful.m3u8,tara
1a23b45d-2ea4-4cf3-a190-7f9e28cc406d,Toothbrush,BabyBillion_Education,"[{""S"":""0-3""}]",aa154d92-77f0-4dd7-9c3f-d7e57bd9baf5,https://video.babybillion.in/hls/Toothbrush/Toothbrush.m3u8,/Toothbrush/Toothbrush.m3u8,tara
1d37d6fc-affd-43a5-805c-bb6ab225aaa9,Ant_Line_Marching,BabyBillion_Education,"[{""S"":""0-3""}]",40d567cd-95aa-469e-b7a8-da623f2579d8,https://video.babybillion.in/hls/Ant_Line_Marching/Ant_Line_Marching.m3u8,/Ant_Line_Marching/Ant_Line_Marching.m3u8,tara
1d698ed3-42aa-46f9-8869-ab8b00becc5e,Subtracting_2-digit_-_2-digit_no_borrow_Vid_2,BabyBillion_Education,"[{""S"":""6+""}]",9a5470ca-9377-4780-8e16-07dafe876377,https://video.babybillion.in/hls/Subtracting_2-digit_-_2-digit_no_borrow_Vid_2/Subtracting_2-digit_-_2-digit_no_borrow_Vid_2.m3u8,/Subtracting_2-digit_-_2-digit_no_borrow_Vid_2/Subtracting_2-digit_-_2-digit_no_borrow_Vid_2.m3u8,tara
1ec5c59a-3b53-4212-a5d8-655af3e453b1,Monsoon_Rainy,BabyBillion_Education,"[{""S"":""3-6""}]",ed57a6ae-2009-4c19-9800-8826437fde62,https://video.babybillion.in/hls/Monsoon_Rainy/Monsoon_Rainy.m3u8,/Monsoon_Rainy/Monsoon_Rainy.m3u8,tara
1ee2d0fc-48e2-42fd-81c9-19b9f5cca3e6,Adding_2-digit_1-digit_no_carry_Vid_2,BabyBillion_Education,"[{""S"":""6+""}]",f86787db-e9ed-4093-9aa4-a1df05f1c772,https://video.babybillion.in/hls/Adding_2-digit_1-digit_no_carry_Vid_2/Adding_2-digit_1-digit_no_carry_Vid_2.m3u8,/Adding_2-digit_1-digit_no_carry_Vid_2/Adding_2-digit_1-digit_no_carry_Vid_2.m3u8,tara
23605266-7ed0-44ac-969d-2568328aaa7e,015_simple_sentences_i_can_sing,BabyBillion_Education,"[{""S"":""3-6""}]",4c06fdb7-0fe2-4c21-aab0-f80f2fa1f650,https://video.babybillion.in/hls/015_simple_sentences_i_can_sing/015_simple_sentences_i_can_sing.m3u8,/015_simple_sentences_i_can_sing/015_simple_sentences_i_can_sing.m3u8,tara
2412caef-0382-47fa-b4ac-abb4c2dc0298,Up_Down,BabyBillion_Education,"[{""S"":""0-3""}]",03776bdf-d177-47e6-abe5-d3215a0df920,https://video.babybillion.in/hls/Up_Down/Up_Down.m3u8,/Up_Down/Up_Down.m3u8,tara
242381e1-4cf6-40ca-a4bb-ac7f3c7da208,Multiplication_on_number_line_-_2,BabyBillion_Education,"[{""S"":""6+""}]",830fb885-9ece-438e-a380-dabd811f06b2,https://video.babybillion.in/hls/Multiplication_on_number_line_-_2/Multiplication_on_number_line_-_2.m3u8,/Multiplication_on_number_line_-_2/Multiplication_on_number_line_-_2.m3u8,tara
247f687e-3345-4fa8-b710-48fd35388676,Letter_E_Elephant_Egg,BabyBillion_Education,"[{""S"":""3-6""}]",1bf17868-9fb8-419a-b7d7-e9ba3b51a364,https://video.babybillion.in/hls/Letter_E_Elephant_Egg/Letter_E_Elephant_Egg.m3u8,/Letter_E_Elephant_Egg/Letter_E_Elephant_Egg.m3u8,tara
257907e6-c6b8-4edc-80b2-9002a0e02e38,004_sight_words_me,BabyBillion_Education,"[{""S"":""3-6""}]",181961d7-b484-40c7-b24c-9b3f335cc424,https://video.babybillion.in/hls/004_sight_words_me/004_sight_words_me.m3u8,/004_sight_words_me/004_sight_words_me.m3u8,tara
25a8335d-3b42-4b91-85ba-9431efe81966,Grandmother,BabyBillion_Education,"[{""S"":""3-6""}]",24429faf-f706-4456-a1a0-d8b55cc55f9d,https://video.babybillion.in/hls/Grandmother/Grandmother.m3u8,/Grandmother/Grandmother.m3u8,tara
260aa137-431c-4d31-b711-b485b4ab6dab,006_english_speaking_see_you_later,BabyBillion_Education,"[{""S"":""3-6""}]",0eba9676-9d93-484f-8938-41e3ab588a7f,https://video.babybillion.in/hls/006_english_speaking_see_you_later/006_english_speaking_see_you_later.m3u8,/006_english_speaking_see_you_later/006_english_speaking_see_you_later.m3u8,tara
261273dc-7b84-4142-bd98-248a08ee1aeb,Vehicles_emergency_vehicles,BabyBillion_Education,"[{""S"":""3-6""}]",bf9d1fdb-31f8-48e3-9114-9e4e4967617c,https://video.babybillion.in/hls/Vehicles_emergency_vehicles/Vehicles_emergency_vehicles.m3u8,/Vehicles_emergency_vehicles/Vehicles_emergency_vehicles.m3u8,tara
26634634-e75d-4747-8f6e-95933eb197d7,Vitamins,BabyBillion_Education,"[{""S"":""6+""}]",5bc39ba0-a18b-42a9-9176-736112991697,https://video.babybillion.in/hls/Vitamins/Vitamins.m3u8,/Vitamins/Vitamins.m3u8,tara
26679dba-be85-41d7-b449-38697b541a26,What_Makes_a_Good_Team_Captain,BabyBillion_Education,"[{""S"":""6+""}]",cf83518a-7e38-483a-9b3e-a943beb08196,https://video.babybillion.in/hls/What_Makes_a_Good_Team_Captain/What_Makes_a_Good_Team_Captain.m3u8,/What_Makes_a_Good_Team_Captain/What_Makes_a_Good_Team_Captain.m3u8,tara
28d4207d-1290-4223-9ce0-5dc5a7d6c0d2,Cheeks_Chin,BabyBillion_Education,"[{""S"":""3-6""}]",6d841cca-a54f-451a-90fc-aeffa145e274,https://video.babybillion.in/hls/Cheeks_Chin/Cheeks_Chin.m3u8,/Cheeks_Chin/Cheeks_Chin.m3u8,tara
29f60817-902d-48aa-9060-9cc316bfacee,019_o_se_okhli,BabyBillion_Education,"[{""S"":""0-3""}]",de5577e3-4806-4284-9cab-9e7ecf907095,https://video.babybillion.in/hls/019_o_se_okhli/019_o_se_okhli.m3u8,/019_o_se_okhli/019_o_se_okhli.m3u8,tara
2ba43227-2c79-45e2-8818-aacfd1f20eae,Push_Pull,BabyBillion_Education,"[{""S"":""3-6""}]",cdd3ba69-c04a-402a-a061-05e0f816a161,https://video.babybillion.in/hls/Push_Pull/Push_Pull.m3u8,/Push_Pull/Push_Pull.m3u8,tara
2cfe67e2-bd10-42ff-afda-0fffcd7ad323,033_simple_sentences_i_see_a_rainbow,BabyBillion_Education,"[{""S"":""3-6""}]",4c06fdb7-0fe2-4c21-aab0-f80f2fa1f650,https://video.babybillion.in/hls/033_simple_sentences_i_see_a_rainbow/033_simple_sentences_i_see_a_rainbow.m3u8,/033_simple_sentences_i_see_a_rainbow/033_simple_sentences_i_see_a_rainbow.m3u8,tara
2de89107-a77f-49a6-80a8-334aebcf469f,National_Animal_Bengal_Tiger,BabyBillion_Education,"[{""S"":""3-6""}]",2754f754-bfaf-4810-9852-60d5960a7a74,https://video.babybillion.in/hls/National_Animal_Bengal_Tiger/National_Animal_Bengal_Tiger.m3u8,/National_Animal_Bengal_Tiger/National_Animal_Bengal_Tiger.m3u8,tara
2deedf94-9f11-4d2e-8b1d-25a3711c0c7e,Sunset,BabyBillion_Education,"[{""S"":""0-3""}]",eb5f90b5-3650-49b9-95b6-d4e3a89c0662,https://video.babybillion.in/hls/Sunset/Sunset.m3u8,/Sunset/Sunset.m3u8,tara
2dff24bf-6fc7-4ab0-817f-54bc3023b53e,040_colors_purple_jamun,BabyBillion_Education,"[{""S"":""3-6""}]",c23beb7b-23de-440c-9fb1-2990013f11a6,https://video.babybillion.in/hls/040_colors_purple_jamun/040_colors_purple_jamun.m3u8,/040_colors_purple_jamun/040_colors_purple_jamun.m3u8,tara
2f666b96-5c0f-45d0-a81a-0460526a21c5,Gas_stove,BabyBillion_Education,"[{""S"":""0-3""}]",aa154d92-77f0-4dd7-9c3f-d7e57bd9baf5,https://video.babybillion.in/hls/Gas_stove/Gas_stove.m3u8,/Gas_stove/Gas_stove.m3u8,tara
347184ab-0bc4-4d6b-9468-9a3475d07dd1,Push_Pull,BabyBillion_Education,"[{""S"":""3-6""}]",6d841cca-a54f-451a-90fc-aeffa145e274,https://video.babybillion.in/hls/Push_Pull/Push_Pull.m3u8,/Push_Pull/Push_Pull.m3u8,tara
34d95b28-a435-4997-acd8-1d7c7d7661e9,042_phonics_digraph_th_as_in_thumb,BabyBillion_Education,"[{""S"":""3-6""}]",b79bd45b-2c9c-4b7d-91a0-07c93a4dbea1,https://video.babybillion.in/hls/042_phonics_digraph_th_as_in_thumb/042_phonics_digraph_th_as_in_thumb.m3u8,/042_phonics_digraph_th_as_in_thumb/042_phonics_digraph_th_as_in_thumb.m3u8,tara
351cc0f8-ca62-49a8-946f-5d5c1f07e59c,Wave,BabyBillion_Education,"[{""S"":""3-6""}]",cdd3ba69-c04a-402a-a061-05e0f816a161,https://video.babybillion.in/hls/Wave/Wave.m3u8,/Wave/Wave.m3u8,tara
35793c14-22b7-4c5b-8a0b-52e222cbfd27,Makki_Roti_Sarson_Saag,BabyBillion_Education,"[{""S"":""3-6""}]",5bc39ba0-a18b-42a9-9176-736112991697,https://video.babybillion.in/hls/Makki_Roti_Sarson_Saag/Makki_Roti_Sarson_Saag.m3u8,/Makki_Roti_Sarson_Saag/Makki_Roti_Sarson_Saag.m3u8,tara
372d580d-4c6f-484a-9c78-70a91857f548,106_6_Growth_and_Changes_in_the_Body,BabyBillion_Education,"[{""S"":""6+""}]",6d841cca-a54f-451a-90fc-aeffa145e274,https://video.babybillion.in/hls/106_6_Growth_and_Changes_in_the_Body/106_6_Growth_and_Changes_in_the_Body.m3u8,/106_6_Growth_and_Changes_in_the_Body/106_6_Growth_and_Changes_in_the_Body.m3u8,tara
37d8c5a0-2c90-4380-8184-1d233b2c5993,Being_kind_to_others,BabyBillion_Education,"[{""S"":""3-6""}]",06f625da-1202-4c8a-8b16-e624b97476d1,https://video.babybillion.in/hls/Being_kind_to_others/Being_kind_to_others.m3u8,/Being_kind_to_others/Being_kind_to_others.m3u8,tara
37f86f4f-ac0f-4ea5-bbba-8ed7f3cb3150,Thick_-_Thin,BabyBillion_Education,"[{""S"":""6+""}]",03776bdf-d177-47e6-abe5-d3215a0df920,https://video.babybillion.in/hls/Thick_-_Thin/Thick_-_Thin.m3u8,/Thick_-_Thin/Thick_-_Thin.m3u8,tara
38315f2c-b969-4b7e-bd16-8ecc5d1c4df7,Elephant,BabyBillion_Education,"[{""S"":""0-3""}]",79156051-e033-423a-b7de-a68fe1342a75,https://video.babybillion.in/hls/Elephant/Elephant.m3u8,/Elephant/Elephant.m3u8,tara
3a6edda6-433f-4d23-ba38-a1bca93c78c4,001_1_ek,BabyBillion_Education,"[{""S"":""0-3""}]",080cfa0b-e72e-4774-b8eb-a2359ce9ff2e,https://video.babybillion.in/hls/001_1_ek/001_1_ek.m3u8,/001_1_ek/001_1_ek.m3u8,tara
3a867b8f-7ca8-4ec1-b0aa-ae0433a21163,024_good_habits_switching_off_lights_when_not_needed,BabyBillion_Education,"[{""S"":""3-6""}]",06f625da-1202-4c8a-8b16-e624b97476d1,https://video.babybillion.in/hls/024_good_habits_switching_off_lights_when_not_needed/024_good_habits_switching_off_lights_when_not_needed.m3u8,/024_good_habits_switching_off_lights_when_not_needed/024_good_habits_switching_off_lights_when_not_needed.m3u8,tara
3c60c7ba-1e55-4c79-8042-05ebefdf1495,Listening_to_parents,BabyBillion_Education,"[{""S"":""3-6""}]",06f625da-1202-4c8a-8b16-e624b97476d1,https://video.babybillion.in/hls/Listening_to_parents/Listening_to_parents.m3u8,/Listening_to_parents/Listening_to_parents.m3u8,tara
3d2c6913-df56-42d9-a6c0-2ed25ce5a121,letter_A_phonic_sound,BabyBillion_Education,"[{""S"":""3-6""}]",b79bd45b-2c9c-4b7d-91a0-07c93a4dbea1,https://video.babybillion.in/hls/letter_A_phonic_sound/letter_A_phonic_sound.m3u8,/letter_A_phonic_sound/letter_A_phonic_sound.m3u8,tara
40b64dda-28b6-4fbc-b51e-34bad7f3b2c2,039_english_speaking_i_am_scared,BabyBillion_Education,"[{""S"":""3-6""}]",0eba9676-9d93-484f-8938-41e3ab588a7f,https://video.babybillion.in/hls/039_english_speaking_i_am_scared/039_english_speaking_i_am_scared.m3u8,/039_english_speaking_i_am_scared/039_english_speaking_i_am_scared.m3u8,tara
43f60ddd-245f-4c08-9007-10357d625789,Sight_words_where,BabyBillion_Education,"[{""S"":""3-6""}]",181961d7-b484-40c7-b24c-9b3f335cc424,https://video.babybillion.in/hls/Sight_words_where/Sight_words_where.m3u8,/Sight_words_where/Sight_words_where.m3u8,tara
443ad99c-0c60-452e-8a63-907a79777fb0,053_community_helpers_postmans_bag_and_letters,BabyBillion_Education,"[{""S"":""6+""}]",3dc35861-75e5-4d11-a33d-d263d159f041,https://video.babybillion.in/hls/053_community_helpers_postmans_bag_and_letters/053_community_helpers_postmans_bag_and_letters.m3u8,/053_community_helpers_postmans_bag_and_letters/053_community_helpers_postmans_bag_and_letters.m3u8,tara
453398b0-ee2b-4be8-96f0-ce341b545424,068_simple_sentences_i_need_my_bottle,BabyBillion_Education,"[{""S"":""3-6""}]",4c06fdb7-0fe2-4c21-aab0-f80f2fa1f650,https://video.babybillion.in/hls/068_simple_sentences_i_need_my_bottle/068_simple_sentences_i_need_my_bottle.m3u8,/068_simple_sentences_i_need_my_bottle/068_simple_sentences_i_need_my_bottle.m3u8,tara
49a41d66-3cf4-43b5-b1a8-3cbc028b5858,Run,BabyBillion_Education,"[{""S"":""0-3""}]",6d841cca-a54f-451a-90fc-aeffa145e274,https://video.babybillion.in/hls/Run/Run.m3u8,/Run/Run.m3u8,tara
4a3af939-6ad4-4c4d-981b-483301f5eb8e,Papa,BabyBillion_Education,"[{""S"":""0-3""}]",4e8e2dbf-bad4-4a56-8365-251a1cfc4a10,https://video.babybillion.in/hls/Papa/Papa.m3u8,/Papa/Papa.m3u8,tara
4aadeae4-5ca0-4902-8034-cf563f821634,058_simple_sentences_i_want_water,BabyBillion_Education,"[{""S"":""3-6""}]",4c06fdb7-0fe2-4c21-aab0-f80f2fa1f650,https://video.babybillion.in/hls/058_simple_sentences_i_want_water/058_simple_sentences_i_want_water.m3u8,/058_simple_sentences_i_want_water/058_simple_sentences_i_want_water.m3u8,tara
4ad15cf8-23f0-441a-b00a-0bc2f856cd30,Orange,BabyBillion_Education,"[{""S"":""0-3""}]",2c830c25-38e8-4d38-a3c3-cc9a3ff96b5f,https://video.babybillion.in/hls/Orange/Orange.m3u8,/Orange/Orange.m3u8,tara
4af6f11c-f188-43f1-a57a-1c25f7f3a77d,Square,BabyBillion_Education,"[{""S"":""3-6""}]",da4d2220-056e-483b-9fc0-8451577d4cc9,https://video.babybillion.in/hls/Square/Square.m3u8,/Square/Square.m3u8,tara
4b82fcc0-dc2a-4d69-a6aa-632e6a2d3da8,Saying_NO_to_plastic_bags,BabyBillion_Education,"[{""S"":""3-6""}]",06f625da-1202-4c8a-8b16-e624b97476d1,https://video.babybillion.in/hls/Saying_NO_to_plastic_bags/Saying_NO_to_plastic_bags.m3u8,/Saying_NO_to_plastic_bags/Saying_NO_to_plastic_bags.m3u8,tara
4ba7f102-f8d6-42bd-831d-290cbb79fcac,058_simple_sentences_i_want_water,BabyBillion_Education,"[{""S"":""3-6""}]",0eba9676-9d93-484f-8938-41e3ab588a7f,https://video.babybillion.in/hls/058_simple_sentences_i_want_water/058_simple_sentences_i_want_water.m3u8,/058_simple_sentences_i_want_water/058_simple_sentences_i_want_water.m3u8,tara
4c7e963b-3aed-4187-ba3e-c95cd9a64931,060_sight_words_wake,BabyBillion_Education,"[{""S"":""3-6""}]",181961d7-b484-40c7-b24c-9b3f335cc424,https://video.babybillion.in/hls/060_sight_words_wake/060_sight_words_wake.m3u8,/060_sight_words_wake/060_sight_words_wake.m3u8,tara
4cbacbcf-e74c-47ca-b259-df572473da97,018_community_helpers_auto_driver,BabyBillion_Education,"[{""S"":""3-6""}]",3dc35861-75e5-4d11-a33d-d263d159f041,https://video.babybillion.in/hls/018_community_helpers_auto_driver/018_community_helpers_auto_driver.m3u8,/018_community_helpers_auto_driver/018_community_helpers_auto_driver.m3u8,tara
4de16e1e-b311-477f-a01a-5279f3950205,028_abc_capital_l_and_small_l,BabyBillion_Education,"[{""S"":""3-6""}]",1bf17868-9fb8-419a-b7d7-e9ba3b51a364,https://video.babybillion.in/hls/028_abc_capital_l_and_small_l/028_abc_capital_l_and_small_l.m3u8,/028_abc_capital_l_and_small_l/028_abc_capital_l_and_small_l.m3u8,tara
4fbbe8b8-2a90-49e9-b304-936be56cc91e,Equal_To_Symbol,BabyBillion_Education,"[{""S"":""3-6""}]",9964bf6a-c340-4e3a-b7e6-9f3d435449d3,https://video.babybillion.in/hls/Equal_To_Symbol/Equal_To_Symbol.m3u8,/Equal_To_Symbol/Equal_To_Symbol.m3u8,tara
525b9110-a8fe-4361-8331-8de255f5e1c3,Sense-_Nose_Smell,BabyBillion_Education,"[{""S"":""3-6""}]",b7ef253a-6fb1-4247-ad59-99c4c945c8ec,https://video.babybillion.in/hls/Sense-_Nose_Smell/Sense-_Nose_Smell.m3u8,/Sense-_Nose_Smell/Sense-_Nose_Smell.m3u8,tara
530214da-97c2-40f9-b0e5-948b3658b666,abc_capital_S_and_small_s,BabyBillion_Education,"[{""S"":""3-6""}]",1bf17868-9fb8-419a-b7d7-e9ba3b51a364,https://video.babybillion.in/hls/abc_capital_S_and_small_s/abc_capital_S_and_small_s.m3u8,/abc_capital_S_and_small_s/abc_capital_S_and_small_s.m3u8,tara
55e93e03-27d6-4dc2-8513-bc8f1e96120b,Owl,BabyBillion_Education,"[{""S"":""0-3""}]",efdd9da9-9b29-45aa-8bc4-3ddbee54940d,https://video.babybillion.in/hls/Owl/Owl.m3u8,/Owl/Owl.m3u8,tara
5615b959-cd42-4773-be2f-22315ee4faf5,I,BabyBillion_Education,"[{""S"":""3-6""}]",fec06a4b-b277-4fe2-8fff-bb40451bf2d9,https://video.babybillion.in/hls/I/I.m3u8,/I/I.m3u8,tara
5618ac7b-92ed-4604-a70a-c5742027c76a,Bat_Rat,BabyBillion_Education,"[{""S"":""3-6""}]",bac6ace6-06bc-4f67-85bb-5f0b144d5a15,https://video.babybillion.in/hls/Bat_Rat/Bat_Rat.m3u8,/Bat_Rat/Bat_Rat.m3u8,tara
5a7cf7f5-cc6a-4f53-8af4-b097f5ba8f11,Cheerful,BabyBillion_Education,"[{""S"":""3-6""}]",90ff5296-5b99-4ddf-8bdf-ac55f6f7b6c2,https://video.babybillion.in/hls/Cheerful/Cheerful.m3u8,/Cheerful/Cheerful.m3u8,tara
5c0f5770-47f9-4369-9410-2d5a90a93dbc,008_cvc_words_ran,BabyBillion_Education,"[{""S"":""3-6""}]",bac6ace6-06bc-4f67-85bb-5f0b144d5a15,https://video.babybillion.in/hls/008_cvc_words_ran/008_cvc_words_ran.m3u8,/008_cvc_words_ran/008_cvc_words_ran.m3u8,tara
5c668854-507d-464e-b80c-5e6ad30b8356,I,BabyBillion_Education,"[{""S"":""3-6""}]",181961d7-b484-40c7-b24c-9b3f335cc424,https://video.babybillion.in/hls/I/I.m3u8,/I/I.m3u8,tara
5ece7346-d305-416c-9bc2-c24d95eb09d2,Kingfisher,BabyBillion_Education,"[{""S"":""0-3""}]",efdd9da9-9b29-45aa-8bc4-3ddbee54940d,https://video.babybillion.in/hls/Kingfisher/Kingfisher.m3u8,/Kingfisher/Kingfisher.m3u8,tara
5ef5226c-4f24-4bf0-b4f2-8db303c2de4a,Haan,BabyBillion_Education,"[{""S"":""0-3""}]",de5577e3-4806-4284-9cab-9e7ecf907095,https://video.babybillion.in/hls/Haan/Haan.m3u8,/Haan/Haan.m3u8,tara
60cd29ea-77ab-416f-a744-f0479221c3ab,Run,BabyBillion_Education,"[{""S"":""0-3""}]",cdd3ba69-c04a-402a-a061-05e0f816a161,https://video.babybillion.in/hls/Run/Run.m3u8,/Run/Run.m3u8,tara
60d0451e-a674-4f97-a57a-d343a396f232,National_Anthem_Jana_Gana_Mana,BabyBillion_Education,"[{""S"":""3-6""}]",2754f754-bfaf-4810-9852-60d5960a7a74,https://video.babybillion.in/hls/National_Anthem_Jana_Gana_Mana/National_Anthem_Jana_Gana_Mana.m3u8,/National_Anthem_Jana_Gana_Mana/National_Anthem_Jana_Gana_Mana.m3u8,tara
60ece979-9d85-45c5-80f4-e96437a616c7,Fractions_12_Video_3,BabyBillion_Education,"[{""S"":""6+""}]",a96dafb1-5d53-4882-9355-9bd920a4aa91,https://video.babybillion.in/hls/Fractions_12_Video_3/Fractions_12_Video_3.m3u8,/Fractions_12_Video_3/Fractions_12_Video_3.m3u8,tara
61cb1d5b-e083-4afa-a1f3-aa893866cf75,Notes_100_200_500_rupees,BabyBillion_Education,"[{""S"":""6+""}]",196088dd-3c9e-4930-8bfb-55110c194c2a,https://video.babybillion.in/hls/Notes_100_200_500_rupees/Notes_100_200_500_rupees.m3u8,/Notes_100_200_500_rupees/Notes_100_200_500_rupees.m3u8,tara
63221c34-0446-46d4-9467-9ddd8f76944d,025_vehicles_yacht,BabyBillion_Education,"[{""S"":""3-6""}]",bf9d1fdb-31f8-48e3-9114-9e4e4967617c,https://video.babybillion.in/hls/025_vehicles_yacht/025_vehicles_yacht.m3u8,/025_vehicles_yacht/025_vehicles_yacht.m3u8,tara
646afc62-ab89-455f-a4d2-9074c05ca209,049_simple_sentences_i_am_drinking_water,BabyBillion_Education,"[{""S"":""3-6""}]",4c06fdb7-0fe2-4c21-aab0-f80f2fa1f650,https://video.babybillion.in/hls/049_simple_sentences_i_am_drinking_water/049_simple_sentences_i_am_drinking_water.m3u8,/049_simple_sentences_i_am_drinking_water/049_simple_sentences_i_am_drinking_water.m3u8,Tara
64cbf8d8-982e-4237-85ec-caf1fd0d90da,Pyramid_Triangular,BabyBillion_Education,"[{""S"":""6+""}]",3579ea01-b32b-40f9-aac1-be5997a17606,https://video.babybillion.in/hls/Pyramid_Triangular/Pyramid_Triangular.m3u8,/Pyramid_Triangular/Pyramid_Triangular.m3u8,tara
6612127c-5e1d-44ce-b646-24afa0bacd57,022_english_speaking_this_is_my_nani,BabyBillion_Education,"[{""S"":""3-6""}]",0eba9676-9d93-484f-8938-41e3ab588a7f,https://video.babybillion.in/hls/022_english_speaking_this_is_my_nani/022_english_speaking_this_is_my_nani.m3u8,/022_english_speaking_this_is_my_nani/022_english_speaking_this_is_my_nani.m3u8,tara
66df1ea5-4ed2-4384-a985-dff6427c2ec2,Lock_Key,BabyBillion_Education,"[{""S"":""3-6""}]",aa154d92-77f0-4dd7-9c3f-d7e57bd9baf5,https://video.babybillion.in/hls/Lock_Key/Lock_Key.m3u8,/Lock_Key/Lock_Key.m3u8,tara
68c40031-e807-45d4-bf33-be6b35fc4539,Sea_Lion,BabyBillion_Education,"[{""S"":""0-3""}]",bd7c6e2d-c979-43ea-89eb-899d9aeb8b94,https://video.babybillion.in/hls/Sea_Lion/Sea_Lion.m3u8,/Sea_Lion/Sea_Lion.m3u8,tara
69c3c287-cf7e-45df-b010-f1ff148da365,Fridge_Bottle,BabyBillion_Education,"[{""S"":""3-6""}]",aa154d92-77f0-4dd7-9c3f-d7e57bd9baf5,https://video.babybillion.in/hls/Fridge_Bottle/Fridge_Bottle.m3u8,/Fridge_Bottle/Fridge_Bottle.m3u8,tara
6a46801d-b329-46fd-a41a-e0491f066361,Orange_Fruits-_Orange_Papaya,BabyBillion_Education,"[{""S"":""3-6""}]",2c830c25-38e8-4d38-a3c3-cc9a3ff96b5f,https://video.babybillion.in/hls/Orange_Fruits-_Orange_Papaya/Orange_Fruits-_Orange_Papaya.m3u8,/Orange_Fruits-_Orange_Papaya/Orange_Fruits-_Orange_Papaya.m3u8,tara
6c96f80d-8683-44ae-ad5e-c92324b582a6,Childrens_Day,BabyBillion_Education,"[{""S"":""0-3""}]",655a5081-8ce4-4cfc-b36d-d5d0d1a06c1e,https://video.babybillion.in/hls/Childrens_Day/Childrens_Day.m3u8,/Childrens_Day/Childrens_Day.m3u8,tara
6da65bf2-f627-44a5-b4ef-cdf2e9e69907,Monkey,BabyBillion_Education,"[{""S"":""3-6""}]",79156051-e033-423a-b7de-a68fe1342a75,https://video.babybillion.in/hls/Monkey/Monkey.m3u8,/Monkey/Monkey.m3u8,tara
6e67cbab-89b4-496b-9d0b-118b81a233dc,Saying_Sorry,BabyBillion_Education,"[{""S"":""0-3""}]",06f625da-1202-4c8a-8b16-e624b97476d1,https://video.babybillion.in/hls/Saying_Sorry/Saying_Sorry.m3u8,/Saying_Sorry/Saying_Sorry.m3u8,tara
7076b8f0-1c60-4ff3-b302-534559d7825f,Comparing_2_Groups,BabyBillion_Education,"[{""S"":""3-6""}]",9964bf6a-c340-4e3a-b7e6-9f3d435449d3,https://video.babybillion.in/hls/Comparing_2_Groups/Comparing_2_Groups.m3u8,/Comparing_2_Groups/Comparing_2_Groups.m3u8,tara
70c9e981-baf9-4746-b4ad-8dbdb21e7341,Wave,BabyBillion_Education,"[{""S"":""3-6""}]",6d841cca-a54f-451a-90fc-aeffa145e274,https://video.babybillion.in/hls/Wave/Wave.m3u8,/Wave/Wave.m3u8,tara
716c8774-0c6d-4c57-a5c8-ca9ce80b09bb,068_cvc_words_rip,BabyBillion_Education,"[{""S"":""3-6""}]",bac6ace6-06bc-4f67-85bb-5f0b144d5a15,https://video.babybillion.in/hls/068_cvc_words_rip/068_cvc_words_rip.m3u8,/068_cvc_words_rip/068_cvc_words_rip.m3u8,tara
735762c5-8486-4f25-9360-6b1fe5be30fc,022_varnmala_vyanjan_ba_se_baal,BabyBillion_Education,"[{""S"":""3-6""}]",fec06a4b-b277-4fe2-8fff-bb40451bf2d9,https://video.babybillion.in/hls/022_varnmala_vyanjan_ba_se_baal/022_varnmala_vyanjan_ba_se_baal.m3u8,/022_varnmala_vyanjan_ba_se_baal/022_varnmala_vyanjan_ba_se_baal.m3u8,tara
7707451a-68b3-45bb-bcf2-5651a83e7ad0,031_sight_words_this,BabyBillion_Education,"[{""S"":""3-6""}]",181961d7-b484-40c7-b24c-9b3f335cc424,https://video.babybillion.in/hls/031_sight_words_this/031_sight_words_this.m3u8,/031_sight_words_this/031_sight_words_this.m3u8,tara
7742fa78-c364-4d93-af42-cbc81dd2bab0,Saying_Sorry,BabyBillion_Education,"[{""S"":""0-3""}]",06f625da-1202-4c8a-8b16-e624b97476d1,https://video.babybillion.in/hls/Saying_Sorry/Saying_Sorry.m3u8,/Saying_Sorry/Saying_Sorry.m3u8,tara
77bea550-98a7-45be-86ac-5346a79abd15,013_phonics_sound_of_v_v_as_in_van,BabyBillion_Education,"[{""S"":""3-6""}]",b79bd45b-2c9c-4b7d-91a0-07c93a4dbea1,https://video.babybillion.in/hls/013_phonics_sound_of_v_v_as_in_van/013_phonics_sound_of_v_v_as_in_van.m3u8,/013_phonics_sound_of_v_v_as_in_van/013_phonics_sound_of_v_v_as_in_van.m3u8,tara
7a243389-dece-477a-9b61-63a233068c10,003_varnmala_vyanjan_kha_se_khargosh,BabyBillion_Education,"[{""S"":""3-6""}]",fec06a4b-b277-4fe2-8fff-bb40451bf2d9,https://video.babybillion.in/hls/003_varnmala_vyanjan_kha_se_khargosh/003_varnmala_vyanjan_kha_se_khargosh.m3u8,/003_varnmala_vyanjan_kha_se_khargosh/003_varnmala_vyanjan_kha_se_khargosh.m3u8,tara
7a25f366-6f97-42cd-a01b-0e6027314199,Fractions_12_Video_4,BabyBillion_Education,"[{""S"":""6+""}]",a96dafb1-5d53-4882-9355-9bd920a4aa91,https://video.babybillion.in/hls/Fractions_12_Video_4/Fractions_12_Video_4.m3u8,/Fractions_12_Video_4/Fractions_12_Video_4.m3u8,tara
7b1dabab-140a-4098-a670-653ed60534a5,Sponchammach,BabyBillion_Education,"[{""S"":""0-3""}]",aa154d92-77f0-4dd7-9c3f-d7e57bd9baf5,https://video.babybillion.in/hls/Sponchammach/Sponchammach.m3u8,/Sponchammach/Sponchammach.m3u8,tara
7be486f9-b4d0-4e1a-8d14-22c9a3429660,Pineapple,BabyBillion_Education,"[{""S"":""0-3""}]",2c830c25-38e8-4d38-a3c3-cc9a3ff96b5f,https://video.babybillion.in/hls/Pineapple/Pineapple.m3u8,/Pineapple/Pineapple.m3u8,tara
7c4b85b7-50a3-4958-be63-e6b16f92e202,Asteroids,BabyBillion_Education,"[{""S"":""3-6""}]",b7ef253a-6fb1-4247-ad59-99c4c945c8ec,https://video.babybillion.in/hls/Asteroids/Asteroids.m3u8,/Asteroids/Asteroids.m3u8,tara
7dcd621c-953b-4c8b-8c75-122451c232c8,Sink_Tap,BabyBillion_Education,"[{""S"":""3-6""}]",aa154d92-77f0-4dd7-9c3f-d7e57bd9baf5,https://video.babybillion.in/hls/Sink_Tap/Sink_Tap.m3u8,/Sink_Tap/Sink_Tap.m3u8,tara
7dd865d7-5bd6-41ca-93e1-0e896d6248fc,Floating_and_sinking,BabyBillion_Education,"[{""S"":""3-6""}]",b7ef253a-6fb1-4247-ad59-99c4c945c8ec,https://video.babybillion.in/hls/Floating_and_sinking/Floating_and_sinking.m3u8,/Floating_and_sinking/Floating_and_sinking.m3u8,tara
7e6a8da1-1155-4545-913a-c33e1fd6624f,Plum,BabyBillion_Education,"[{""S"":""0-3""}]",2c830c25-38e8-4d38-a3c3-cc9a3ff96b5f,https://video.babybillion.in/hls/Plum/Plum.m3u8,/Plum/Plum.m3u8,tara
7e882372-314e-4000-9378-730bd33dbcf8,Caretaker,BabyBillion_Education,"[{""S"":""3-6""}]",24429faf-f706-4456-a1a0-d8b55cc55f9d,https://video.babybillion.in/hls/Caretaker/Caretaker.m3u8,/Caretaker/Caretaker.m3u8,tara
7ef6e742-0341-4692-b3c1-c862f7a6d45e,Combing_Hair,BabyBillion_Education,"[{""S"":""0-3""}]",06f625da-1202-4c8a-8b16-e624b97476d1,https://video.babybillion.in/hls/Combing_Hair/Combing_Hair.m3u8,/Combing_Hair/Combing_Hair.m3u8,tara
7f0f9dda-7d67-46bf-9277-3ee054f1f013,Glass,BabyBillion_Education,"[{""S"":""0-3""}]",aa154d92-77f0-4dd7-9c3f-d7e57bd9baf5,https://video.babybillion.in/hls/Glass/Glass.m3u8,/Glass/Glass.m3u8,tara
7f7e1230-a474-428f-b109-5639afa24236,Bullet_Train,BabyBillion_Education,"[{""S"":""0-3""}]",bf9d1fdb-31f8-48e3-9114-9e4e4967617c,https://video.babybillion.in/hls/Bullet_Train/Bullet_Train.m3u8,/Bullet_Train/Bullet_Train.m3u8,tara
8036b086-e52a-4a26-ae7d-c1a71e54313c,Cloudy,BabyBillion_Education,"[{""S"":""3-6""}]",ed57a6ae-2009-4c19-9800-8826437fde62,https://video.babybillion.in/hls/Cloudy/Cloudy.m3u8,/Cloudy/Cloudy.m3u8,tara
8109f527-375c-4ed3-84bb-cce582f50f48,Addition_within_20_1,BabyBillion_Education,"[{""S"":""6+""}]",f86787db-e9ed-4093-9aa4-a1df05f1c772,https://video.babybillion.in/hls/Addition_within_20_1/Addition_within_20_1.m3u8,/Addition_within_20_1/Addition_within_20_1.m3u8,tara
817c63ce-cee1-46a5-84f2-2ae400437ea3,Square,BabyBillion_Education,"[{""S"":""3-6""}]",da4d2220-056e-483b-9fc0-8451577d4cc9,https://video.babybillion.in/hls/Square/Square.m3u8,/Square/Square.m3u8,tara
81d48631-3593-455c-bd0f-ae81e593c2ff,Cupboard,BabyBillion_Education,"[{""S"":""0-3""}]",aa154d92-77f0-4dd7-9c3f-d7e57bd9baf5,https://video.babybillion.in/hls/Cupboard/Cupboard.m3u8,/Cupboard/Cupboard.m3u8,tara
81e5df88-1ecd-4d26-9888-6485175c95d1,Pineapple,BabyBillion_Education,"[{""S"":""0-3""}]",2c830c25-38e8-4d38-a3c3-cc9a3ff96b5f,https://video.babybillion.in/hls/Pineapple/Pineapple.m3u8,/Pineapple/Pineapple.m3u8,tara
8219ba03-4970-4cd7-98d8-8ceff65e1c1d,Cub_Baby_Lion,BabyBillion_Education,"[{""S"":""3-6""}]",f3cc6441-ba9d-4db9-85ec-3f3cdc60d542,https://video.babybillion.in/hls/Cub_Baby_Lion/Cub_Baby_Lion.m3u8,/Cub_Baby_Lion/Cub_Baby_Lion.m3u8,tara
83fae994-06b2-43af-82e0-ee652b664bc9,013_english_speaking_i_go_to_school_name,BabyBillion_Education,"[{""S"":""3-6""}]",0eba9676-9d93-484f-8938-41e3ab588a7f,https://video.babybillion.in/hls/013_english_speaking_i_go_to_school_name/013_english_speaking_i_go_to_school_name.m3u8,/013_english_speaking_i_go_to_school_name/013_english_speaking_i_go_to_school_name.m3u8,tara
85efb4f1-c1b0-476c-8e70-649931e6f78c,Metro,BabyBillion_Education,"[{""S"":""3-6""}]",bf9d1fdb-31f8-48e3-9114-9e4e4967617c,https://video.babybillion.in/hls/Metro/Metro.m3u8,/Metro/Metro.m3u8,tara
8762aba9-3c99-42b1-9aec-1522bf6f1eac,Knife_Cutting_board,BabyBillion_Education,"[{""S"":""3-6""}]",aa154d92-77f0-4dd7-9c3f-d7e57bd9baf5,https://video.babybillion.in/hls/Knife_Cutting_board/Knife_Cutting_board.m3u8,/Knife_Cutting_board/Knife_Cutting_board.m3u8,tara
87abbde1-6ba3-4da3-98aa-37fd9904f177,027_varnmala_vyanjan_la_se_lattu,BabyBillion_Education,"[{""S"":""3-6""}]",fec06a4b-b277-4fe2-8fff-bb40451bf2d9,https://video.babybillion.in/hls/027_varnmala_vyanjan_la_se_lattu/027_varnmala_vyanjan_la_se_lattu.m3u8,/027_varnmala_vyanjan_la_se_lattu/027_varnmala_vyanjan_la_se_lattu.m3u8,tara
87c2ec42-05eb-408a-a9cd-cb0f660fbded,Balance_on_one_foot,BabyBillion_Education,"[{""S"":""0-3""}]",6d841cca-a54f-451a-90fc-aeffa145e274,https://video.babybillion.in/hls/Balance_on_one_foot/Balance_on_one_foot.m3u8,/Balance_on_one_foot/Balance_on_one_foot.m3u8,tara
88a05bbf-5e0c-4ae6-877b-2eeeccbcd75c,Fan_Switch,BabyBillion_Education,"[{""S"":""3-6""}]",aa154d92-77f0-4dd7-9c3f-d7e57bd9baf5,https://video.babybillion.in/hls/Fan_Switch/Fan_Switch.m3u8,/Fan_Switch/Fan_Switch.m3u8,tara
8933f093-a9e9-4ca8-a8bb-94269c503beb,Doll_House,BabyBillion_Education,"[{""S"":""0-3""}]",259e1ebe-d005-41f2-a3f8-810078f51c98,https://video.babybillion.in/hls/Doll_House/Doll_House.m3u8,/Doll_House/Doll_House.m3u8,tara
8b99da93-ae1d-4372-beae-0045f44ed2dc,067_cvc_words_lip,BabyBillion_Education,"[{""S"":""3-6""}]",bac6ace6-06bc-4f67-85bb-5f0b144d5a15,https://video.babybillion.in/hls/067_cvc_words_lip/067_cvc_words_lip.m3u8,/067_cvc_words_lip/067_cvc_words_lip.m3u8,tara
8bc5f26f-8263-4023-8fc2-0a526bdcca5f,Tricycle,BabyBillion_Education,"[{""S"":""0-3""}]",259e1ebe-d005-41f2-a3f8-810078f51c98,https://video.babybillion.in/hls/Tricycle/Tricycle.m3u8,/Tricycle/Tricycle.m3u8,tara
8eef80d6-2654-42bb-98ab-853811342c3c,Giraffe,BabyBillion_Education,"[{""S"":""0-3""}]",79156051-e033-423a-b7de-a68fe1342a75,https://video.babybillion.in/hls/Giraffe/Giraffe.m3u8,/Giraffe/Giraffe.m3u8,tara
8f198c6e-1004-4324-9443-aa87a127072a,Crescent_Moon,BabyBillion_Education,"[{""S"":""0-3""}]",da4d2220-056e-483b-9fc0-8451577d4cc9,https://video.babybillion.in/hls/Crescent_Moon/Crescent_Moon.m3u8,/Crescent_Moon/Crescent_Moon.m3u8,tara
8f8888a0-54fe-4d37-a209-e5f86e2c48b6,Run,BabyBillion_Education,"[{""S"":""0-3""}]",cdd3ba69-c04a-402a-a061-05e0f816a161,https://video.babybillion.in/hls/Run/Run.m3u8,/Run/Run.m3u8,tara
8f8e245e-7a6d-4264-828d-66dc5427cb13,Chips,BabyBillion_Education,"[{""S"":""3-6""}]",2754f754-bfaf-4810-9852-60d5960a7a74,https://video.babybillion.in/hls/Chips/Chips.m3u8,/Chips/Chips.m3u8,tara
9141a08c-6d03-4fe1-bb70-51897c312cdd,Jamun,BabyBillion_Education,"[{""S"":""0-3""}]",2c830c25-38e8-4d38-a3c3-cc9a3ff96b5f,https://video.babybillion.in/hls/Jamun/Jamun.m3u8,/Jamun/Jamun.m3u8,tara
91a51c05-9890-4db6-bcc3-309b7aecc57b,Bucket_Mug,BabyBillion_Education,"[{""S"":""3-6""}]",aa154d92-77f0-4dd7-9c3f-d7e57bd9baf5,https://video.babybillion.in/hls/Bucket_Mug/Bucket_Mug.m3u8,/Bucket_Mug/Bucket_Mug.m3u8,tara
9381ba72-f238-4022-8552-37e962babbb1,Kiss,BabyBillion_Education,"[{""S"":""0-3""}]",cdd3ba69-c04a-402a-a061-05e0f816a161,https://video.babybillion.in/hls/Kiss/Kiss.m3u8,/Kiss/Kiss.m3u8,tara
94f19a22-b760-4e57-926a-260bbeafe721,Polar_Bear,BabyBillion_Education,"[{""S"":""0-3""}]",79156051-e033-423a-b7de-a68fe1342a75,https://video.babybillion.in/hls/Polar_Bear/Polar_Bear.m3u8,/Polar_Bear/Polar_Bear.m3u8,tara
95a276e0-45b5-4a66-8dff-0d897de942f8,Sight_words_jump,BabyBillion_Education,"[{""S"":""3-6""}]",181961d7-b484-40c7-b24c-9b3f335cc424,https://video.babybillion.in/hls/Sight_words_jump/Sight_words_jump.m3u8,/Sight_words_jump/Sight_words_jump.m3u8,tara
9654ce1c-b52e-48d2-84e0-87731a3e6de8,Trees,BabyBillion_Education,"[{""S"":""3-6""}]",f476a63c-f5d0-4454-afee-eb96182ff983,https://video.babybillion.in/hls/Trees/Trees.m3u8,/Trees/Trees.m3u8,tara
9a1e38c6-6150-4cf9-a388-f9bcb438bd30,Red_Vegetables-_Tomato_Red_Capsicum_Red_Radish,BabyBillion_Education,"[{""S"":""3-6""}]",c3d15541-8760-45ff-b253-1647ca61bf37,https://video.babybillion.in/hls/Red_Vegetables-_Tomato_Red_Capsicum_Red_Radish/Red_Vegetables-_Tomato_Red_Capsicum_Red_Radish.m3u8,/Red_Vegetables-_Tomato_Red_Capsicum_Red_Radish/Red_Vegetables-_Tomato_Red_Capsicum_Red_Radish.m3u8,tara
9ad6df33-d612-46bf-99dc-e118ee5eb1a3,Truck,BabyBillion_Education,"[{""S"":""3-6""}]",bf9d1fdb-31f8-48e3-9114-9e4e4967617c,https://video.babybillion.in/hls/Truck/Truck.m3u8,/Truck/Truck.m3u8,tara
9db43c93-d9fa-406b-b307-1a125203d250,027_good_habits_not_wasting_electricity,BabyBillion_Education,"[{""S"":""3-6""}]",06f625da-1202-4c8a-8b16-e624b97476d1,https://video.babybillion.in/hls/027_good_habits_not_wasting_electricity/027_good_habits_not_wasting_electricity.m3u8,/027_good_habits_not_wasting_electricity/027_good_habits_not_wasting_electricity.m3u8,tara
9de528c2-3973-4718-89d1-736fc95e2c2d,Elephant,BabyBillion_Education,"[{""S"":""3-6""}]",79156051-e033-423a-b7de-a68fe1342a75,https://video.babybillion.in/hls/Elephant/Elephant.m3u8,/Elephant/Elephant.m3u8,tara
9f72942a-6c7a-462f-9fa3-d9553ee8d552,043_sa_se_seb,BabyBillion_Education,"[{""S"":""0-3""}]",de5577e3-4806-4284-9cab-9e7ecf907095,https://video.babybillion.in/hls/043_sa_se_seb/043_sa_se_seb.m3u8,/043_sa_se_seb/043_sa_se_seb.m3u8,tara
9fd4830c-b78b-4888-9f05-5b2072adb702,Light_Brown,BabyBillion_Education,"[{""S"":""0-3""}]",c23beb7b-23de-440c-9fb1-2990013f11a6,https://video.babybillion.in/hls/Light_Brown/Light_Brown.m3u8,/Light_Brown/Light_Brown.m3u8,tara
a2de7247-fe0b-46b6-950f-56d3c0d57c89,106_6_Family_Values_and_Respect,BabyBillion_Education,"[{""S"":""6+""}]",24429faf-f706-4456-a1a0-d8b55cc55f9d,https://video.babybillion.in/hls/106_6_Family_Values_and_Respect/106_6_Family_Values_and_Respect.m3u8,/106_6_Family_Values_and_Respect/106_6_Family_Values_and_Respect.m3u8,tara
a36540b8-01b1-4111-8c37-e107b7354c49,105_3-6_Hen,BabyBillion_Education,"[{""S"":""3-6""}]",efdd9da9-9b29-45aa-8bc4-3ddbee54940d,https://video.babybillion.in/hls/105_3-6_Hen/105_3-6_Hen.m3u8,/105_3-6_Hen/105_3-6_Hen.m3u8,tara
a3a44a2b-ad10-4218-b57e-e13c1dbd071d,118_3-6_Koel,BabyBillion_Education,"[{""S"":""3-6""}]",efdd9da9-9b29-45aa-8bc4-3ddbee54940d,https://video.babybillion.in/hls/118_3-6_Koel/118_3-6_Koel.m3u8,/118_3-6_Koel/118_3-6_Koel.m3u8,tara
a41836ff-d221-4979-80fc-91b4d5652cd1,Water_Based_Food,BabyBillion_Education,"[{""S"":""6+""}]",5bc39ba0-a18b-42a9-9176-736112991697,https://video.babybillion.in/hls/Water_Based_Food/Water_Based_Food.m3u8,/Water_Based_Food/Water_Based_Food.m3u8,tara
a4cf3be6-50e6-4cdf-85b3-0ab4583f42c9,Brushing_Teeth_Properly_2_min_twice,BabyBillion_Education,"[{""S"":""6+""}]",06f625da-1202-4c8a-8b16-e624b97476d1,https://video.babybillion.in/hls/Brushing_Teeth_Properly_2_min_twice/Brushing_Teeth_Properly_2_min_twice.m3u8,/Brushing_Teeth_Properly_2_min_twice/Brushing_Teeth_Properly_2_min_twice.m3u8,tara
a50c3fcf-8e99-4a08-b7d0-08818a77059f,Glass,BabyBillion_Education,"[{""S"":""3-6""}]",b7ef253a-6fb1-4247-ad59-99c4c945c8ec,https://video.babybillion.in/hls/Glass/Glass.m3u8,/Glass/Glass.m3u8,tara
a5110787-0184-4a57-9f54-12ccd363d75f,Seasonal_Vegetables_Summer-_Cucumber_and_Bottle_Gourd_Winter-_Carrot_and_Peas,BabyBillion_Education,"[{""S"":""3-6""}]",c3d15541-8760-45ff-b253-1647ca61bf37,https://video.babybillion.in/hls/Seasonal_Vegetables_Summer-_Cucumber_and_Bottle_Gourd_Winter-_Carrot_and_Peas/Seasonal_Vegetables_Summer-_Cucumber_and_Bottle_Gourd_Winter-_Carrot_and_Peas.m3u8,/Seasonal_Vegetables_Summer-_Cucumber_and_Bottle_Gourd_Winter-_Carrot_and_Peas/Seasonal_Vegetables_Summer-_Cucumber_and_Bottle_Gourd_Winter-_Carrot_and_Peas.m3u8,tara
a6afef5f-4126-4203-9a1b-0eafb2d9f858,Number_6,BabyBillion_Education,"[{""S"":""3-6""}]",96c17b79-8401-4494-9e78-28c683d600c0,https://video.babybillion.in/hls/Number_6/Number_6.m3u8,/Number_6/Number_6.m3u8,tara
a9159199-f663-4caa-8f84-7d5185d15bad,Cloud_cover,BabyBillion_Education,"[{""S"":""3-6""}]",ed57a6ae-2009-4c19-9800-8826437fde62,https://video.babybillion.in/hls/Cloud_cover/Cloud_cover.m3u8,/Cloud_cover/Cloud_cover.m3u8,tara
aa8add4b-1c8f-4694-964c-074d266daf1a,I_Love_My_Family,BabyBillion_Education,"[{""S"":""3-6""}]",24429faf-f706-4456-a1a0-d8b55cc55f9d,https://video.babybillion.in/hls/I_Love_My_Family/I_Love_My_Family.m3u8,/I_Love_My_Family/I_Love_My_Family.m3u8,tara
aacb1aab-5d37-40c8-8ccb-f9c48c2732c5,030_vehicles_van,BabyBillion_Education,"[{""S"":""0-3""}]",bf9d1fdb-31f8-48e3-9114-9e4e4967617c,https://video.babybillion.in/hls/030_vehicles_van/030_vehicles_van.m3u8,/030_vehicles_van/030_vehicles_van.m3u8,tara
ab06d1b5-daa7-4037-a05d-bf509c2ac44a,Floods,BabyBillion_Education,"[{""S"":""3-6""}]",ed57a6ae-2009-4c19-9800-8826437fde62,https://video.babybillion.in/hls/Floods/Floods.m3u8,/Floods/Floods.m3u8,tara
ad1d9a85-4dee-4bc2-bda7-cf7918d3750c,BowlKatori,BabyBillion_Education,"[{""S"":""0-3""}]",aa154d92-77f0-4dd7-9c3f-d7e57bd9baf5,https://video.babybillion.in/hls/BowlKatori/BowlKatori.m3u8,/BowlKatori/BowlKatori.m3u8,tara
ad2d4f95-46cf-4f7e-9bc1-a5e7b9c80af0,Astronaut,BabyBillion_Education,"[{""S"":""0-3""}]",18ae1c51-e0c5-4df1-94f6-30f5e6732dd3,https://video.babybillion.in/hls/Astronaut/Astronaut.m3u8,/Astronaut/Astronaut.m3u8,tara
af39a7b3-1daf-4f19-aa11-36184c76bacf,Tree,BabyBillion_Education,"[{""S"":""0-3""}]",f476a63c-f5d0-4454-afee-eb96182ff983,https://video.babybillion.in/hls/Tree/Tree.m3u8,/Tree/Tree.m3u8,tara
af61f0e3-14b1-48a3-91e3-07d6d1c65af3,Fractions_12_Video_5,BabyBillion_Education,"[{""S"":""6+""}]",a96dafb1-5d53-4882-9355-9bd920a4aa91,https://video.babybillion.in/hls/Fractions_12_Video_5/Fractions_12_Video_5.m3u8,/Fractions_12_Video_5/Fractions_12_Video_5.m3u8,tara
afa3b686-c64e-4cd5-aaa2-3fdb36b6ca29,002_colors_gold,BabyBillion_Education,"[{""S"":""3-6""}]",c23beb7b-23de-440c-9fb1-2990013f11a6,https://video.babybillion.in/hls/002_colors_gold/002_colors_gold.m3u8,/002_colors_gold/002_colors_gold.m3u8,tara
afa7e274-f618-4ef2-8218-71f1973c2b7e,Cvc_words_bin,BabyBillion_Education,"[{""S"":""3-6""}]",bac6ace6-06bc-4f67-85bb-5f0b144d5a15,https://video.babybillion.in/hls/Cvc_words_bin/Cvc_words_bin.m3u8,/Cvc_words_bin/Cvc_words_bin.m3u8,tara
b050e610-3b6b-42b8-8779-94a1718fb555,What_is_Multiplication_repeated_addition_Video_2,BabyBillion_Education,"[{""S"":""6+""}]",8f8705a0-ed36-4a82-90a8-a60a42f82502,https://video.babybillion.in/hls/What_is_Multiplication_repeated_addition_Video_2/What_is_Multiplication_repeated_addition_Video_2.m3u8,/What_is_Multiplication_repeated_addition_Video_2/What_is_Multiplication_repeated_addition_Video_2.m3u8,tara
b0923a9f-e3f5-4061-85c7-efadaad61f63,FRACTIONS_14_Video_4,BabyBillion_Education,"[{""S"":""6+""}]",a96dafb1-5d53-4882-9355-9bd920a4aa91,https://video.babybillion.in/hls/FRACTIONS_14_Video_4/FRACTIONS_14_Video_4.m3u8,/FRACTIONS_14_Video_4/FRACTIONS_14_Video_4.m3u8,tara
b09f5c19-9a8a-4f2c-aa52-27a81254fa65,Ladle_Pot,BabyBillion_Education,"[{""S"":""3-6""}]",aa154d92-77f0-4dd7-9c3f-d7e57bd9baf5,https://video.babybillion.in/hls/Ladle_Pot/Ladle_Pot.m3u8,/Ladle_Pot/Ladle_Pot.m3u8,tara
b0be426d-ed4f-4a2d-b30a-2c2a208778f9,Smiling,BabyBillion_Education,"[{""S"":""0-3""}]",90ff5296-5b99-4ddf-8bdf-ac55f6f7b6c2,https://video.babybillion.in/hls/Smiling/Smiling.m3u8,/Smiling/Smiling.m3u8,tara
b174164b-0e2b-49c8-bd9c-b2f5b3ce0833,Balance_on_one_foot,BabyBillion_Education,"[{""S"":""0-3""}]",cdd3ba69-c04a-402a-a061-05e0f816a161,https://video.babybillion.in/hls/Balance_on_one_foot/Balance_on_one_foot.m3u8,/Balance_on_one_foot/Balance_on_one_foot.m3u8,tara
b1f41302-4af1-4054-b823-7ec1f2a57b77,Khichdi_Curd,BabyBillion_Education,"[{""S"":""3-6""}]",5bc39ba0-a18b-42a9-9176-736112991697,https://video.babybillion.in/hls/Khichdi_Curd/Khichdi_Curd.m3u8,/Khichdi_Curd/Khichdi_Curd.m3u8,tara
b6b88324-f553-4706-9568-5372bd714b85,028_english_speaking_this_is_my_cousin,BabyBillion_Education,"[{""S"":""3-6""}]",0eba9676-9d93-484f-8938-41e3ab588a7f,https://video.babybillion.in/hls/028_english_speaking_this_is_my_cousin/028_english_speaking_this_is_my_cousin.m3u8,/028_english_speaking_this_is_my_cousin/028_english_speaking_this_is_my_cousin.m3u8,tara
b6f38911-f9d7-4ebb-b6c6-b00de48e6bc7,004_good_habits_combing_hair,BabyBillion_Education,"[{""S"":""3-6""}]",06f625da-1202-4c8a-8b16-e624b97476d1,https://video.babybillion.in/hls/004_good_habits_combing_hair/004_good_habits_combing_hair.m3u8,/004_good_habits_combing_hair/004_good_habits_combing_hair.m3u8,tara
b710f4f7-e2fd-42f6-8ea5-6838e63ca22c,What_is_Division_Video_5,BabyBillion_Education,"[{""S"":""6+""}]",8f8705a0-ed36-4a82-90a8-a60a42f82502,https://video.babybillion.in/hls/What_is_Division_Video_5/What_is_Division_Video_5.m3u8,/What_is_Division_Video_5/What_is_Division_Video_5.m3u8,tara
b73c57be-9a8f-488c-850d-9cbfc9509ff7,Giraffe,BabyBillion_Education,"[{""S"":""3-6""}]",c1f0397a-0732-418a-b6e4-50081b10219c,https://video.babybillion.in/hls/Giraffe/Giraffe.m3u8,/Giraffe/Giraffe.m3u8,tara
b7858def-7f0d-4bca-adcb-4ff91335f98c,052_colors_brown_soil,BabyBillion_Education,"[{""S"":""3-6""}]",c23beb7b-23de-440c-9fb1-2990013f11a6,https://video.babybillion.in/hls/052_colors_brown_soil/052_colors_brown_soil.m3u8,/052_colors_brown_soil/052_colors_brown_soil.m3u8,tara
ba19bef6-f743-41fb-9a68-98ae2a8cc154,Feeling_Lonely,BabyBillion_Education,"[{""S"":""6+""}]",90ff5296-5b99-4ddf-8bdf-ac55f6f7b6c2,https://video.babybillion.in/hls/Feeling_Lonely/Feeling_Lonely.m3u8,/Feeling_Lonely/Feeling_Lonely.m3u8,tara
baf55bbb-c46b-49e9-9356-40f4171a6b74,Polar_Bear,BabyBillion_Education,"[{""S"":""3-6""}]",79156051-e033-423a-b7de-a68fe1342a75,https://video.babybillion.in/hls/Polar_Bear/Polar_Bear.m3u8,/Polar_Bear/Polar_Bear.m3u8,tara
bc04d1ed-3037-4606-a943-90c5a1fdc19a,029_english_speaking_may_i_come_in,BabyBillion_Education,"[{""S"":""3-6""}]",0eba9676-9d93-484f-8938-41e3ab588a7f,https://video.babybillion.in/hls/029_english_speaking_may_i_come_in/029_english_speaking_may_i_come_in.m3u8,/029_english_speaking_may_i_come_in/029_english_speaking_may_i_come_in.m3u8,tara
bd915c01-5fd4-4b36-9ae3-0e9aa5bb7928,FRACTIONS_14_Video_5,BabyBillion_Education,"[{""S"":""6+""}]",a96dafb1-5d53-4882-9355-9bd920a4aa91,https://video.babybillion.in/hls/FRACTIONS_14_Video_5/FRACTIONS_14_Video_5.m3u8,/FRACTIONS_14_Video_5/FRACTIONS_14_Video_5.m3u8,tara
c0a04b03-f9ad-412a-a4ee-8df68b490c76,049_simple_sentences_i_am_drinking_water,BabyBillion_Education,"[{""S"":""3-6""}]",0eba9676-9d93-484f-8938-41e3ab588a7f,https://video.babybillion.in/hls/049_simple_sentences_i_am_drinking_water/049_simple_sentences_i_am_drinking_water.m3u8,/049_simple_sentences_i_am_drinking_water/049_simple_sentences_i_am_drinking_water.m3u8,tara
c1ab5db3-006c-44f7-a56e-716cd051f604,Healthy_Food_for_Athletes,BabyBillion_Education,"[{""S"":""6+""}]",cf83518a-7e38-483a-9b3e-a943beb08196,https://video.babybillion.in/hls/Healthy_Food_for_Athletes/Healthy_Food_for_Athletes.m3u8,/Healthy_Food_for_Athletes/Healthy_Food_for_Athletes.m3u8,Tara
c20176e9-a623-4a85-af6f-03389cb741b1,024_community_helpers_what_does_a_firefighter_do,BabyBillion_Education,"[{""S"":""0-3""}]",3dc35861-75e5-4d11-a33d-d263d159f041,https://video.babybillion.in/hls/024_community_helpers_what_does_a_firefighter_do/024_community_helpers_what_does_a_firefighter_do.m3u8,/024_community_helpers_what_does_a_firefighter_do/024_community_helpers_what_does_a_firefighter_do.m3u8,tara
c29a81cb-1640-4c46-ba47-dc0a1eb1cba5,101_6_Body_Parts_and_Their_Functions,BabyBillion_Education,"[{""S"":""6+""}]",6d841cca-a54f-451a-90fc-aeffa145e274,https://video.babybillion.in/hls/101_6_Body_Parts_and_Their_Functions/101_6_Body_Parts_and_Their_Functions.m3u8,/101_6_Body_Parts_and_Their_Functions/101_6_Body_Parts_and_Their_Functions.m3u8,tara
c4dacdfa-9eae-4e4f-97a2-ad417664c6ef,Fingers,BabyBillion_Education,"[{""S"":""0-3""}]",6d841cca-a54f-451a-90fc-aeffa145e274,https://video.babybillion.in/hls/Fingers/Fingers.m3u8,/Fingers/Fingers.m3u8,tara
c5ae5a9d-547e-423e-90dc-c89850408fe6,Village,BabyBillion_Education,"[{""S"":""3-6""}]",b7ef253a-6fb1-4247-ad59-99c4c945c8ec,https://video.babybillion.in/hls/Village/Village.m3u8,/Village/Village.m3u8,tara
c76accd0-acb5-4f1e-8a4d-22ab209e273e,Feeding_birds,BabyBillion_Education,"[{""S"":""3-6""}]",06f625da-1202-4c8a-8b16-e624b97476d1,https://video.babybillion.in/hls/Feeding_birds/Feeding_birds.m3u8,/Feeding_birds/Feeding_birds.m3u8,tara
c77f0edc-b46a-4f9a-a7ab-f97843381e45,Polar_Bear,BabyBillion_Education,"[{""S"":""3-6""}]",c1f0397a-0732-418a-b6e4-50081b10219c,https://video.babybillion.in/hls/Polar_Bear/Polar_Bear.m3u8,/Polar_Bear/Polar_Bear.m3u8,tara
c7aa083d-f9ad-41ad-959a-f6cea67d0c98,Green_Chilli_Mirchi,BabyBillion_Education,"[{""S"":""0-3""}]",c3d15541-8760-45ff-b253-1647ca61bf37,https://video.babybillion.in/hls/Green_Chilli_Mirchi/Green_Chilli_Mirchi.m3u8,/Green_Chilli_Mirchi/Green_Chilli_Mirchi.m3u8,tara
c8a53782-9898-42d4-944f-a5b717a9683a,039_simple_sentences_it_is_raining,BabyBillion_Education,"[{""S"":""3-6""}]",4c06fdb7-0fe2-4c21-aab0-f80f2fa1f650,https://video.babybillion.in/hls/039_simple_sentences_it_is_raining/039_simple_sentences_it_is_raining.m3u8,/039_simple_sentences_it_is_raining/039_simple_sentences_it_is_raining.m3u8,tara
ca1ec0e8-f6bd-4c58-aaaf-47920b6e9a75,Beach,BabyBillion_Education,"[{""S"":""0-3""}]",e4dd4a24-f512-4d74-8bad-596b71c5369f,https://video.babybillion.in/hls/Beach/Beach.m3u8,/Beach/Beach.m3u8,tara
ca50a9f4-9e34-4dc3-b482-6d6b78ec7d7e,035_phonics_blending_h_a_t_equals_hat,BabyBillion_Education,"[{""S"":""3-6""}]",b79bd45b-2c9c-4b7d-91a0-07c93a4dbea1,https://video.babybillion.in/hls/035_phonics_blending_h_a_t_equals_hat/035_phonics_blending_h_a_t_equals_hat.m3u8,/035_phonics_blending_h_a_t_equals_hat/035_phonics_blending_h_a_t_equals_hat.m3u8,tara
cbb9ce35-0638-470c-96ba-5725a485bcfc,016_varnmala_vyanjan_tha_soft_se_thaila,BabyBillion_Education,"[{""S"":""3-6""}]",fec06a4b-b277-4fe2-8fff-bb40451bf2d9,https://video.babybillion.in/hls/016_varnmala_vyanjan_tha_soft_se_thaila/016_varnmala_vyanjan_tha_soft_se_thaila.m3u8,/016_varnmala_vyanjan_tha_soft_se_thaila/016_varnmala_vyanjan_tha_soft_se_thaila.m3u8,tara
cd42ced6-f810-4838-baa1-f3069e90582d,009_shapes_cross_shape,BabyBillion_Education,"[{""S"":""0-3""}]",da4d2220-056e-483b-9fc0-8451577d4cc9,https://video.babybillion.in/hls/009_shapes_cross_shape/009_shapes_cross_shape.m3u8,/009_shapes_cross_shape/009_shapes_cross_shape.m3u8,tara
cf30efdb-7274-4c0d-99c7-1a32e1c67ea4,Monkey,BabyBillion_Education,"[{""S"":""3-6""}]",c1f0397a-0732-418a-b6e4-50081b10219c,https://video.babybillion.in/hls/Monkey/Monkey.m3u8,/Monkey/Monkey.m3u8,tara
cfcc3aa8-309e-42b9-a40f-fa0f1ae04d36,Pongal,BabyBillion_Education,"[{""S"":""0-3""}]",655a5081-8ce4-4cfc-b36d-d5d0d1a06c1e,https://video.babybillion.in/hls/Pongal/Pongal.m3u8,/Pongal/Pongal.m3u8,tara
d0448d50-4298-4ae5-974a-ff610b7d31c6,Sources_of_light,BabyBillion_Education,"[{""S"":""3-6""}]",b7ef253a-6fb1-4247-ad59-99c4c945c8ec,https://video.babybillion.in/hls/Sources_of_light/Sources_of_light.m3u8,/Sources_of_light/Sources_of_light.m3u8,tara
d07743a8-628b-4535-9e23-159a27786098,Haan,BabyBillion_Education,"[{""S"":""0-3""}]",de5577e3-4806-4284-9cab-9e7ecf907095,https://video.babybillion.in/hls/Haan/Haan.m3u8,/Haan/Haan.m3u8,tara
d0d08542-5ed0-4ca6-b88b-457b921a1a06,Recycling_Peper,BabyBillion_Education,"[{""S"":""3-6""}]",06f625da-1202-4c8a-8b16-e624b97476d1,https://video.babybillion.in/hls/Recycling_Peper/Recycling_Peper.m3u8,/Recycling_Peper/Recycling_Peper.m3u8,tara
d2d41806-df27-45bd-a377-10becb0a3394,Number_19,BabyBillion_Education,"[{""S"":""3-6""}]",96c17b79-8401-4494-9e78-28c683d600c0,https://video.babybillion.in/hls/Number_19/Number_19.m3u8,/Number_19/Number_19.m3u8,tara
d3035247-5a4b-4cb5-9d87-6d048b5bb3f0,Needle_Thread,BabyBillion_Education,"[{""S"":""3-6""}]",aa154d92-77f0-4dd7-9c3f-d7e57bd9baf5,https://video.babybillion.in/hls/Needle_Thread/Needle_Thread.m3u8,/Needle_Thread/Needle_Thread.m3u8,tara
d34288f2-b84a-4e90-8b2e-6eea1a01d691,Good_Morning,BabyBillion_Education,"[{""S"":""0-3""}]",cdd3ba69-c04a-402a-a061-05e0f816a161,https://video.babybillion.in/hls/Good_Morning/Good_Morning.m3u8,/Good_Morning/Good_Morning.m3u8,tara
d3467000-4182-4b45-a630-35bc9d9db7a1,Embarrassment,BabyBillion_Education,"[{""S"":""3-6""}]",90ff5296-5b99-4ddf-8bdf-ac55f6f7b6c2,https://video.babybillion.in/hls/Embarrassment/Embarrassment.m3u8,/Embarrassment/Embarrassment.m3u8,tara
d3bd321c-f89f-4eb7-9fc4-83fffda35dc8,Puri_Bhaji,BabyBillion_Education,"[{""S"":""3-6""}]",5bc39ba0-a18b-42a9-9176-736112991697,https://video.babybillion.in/hls/Puri_Bhaji/Puri_Bhaji.m3u8,/Puri_Bhaji/Puri_Bhaji.m3u8,tara
d548d768-4e39-4e3f-831d-1ca55ad64b8d,019_good_habits_keeping_my_room_tidy,BabyBillion_Education,"[{""S"":""3-6""}]",06f625da-1202-4c8a-8b16-e624b97476d1,https://video.babybillion.in/hls/019_good_habits_keeping_my_room_tidy/019_good_habits_keeping_my_room_tidy.m3u8,/019_good_habits_keeping_my_room_tidy/019_good_habits_keeping_my_room_tidy.m3u8,tara
d62b150d-d679-4af4-a68f-762a1ec14f3e,What_is_multiplication_video_9,BabyBillion_Education,"[{""S"":""6+""}]",830fb885-9ece-438e-a380-dabd811f06b2,https://video.babybillion.in/hls/What_is_multiplication_video_9/What_is_multiplication_video_9.m3u8,/What_is_multiplication_video_9/What_is_multiplication_video_9.m3u8,tara
d717b9cc-0f97-40a1-a1fe-832ff822fcf3,Daal_Baati_Churma,BabyBillion_Education,"[{""S"":""3-6""}]",5bc39ba0-a18b-42a9-9176-736112991697,https://video.babybillion.in/hls/Daal_Baati_Churma/Daal_Baati_Churma.m3u8,/Daal_Baati_Churma/Daal_Baati_Churma.m3u8,tara
d74e7887-94d2-4b8f-a4ef-609c6d941f84,Bottle,BabyBillion_Education,"[{""S"":""0-3""}]",aa154d92-77f0-4dd7-9c3f-d7e57bd9baf5,https://video.babybillion.in/hls/Bottle/Bottle.m3u8,/Bottle/Bottle.m3u8,tara
d801ef0f-6141-4a99-94b2-6e822c95d994,Lake_Jheel,BabyBillion_Education,"[{""S"":""0-3""}]",eb5f90b5-3650-49b9-95b6-d4e3a89c0662,https://video.babybillion.in/hls/Lake_Jheel/Lake_Jheel.m3u8,/Lake_Jheel/Lake_Jheel.m3u8,tara
d8937abf-fd1c-4696-939a-933e67ff08ef,Clouds,BabyBillion_Education,"[{""S"":""0-3""}]",eb5f90b5-3650-49b9-95b6-d4e3a89c0662,https://video.babybillion.in/hls/Clouds/Clouds.m3u8,/Clouds/Clouds.m3u8,tara
d8a6e590-ddcc-4f9d-aeb8-04a994e020f6,Pilot,BabyBillion_Education,"[{""S"":""0-3""}]",18ae1c51-e0c5-4df1-94f6-30f5e6732dd3,https://video.babybillion.in/hls/Pilot/Pilot.m3u8,/Pilot/Pilot.m3u8,tara
d9165ce1-2cc2-4cb6-b3bb-e98665ba2bc9,K_for_Kangaroo,BabyBillion_Education,"[{""S"":""0-3""}]",1bf17868-9fb8-419a-b7d7-e9ba3b51a364,https://video.babybillion.in/hls/K_for_Kangaroo/K_for_Kangaroo.m3u8,/K_for_Kangaroo/K_for_Kangaroo.m3u8,tara
d9ba5f2b-e53f-4fad-b987-e17a5a2d477e,011_vehicles_school_bus,BabyBillion_Education,"[{""S"":""3-6""}]",bf9d1fdb-31f8-48e3-9114-9e4e4967617c,https://video.babybillion.in/hls/011_vehicles_school_bus/011_vehicles_school_bus.m3u8,/011_vehicles_school_bus/011_vehicles_school_bus.m3u8,tara
dcbed1bc-7f00-4a0b-b84d-b1b4e179dbc7,abc_capital_X_and_small_x,BabyBillion_Education,"[{""S"":""3-6""}]",1bf17868-9fb8-419a-b7d7-e9ba3b51a364,https://video.babybillion.in/hls/abc_capital_X_and_small_x/abc_capital_X_and_small_x.m3u8,/abc_capital_X_and_small_x/abc_capital_X_and_small_x.m3u8,tara
de11656e-e657-4095-a78a-5eeb492d619d,Z_for_Zebra,BabyBillion_Education,"[{""S"":""0-3""}]",1bf17868-9fb8-419a-b7d7-e9ba3b51a364,https://video.babybillion.in/hls/Z_for_Zebra/Z_for_Zebra.m3u8,/Z_for_Zebra/Z_for_Zebra.m3u8,tara
de5ffba6-1c34-4d30-9adb-5c00a48ae0a8,Appam_Stew,BabyBillion_Education,"[{""S"":""3-6""}]",5bc39ba0-a18b-42a9-9176-736112991697,https://video.babybillion.in/hls/Appam_Stew/Appam_Stew.m3u8,/Appam_Stew/Appam_Stew.m3u8,tara
dea62467-750a-4b46-91c1-66b03d35f218,Vehicles_on_land,BabyBillion_Education,"[{""S"":""3-6""}]",bf9d1fdb-31f8-48e3-9114-9e4e4967617c,https://video.babybillion.in/hls/Vehicles_on_land/Vehicles_on_land.m3u8,/Vehicles_on_land/Vehicles_on_land.m3u8,tara
e0e05d44-54a3-4d5a-b31d-b9a1e21ecda9,Idli,BabyBillion_Education,"[{""S"":""0-3""}]",aa154d92-77f0-4dd7-9c3f-d7e57bd9baf5,https://video.babybillion.in/hls/Idli/Idli.m3u8,/Idli/Idli.m3u8,tara
e0f97a4d-e8a5-4b5b-bbb3-b578150539fd,Orange,BabyBillion_Education,"[{""S"":""0-3""}]",c23beb7b-23de-440c-9fb1-2990013f11a6,https://video.babybillion.in/hls/Orange/Orange.m3u8,/Orange/Orange.m3u8,tara
e123243f-2743-458d-bbac-7be980b7c83b,001_shapes_cube_3d,BabyBillion_Education,"[{""S"":""3-6""}]",da4d2220-056e-483b-9fc0-8451577d4cc9,https://video.babybillion.in/hls/001_shapes_cube_3d/001_shapes_cube_3d.m3u8,/001_shapes_cube_3d/001_shapes_cube_3d.m3u8,tara
e1366cdf-811c-4fe0-a261-363025520c12,039_simple_sentences_it_is_raining,BabyBillion_Education,"[{""S"":""3-6""}]",0eba9676-9d93-484f-8938-41e3ab588a7f,https://video.babybillion.in/hls/039_simple_sentences_it_is_raining/039_simple_sentences_it_is_raining.m3u8,/039_simple_sentences_it_is_raining/039_simple_sentences_it_is_raining.m3u8,tara
e6a4ecfa-3cbd-462e-ba56-c2ead05b1082,Snail,BabyBillion_Education,"[{""S"":""0-3""}]",40d567cd-95aa-469e-b7a8-da623f2579d8,https://video.babybillion.in/hls/Snail/Snail.m3u8,/Snail/Snail.m3u8,tara
e6d90ba9-b3a8-40a2-9455-6603b3f96424,Cycle,BabyBillion_Education,"[{""S"":""0-3""}]",bf9d1fdb-31f8-48e3-9114-9e4e4967617c,https://video.babybillion.in/hls/Cycle/Cycle.m3u8,/Cycle/Cycle.m3u8,tara
e7fe439e-b02b-4316-8267-d5fc166aa995,037_colors_orange_papaya,BabyBillion_Education,"[{""S"":""3-6""}]",c23beb7b-23de-440c-9fb1-2990013f11a6,https://video.babybillion.in/hls/037_colors_orange_papaya/037_colors_orange_papaya.m3u8,/037_colors_orange_papaya/037_colors_orange_papaya.m3u8,tara
e8dcbd90-1f19-4242-b65a-07296d4f5ea3,Cylinder,BabyBillion_Education,"[{""S"":""6+""}]",3579ea01-b32b-40f9-aac1-be5997a17606,https://video.babybillion.in/hls/Cylinder/Cylinder.m3u8,/Cylinder/Cylinder.m3u8,tara
e981b19f-c12f-4688-b952-bc7cb7216184,033_da_se_deepak,BabyBillion_Education,"[{""S"":""0-3""}]",de5577e3-4806-4284-9cab-9e7ecf907095,https://video.babybillion.in/hls/033_da_se_deepak/033_da_se_deepak.m3u8,/033_da_se_deepak/033_da_se_deepak.m3u8,tara
e9b642cf-4987-43a1-b9b1-0bf1e18f62cf,Subtracting_2digit-2digit_no_borrow_video1,BabyBillion_Education,"[{""S"":""6+""}]",9a5470ca-9377-4780-8e16-07dafe876377,https://video.babybillion.in/hls/Subtracting_2digit-2digit_no_borrow_video1/Subtracting_2digit-2digit_no_borrow_video1.m3u8,/Subtracting_2digit-2digit_no_borrow_video1/Subtracting_2digit-2digit_no_borrow_video1.m3u8,tara
ea1cb026-b44d-4428-b6b9-5ab145179987,Cub_Baby_Lion,BabyBillion_Education,"[{""S"":""3-6""}]",79156051-e033-423a-b7de-a68fe1342a75,https://video.babybillion.in/hls/Cub_Baby_Lion/Cub_Baby_Lion.m3u8,/Cub_Baby_Lion/Cub_Baby_Lion.m3u8,tara
eae9e2e3-0b0a-4407-bbab-d6a972328acd,Church,BabyBillion_Education,"[{""S"":""0-3""}]",e4dd4a24-f512-4d74-8bad-596b71c5369f,https://video.babybillion.in/hls/Church/Church.m3u8,/Church/Church.m3u8,tara
ebc12e18-e322-48f5-b623-aab61d09d954,Number_12,BabyBillion_Education,"[{""S"":""3-6""}]",96c17b79-8401-4494-9e78-28c683d600c0,https://video.babybillion.in/hls/Number_12/Number_12.m3u8,/Number_12/Number_12.m3u8,tara
edae9196-5a85-4e82-bfae-c04d207ed645,Subtracting_1_digit_from_2_digit_Vid_1,BabyBillion_Education,"[{""S"":""6+""}]",9a5470ca-9377-4780-8e16-07dafe876377,https://video.babybillion.in/hls/Subtracting_1_digit_from_2_digit_Vid_1/Subtracting_1_digit_from_2_digit_Vid_1.m3u8,/Subtracting_1_digit_from_2_digit_Vid_1/Subtracting_1_digit_from_2_digit_Vid_1.m3u8,tara
ef1000cc-41a5-4503-a1cb-b8ca276e0678,Sour_Fruits-_Lemon_Orange,BabyBillion_Education,"[{""S"":""3-6""}]",2c830c25-38e8-4d38-a3c3-cc9a3ff96b5f,https://video.babybillion.in/hls/Sour_Fruits-_Lemon_Orange/Sour_Fruits-_Lemon_Orange.m3u8,/Sour_Fruits-_Lemon_Orange/Sour_Fruits-_Lemon_Orange.m3u8,tara
f03c8f6f-a25d-4a80-9506-31372729f7d7,Papa,BabyBillion_Education,"[{""S"":""0-3""}]",de5577e3-4806-4284-9cab-9e7ecf907095,https://video.babybillion.in/hls/Papa/Papa.m3u8,/Papa/Papa.m3u8,tara
f1a12a3b-beaa-43e2-be07-16d4c7397ad7,Letter_F_Fish_Flag,BabyBillion_Education,"[{""S"":""3-6""}]",1bf17868-9fb8-419a-b7d7-e9ba3b51a364,https://video.babybillion.in/hls/Letter_F_Fish_Flag/Letter_F_Fish_Flag.m3u8,/Letter_F_Fish_Flag/Letter_F_Fish_Flag.m3u8,tara
f20c48a4-7531-44a2-b0a0-67a81fdb4b78,Greater,BabyBillion_Education,"[{""S"":""6+""}]",9964bf6a-c340-4e3a-b7e6-9f3d435449d3,https://video.babybillion.in/hls/Greater/Greater.m3u8,/Greater/Greater.m3u8,tara
f3f8d038-c644-413e-a441-efc29972c6a4,Stove_Pan,BabyBillion_Education,"[{""S"":""3-6""}]",aa154d92-77f0-4dd7-9c3f-d7e57bd9baf5,https://video.babybillion.in/hls/Stove_Pan/Stove_Pan.m3u8,/Stove_Pan/Stove_Pan.m3u8,tara
f453ce5e-85b0-4dd0-8324-ff4e42c08c02,Noodles,BabyBillion_Education,"[{""S"":""0-3""}]",5bc39ba0-a18b-42a9-9176-736112991697,https://video.babybillion.in/hls/Noodles/Noodles.m3u8,/Noodles/Noodles.m3u8,tara
f683b56d-c344-49ba-bcb8-5c8d53afd631,Square,BabyBillion_Education,"[{""S"":""0-3""}]",da4d2220-056e-483b-9fc0-8451577d4cc9,https://video.babybillion.in/hls/Square/Square.m3u8,/Square/Square.m3u8,tara
f7d8ec17-c141-4c52-8291-19601ff1df4a,Addition_within_20_3,BabyBillion_Education,"[{""S"":""6+""}]",f86787db-e9ed-4093-9aa4-a1df05f1c772,https://video.babybillion.in/hls/Addition_within_20_3/Addition_within_20_3.m3u8,/Addition_within_20_3/Addition_within_20_3.m3u8,tara
f80ae593-aca6-4058-93fd-98f4b55c4d76,Elephant,BabyBillion_Education,"[{""S"":""3-6""}]",c1f0397a-0732-418a-b6e4-50081b10219c,https://video.babybillion.in/hls/Elephant/Elephant.m3u8,/Elephant/Elephant.m3u8,tara
f8bf4dd1-b6d7-40c9-aa64-9aa507fe7d61,Clouds,BabyBillion_Education,"[{""S"":""0-3""}]",eb5f90b5-3650-49b9-95b6-d4e3a89c0662,https://video.babybillion.in/hls/Clouds/Clouds.m3u8,/Clouds/Clouds.m3u8,tara
f9fe332d-34ae-4f43-925b-61fc4e1331f8,Sounds,BabyBillion_Education,"[{""S"":""6+""}]",b7ef253a-6fb1-4247-ad59-99c4c945c8ec,https://video.babybillion.in/hls/Sounds/Sounds.m3u8,/Sounds/Sounds.m3u8,tara
fa1ef1ce-fdc8-41d0-89f3-4b8fb898189b,What_is_Division_sharing_equally_Video_6,BabyBillion_Education,"[{""S"":""6+""}]",8f8705a0-ed36-4a82-90a8-a60a42f82502,https://video.babybillion.in/hls/What_is_Division_sharing_equally_Video_6/What_is_Division_sharing_equally_Video_6.m3u8,/What_is_Division_sharing_equally_Video_6/What_is_Division_sharing_equally_Video_6.m3u8,tara
faa07667-cf11-49de-9ba4-05c5bb78049e,016_colors_red_apple,BabyBillion_Education,"[{""S"":""0-3""}]",c23beb7b-23de-440c-9fb1-2990013f11a6,https://video.babybillion.in/hls/016_colors_red_apple/016_colors_red_apple.m3u8,/016_colors_red_apple/016_colors_red_apple.m3u8,tara
fadaed1a-d759-44bc-944b-9bf819718006,045_phonics_digraph_ck_as_in_duck,BabyBillion_Education,"[{""S"":""3-6""}]",b79bd45b-2c9c-4b7d-91a0-07c93a4dbea1,https://video.babybillion.in/hls/045_phonics_digraph_ck_as_in_duck/045_phonics_digraph_ck_as_in_duck.m3u8,/045_phonics_digraph_ck_as_in_duck/045_phonics_digraph_ck_as_in_duck.m3u8,tara
fb4ea8e8-cc78-4c70-8862-71a523dede57,Pulses_and_Lentils,BabyBillion_Education,"[{""S"":""6+""}]",5bc39ba0-a18b-42a9-9176-736112991697,https://video.babybillion.in/hls/Pulses_and_Lentils/Pulses_and_Lentils.m3u8,/Pulses_and_Lentils/Pulses_and_Lentils.m3u8,tara
fc34c916-d577-4f46-9449-163efe8e5030,Trees,BabyBillion_Education,"[{""S"":""0-3""}]",eb5f90b5-3650-49b9-95b6-d4e3a89c0662,https://video.babybillion.in/hls/Trees/Trees.m3u8,/Trees/Trees.m3u8,tara
fd782156-addd-4da9-8ec7-32d0fa93f2d3,Thick_-_Thin,BabyBillion_Education,"[{""S"":""6+""}]",03776bdf-d177-47e6-abe5-d3215a0df920,https://video.babybillion.in/hls/Thick_-_Thin/Thick_-_Thin.m3u8,/Thick_-_Thin/Thick_-_Thin.m3u8,tara
fdb9a85f-fcec-4fb1-a314-8dac9d44688c,Crayons,BabyBillion_Education,"[{""S"":""0-3""}]",259e1ebe-d005-41f2-a3f8-810078f51c98,https://video.babybillion.in/hls/Crayons/Crayons.m3u8,/Crayons/Crayons.m3u8,tara
feefce4f-8cbb-4a0f-8383-9661e754d2de,020_phonics_short_i_sound_as_in_ink,BabyBillion_Education,"[{""S"":""3-6""}]",b79bd45b-2c9c-4b7d-91a0-07c93a4dbea1,https://video.babybillion.in/hls/020_phonics_short_i_sound_as_in_ink/020_phonics_short_i_sound_as_in_ink.m3u8,/020_phonics_short_i_sound_as_in_ink/020_phonics_short_i_sound_as_in_ink.m3u8,tara
ff87c59c-db0e-4df4-add2-f53be60d02b6,Trees,BabyBillion_Education,"[{""S"":""0-3""}]",eb5f90b5-3650-49b9-95b6-d4e3a89c0662,https://video.babybillion.in/hls/Trees/Trees.m3u8,/Trees/Trees.m3u8,tara
13b993b8-363c-47b7-a160-8f49bf2ed10a,Classification_Fish,BabyBillion_Education,"[{""S"":""6+""}]",79156051-e033-423a-b7de-a68fe1342a75,https://video.babybillion.in/hls/Classification_Fish/Classification_Fish.m3u8,/Classification_Fish/Classification_Fish.m3u8,tara and arjun
1532cd8c-ac43-4a7c-8c58-28df21aa1866,Toy_Phone,BabyBillion_Education,"[{""S"":""0-3""}]",259e1ebe-d005-41f2-a3f8-810078f51c98,https://video.babybillion.in/hls/Toy_Phone/Toy_Phone.m3u8,/Toy_Phone/Toy_Phone.m3u8,tara and arjun
1680093e-ed5b-4767-9b0f-fde07bdffffe,108_6_Meteors_Asteroids_and_Comets,BabyBillion_Education,"[{""S"":""6+""}]",b7ef253a-6fb1-4247-ad59-99c4c945c8ec,https://video.babybillion.in/hls/108_6_Meteors_Asteroids_and_Comets/108_6_Meteors_Asteroids_and_Comets.m3u8,/108_6_Meteors_Asteroids_and_Comets/108_6_Meteors_Asteroids_and_Comets.m3u8,tara and arjun
216e5f2d-0f94-4308-b557-a776b93e8c4f,Fruits_We_Eat_Daily-_AppleBananaOrange,BabyBillion_Education,"[{""S"":""3-6""}]",2c830c25-38e8-4d38-a3c3-cc9a3ff96b5f,https://video.babybillion.in/hls/Fruits_We_Eat_Daily-_AppleBananaOrange/Fruits_We_Eat_Daily-_AppleBananaOrange.m3u8,/Fruits_We_Eat_Daily-_AppleBananaOrange/Fruits_We_Eat_Daily-_AppleBananaOrange.m3u8,tara and arjun
103114ef-ce80-4dc4-af81-1a492858edfe,Gratitude,BabyBillion_Education,"[{""S"":""3-6""}]",90ff5296-5b99-4ddf-8bdf-ac55f6f7b6c2,https://video.babybillion.in/hls/Gratitude/Gratitude.m3u8,/Gratitude/Gratitude.m3u8,tara and mia
287ee3ec-2be5-48ac-904f-fac6e04ca127,Toy_Drum,BabyBillion_Education,"[{""S"":""0-3""}]",259e1ebe-d005-41f2-a3f8-810078f51c98,https://video.babybillion.in/hls/Toy_Drum/Toy_Drum.m3u8,/Toy_Drum/Toy_Drum.m3u8,tara and mia
7974966c-955e-4fe4-81c7-503675f0f9af,Classification_Insects,BabyBillion_Education,"[{""S"":""6+""}]",79156051-e033-423a-b7de-a68fe1342a75,https://video.babybillion.in/hls/Classification_Insects/Classification_Insects.m3u8,/Classification_Insects/Classification_Insects.m3u8,tara and veer
aeaf6ef3-ad39-4ad7-ab57-2ecea9a1e292,Confident,BabyBillion_Education,"[{""S"":""3-6""}]",90ff5296-5b99-4ddf-8bdf-ac55f6f7b6c2,https://video.babybillion.in/hls/Confident/Confident.m3u8,/Confident/Confident.m3u8,tara and veer
ba5bdcbb-703f-490b-abcd-fbb71a4ea72c,Far_from,BabyBillion_Education,"[{""S"":""6+""}]",5463715e-88ba-4459-9ac2-0316966024ee,https://video.babybillion.in/hls/Far_from/Far_from.m3u8,/Far_from/Far_from.m3u8,tara and veer
f9acfe54-f3fe-4d5b-9477-cbdde0c47af5,Sight_words_shall,BabyBillion_Education,"[{""S"":""3-6""}]",181961d7-b484-40c7-b24c-9b3f335cc424,https://video.babybillion.in/hls/Sight_words_shall/Sight_words_shall.m3u8,/Sight_words_shall/Sight_words_shall.m3u8,tara and veer
4bcf5b34-b01a-4991-891b-1993b162e358,Respecting_Different_Feelings,BabyBillion_Education,"[{""S"":""6+""}]",90ff5296-5b99-4ddf-8bdf-ac55f6f7b6c2,https://video.babybillion.in/hls/Respecting_Different_Feelings/Respecting_Different_Feelings.m3u8,/Respecting_Different_Feelings/Respecting_Different_Feelings.m3u8,tara and zoya
51ed8e11-1d31-4403-a176-6082614b79ab,Body_Movement_and_Coordination,BabyBillion_Education,"[{""S"":""6+""}]",6d841cca-a54f-451a-90fc-aeffa145e274,https://video.babybillion.in/hls/Body_Movement_and_Coordination/Body_Movement_and_Coordination.m3u8,/Body_Movement_and_Coordination/Body_Movement_and_Coordination.m3u8,tara and zoya
92123a04-5718-4581-a634-384ba3549119,Feeling_Loved,BabyBillion_Education,"[{""S"":""6+""}]",90ff5296-5b99-4ddf-8bdf-ac55f6f7b6c2,https://video.babybillion.in/hls/Feeling_Loved/Feeling_Loved.m3u8,/Feeling_Loved/Feeling_Loved.m3u8,tara and zoya
020d98d1-202e-4524-8bd7-74c172602af7,026_colors_blue_sky,BabyBillion_Education,"[{""S"":""3-6""}]",c23beb7b-23de-440c-9fb1-2990013f11a6,https://video.babybillion.in/hls/026_colors_blue_sky/026_colors_blue_sky.m3u8,/026_colors_blue_sky/026_colors_blue_sky.m3u8,Teja
03e4973e-c099-4698-900d-9150690fa53b,Aunt,BabyBillion_Education,"[{""S"":""3-6""}]",24429faf-f706-4456-a1a0-d8b55cc55f9d,https://video.babybillion.in/hls/Aunt/Aunt.m3u8,/Aunt/Aunt.m3u8,Teja
041ced18-98a0-4a3b-99d5-75000acba3d4,Eating_Vegetables_and_Fruits,BabyBillion_Education,"[{""S"":""3-6""}]",06f625da-1202-4c8a-8b16-e624b97476d1,https://video.babybillion.in/hls/Eating_Vegetables_and_Fruits/Eating_Vegetables_and_Fruits.m3u8,/Eating_Vegetables_and_Fruits/Eating_Vegetables_and_Fruits.m3u8,Teja
043eaba7-935a-4884-9670-bea547124f54,Climb,BabyBillion_Education,"[{""S"":""0-3""}]",cdd3ba69-c04a-402a-a061-05e0f816a161,https://video.babybillion.in/hls/Climb/Climb.m3u8,/Climb/Climb.m3u8,Teja
0498015b-6950-46c9-b704-8e4a4a3aa9e1,Spin,BabyBillion_Education,"[{""S"":""3-6""}]",cdd3ba69-c04a-402a-a061-05e0f816a161,https://video.babybillion.in/hls/Spin/Spin.m3u8,/Spin/Spin.m3u8,Teja
07b3d6eb-0a9d-407f-82bc-88b9107a0789,108_3-6_Size_Patterns_Full_length,BabyBillion_Education,"[{""S"":""3-6""}]",4bd9c717-ad03-4075-b8ee-8d39a1d078b0,https://video.babybillion.in/hls/07b3d6eb-0a9d-407f-82bc-88b9107a0789/07b3d6eb-0a9d-407f-82bc-88b9107a0789.m3u8,/hls/07b3d6eb-0a9d-407f-82bc-88b9107a0789/07b3d6eb-0a9d-407f-82bc-88b9107a0789.m3u8,Teja
08a466a6-68b2-4728-b487-3111af39fcdb,Number_3_Three,BabyBillion_Education,"[{""S"":""0-3""}]",7f104108-2a0b-4ef6-ae47-dd084674c0e6,https://video.babybillion.in/hls/Number_3_Three/Number_3_Three.m3u8,/Number_3_Three/Number_3_Three.m3u8,Teja
0f2bb400-bee7-44ff-a69a-fd93e4aed182,Bored,BabyBillion_Education,"[{""S"":""0-3""}]",90ff5296-5b99-4ddf-8bdf-ac55f6f7b6c2,https://video.babybillion.in/hls/Bored/Bored.m3u8,/Bored/Bored.m3u8,teja
136b8601-10e7-4148-9b0e-1b43624958c3,Hot,BabyBillion_Education,"[{""S"":""0-3""}]",4e8e2dbf-bad4-4a56-8365-251a1cfc4a10,https://video.babybillion.in/hls/Hot/Hot.m3u8,/Hot/Hot.m3u8,teja
13dac6e7-5f58-4299-bb1c-daf19a2aaaba,013_colors_turquoise,BabyBillion_Education,"[{""S"":""3-6""}]",c23beb7b-23de-440c-9fb1-2990013f11a6,https://video.babybillion.in/hls/013_colors_turquoise/013_colors_turquoise.m3u8,/013_colors_turquoise/013_colors_turquoise.m3u8,teja
15dffcbf-c142-4152-977a-7028439845d4,Helicopter,BabyBillion_Education,"[{""S"":""0-3""}]",bf9d1fdb-31f8-48e3-9114-9e4e4967617c,https://video.babybillion.in/hls/Helicopter/Helicopter.m3u8,/Helicopter/Helicopter.m3u8,teja
16c3c03a-aa69-47d4-9c81-5e09b6b85a96,To,BabyBillion_Education,"[{""S"":""3-6""}]",181961d7-b484-40c7-b24c-9b3f335cc424,https://video.babybillion.in/hls/To/To.m3u8,/To/To.m3u8,teja
1a9ca2d2-4cf3-424a-b859-dc1819725750,Stay_away_from_broken_electrical_items,BabyBillion_Education,"[{""S"":""3-6""}]",c3533a50-aeac-4a7c-9f5c-e82d64be5e32,https://video.babybillion.in/hls/Stay_away_from_broken_electrical_items/Stay_away_from_broken_electrical_items.m3u8,/Stay_away_from_broken_electrical_items/Stay_away_from_broken_electrical_items.m3u8,teja
1ff3aa46-4fff-49b1-b629-a22d2e8a4ec2,Mountains,BabyBillion_Education,"[{""S"":""3-6""}]",b7ef253a-6fb1-4247-ad59-99c4c945c8ec,https://video.babybillion.in/hls/Mountains/Mountains.m3u8,/Mountains/Mountains.m3u8,teja
2025be7a-5e72-4f90-9b40-e7fe1d96c115,009_sight_words_up,BabyBillion_Education,"[{""S"":""3-6""}]",181961d7-b484-40c7-b24c-9b3f335cc424,https://video.babybillion.in/hls/009_sight_words_up/009_sight_words_up.m3u8,/009_sight_words_up/009_sight_words_up.m3u8,teja
237957d9-5adb-4ecd-bf15-50842447af72,Worried,BabyBillion_Education,"[{""S"":""6+""}]",90ff5296-5b99-4ddf-8bdf-ac55f6f7b6c2,https://video.babybillion.in/hls/Worried/Worried.m3u8,/Worried/Worried.m3u8,teja
2bf8fda1-8e91-4c78-a947-b08040c22b53,024_abc_capital_h_and_small_h,BabyBillion_Education,"[{""S"":""3-6""}]",1bf17868-9fb8-419a-b7d7-e9ba3b51a364,https://video.babybillion.in/hls/024_abc_capital_h_and_small_h/024_abc_capital_h_and_small_h.m3u8,/024_abc_capital_h_and_small_h/024_abc_capital_h_and_small_h.m3u8,teja
328e4104-d394-4e04-8440-981f32b027ec,A_Z_Long_form_Video,BabyBillion_Education,"[{""S"":""3-6""},{""S"":""6+""}]",a1e97a09-81ca-41d4-9c13-b41fa5d8f9de,https://video.babybillion.in/hls/328e4104-d394-4e04-8440-981f32b027ec/328e4104-d394-4e04-8440-981f32b027ec.m3u8,/hls/328e4104-d394-4e04-8440-981f32b027ec/328e4104-d394-4e04-8440-981f32b027ec.m3u8,teja
334be198-472a-443b-a441-2afc126671c1,White,BabyBillion_Education,"[{""S"":""0-3""}]",c23beb7b-23de-440c-9fb1-2990013f11a6,https://video.babybillion.in/hls/White/White.m3u8,/White/White.m3u8,teja
34a96561-33a8-446d-bf19-f3e74c4d2fc1,Clown_Fish,BabyBillion_Education,"[{""S"":""0-3""}]",bd7c6e2d-c979-43ea-89eb-899d9aeb8b94,https://video.babybillion.in/hls/Clown_Fish/Clown_Fish.m3u8,/Clown_Fish/Clown_Fish.m3u8,teja
35f5eb1c-0bc3-4eee-b948-195cfa8d77b4,Fox,BabyBillion_Education,"[{""S"":""3-6""}]",c1f0397a-0732-418a-b6e4-50081b10219c,https://video.babybillion.in/hls/Fox/Fox.m3u8,/Fox/Fox.m3u8,teja
36a54701-5825-4b24-a560-5882cfaca3b3,007_sight_words_on,BabyBillion_Education,"[{""S"":""3-6""}]",181961d7-b484-40c7-b24c-9b3f335cc424,https://video.babybillion.in/hls/007_sight_words_on/007_sight_words_on.m3u8,/007_sight_words_on/007_sight_words_on.m3u8,teja
3812fafd-0ea7-426e-a683-2550dd2d24c8,letter_P_phonic_sound,BabyBillion_Education,"[{""S"":""3-6""}]",b79bd45b-2c9c-4b7d-91a0-07c93a4dbea1,https://video.babybillion.in/hls/letter_P_phonic_sound/letter_P_phonic_sound.m3u8,/letter_P_phonic_sound/letter_P_phonic_sound.m3u8,teja
38ba7a10-ce34-4404-8ee7-be32ce4d78da,Energetic,BabyBillion_Education,"[{""S"":""3-6""}]",90ff5296-5b99-4ddf-8bdf-ac55f6f7b6c2,https://video.babybillion.in/hls/Energetic/Energetic.m3u8,/Energetic/Energetic.m3u8,teja
394d4f62-6e20-4c83-b792-6ff3cfc4103d,Wind_speed_direction,BabyBillion_Education,"[{""S"":""3-6""}]",ed57a6ae-2009-4c19-9800-8826437fde62,https://video.babybillion.in/hls/Wind_speed_direction/Wind_speed_direction.m3u8,/Wind_speed_direction/Wind_speed_direction.m3u8,teja
396c8230-424c-46b2-b0b2-9c3dce01daae,Cvc_words_met,BabyBillion_Education,"[{""S"":""3-6""}]",bac6ace6-06bc-4f67-85bb-5f0b144d5a15,https://video.babybillion.in/hls/Cvc_words_met/Cvc_words_met.m3u8,/Cvc_words_met/Cvc_words_met.m3u8,teja
39b95fe9-cb59-405a-9085-9b55c5769438,Cvc_words_tin,BabyBillion_Education,"[{""S"":""3-6""}]",bac6ace6-06bc-4f67-85bb-5f0b144d5a15,https://video.babybillion.in/hls/Cvc_words_tin/Cvc_words_tin.m3u8,/Cvc_words_tin/Cvc_words_tin.m3u8,teja
40f8128e-de7d-42ed-9aea-8aabb360a2aa,T_for_Tree,BabyBillion_Education,"[{""S"":""0-3""}]",1bf17868-9fb8-419a-b7d7-e9ba3b51a364,https://video.babybillion.in/hls/T_for_Tree/T_for_Tree.m3u8,/T_for_Tree/T_for_Tree.m3u8,teja
41721395-baac-4ced-a539-5c21f4ae8913,023_phonics_long_a_sound_as_in_cake,BabyBillion_Education,"[{""S"":""3-6""}]",b79bd45b-2c9c-4b7d-91a0-07c93a4dbea1,https://video.babybillion.in/hls/023_phonics_long_a_sound_as_in_cake/023_phonics_long_a_sound_as_in_cake.m3u8,/023_phonics_long_a_sound_as_in_cake/023_phonics_long_a_sound_as_in_cake.m3u8,teja
41e60734-296d-4e23-a3ef-587c992915f0,102_6_The_Sun_Moon_and_Stars,BabyBillion_Education,"[{""S"":""6+""}]",41f1f46f-18fc-4610-a538-2860e362964b,https://video.babybillion.in/hls/102_6_The_Sun_Moon_and_Stars/102_6_The_Sun_Moon_and_Stars.m3u8,/102_6_The_Sun_Moon_and_Stars/102_6_The_Sun_Moon_and_Stars.m3u8,teja
41fb6938-b5e2-4f43-8c3d-7b01a9755ad2,012_sight_words_so,BabyBillion_Education,"[{""S"":""3-6""}]",181961d7-b484-40c7-b24c-9b3f335cc424,https://video.babybillion.in/hls/012_sight_words_so/012_sight_words_so.m3u8,/012_sight_words_so/012_sight_words_so.m3u8,teja
43988368-2d64-4418-aad0-ac8d059600b5,Teddy_Bear,BabyBillion_Education,"[{""S"":""0-3""}]",259e1ebe-d005-41f2-a3f8-810078f51c98,https://video.babybillion.in/hls/Teddy_Bear/Teddy_Bear.m3u8,/Teddy_Bear/Teddy_Bear.m3u8,teja
43a7a7c9-dcbd-4f0d-acfb-f6f8e8da0a35,Sound_of_D_d,BabyBillion_Education,"[{""S"":""3-6""}]",b79bd45b-2c9c-4b7d-91a0-07c93a4dbea1,https://video.babybillion.in/hls/Sound_of_D_d/Sound_of_D_d.m3u8,/Sound_of_D_d/Sound_of_D_d.m3u8,teja
454a18d1-2e38-421f-8bb1-62ac0d3e75e9,Bored,BabyBillion_Education,"[{""S"":""3-6""}]",90ff5296-5b99-4ddf-8bdf-ac55f6f7b6c2,https://video.babybillion.in/hls/Bored/Bored.m3u8,/Bored/Bored.m3u8,teja
47d56398-bdb5-4c1f-91f6-7eb9012e1b97,Dolphin,BabyBillion_Education,"[{""S"":""0-3""}]",bd7c6e2d-c979-43ea-89eb-899d9aeb8b94,https://video.babybillion.in/hls/Dolphin/Dolphin.m3u8,/Dolphin/Dolphin.m3u8,teja
4dc9f6aa-93a8-4dbf-a889-fd2f16421099,Driver,BabyBillion_Education,"[{""S"":""3-6""}]",3dc35861-75e5-4d11-a33d-d263d159f041,https://video.babybillion.in/hls/Driver/Driver.m3u8,/Driver/Driver.m3u8,teja
4ed81219-79a3-4983-861b-d77ee7b0cddb,Toy_Shop,BabyBillion_Education,"[{""S"":""0-3""}]",e4dd4a24-f512-4d74-8bad-596b71c5369f,https://video.babybillion.in/hls/Toy_Shop/Toy_Shop.m3u8,/Toy_Shop/Toy_Shop.m3u8,teja
5006b6b5-8e0a-438c-9412-d20edc262431,049_phonics_digraph_oo_as_in_moon,BabyBillion_Education,"[{""S"":""3-6""}]",b79bd45b-2c9c-4b7d-91a0-07c93a4dbea1,https://video.babybillion.in/hls/049_phonics_digraph_oo_as_in_moon/049_phonics_digraph_oo_as_in_moon.m3u8,/049_phonics_digraph_oo_as_in_moon/049_phonics_digraph_oo_as_in_moon.m3u8,teja
50a7aed6-9a96-4ad5-99dc-b5ee9861f469,Cheeks_Gaal,BabyBillion_Education,"[{""S"":""0-3""}]",6d841cca-a54f-451a-90fc-aeffa145e274,https://video.babybillion.in/hls/Cheeks_Gaal/Cheeks_Gaal.m3u8,/Cheeks_Gaal/Cheeks_Gaal.m3u8,teja
5619a886-e5a9-4176-a811-5ca2715a8a3f,023_abc_capital_g_and_small_g,BabyBillion_Education,"[{""S"":""0-3""}]",1bf17868-9fb8-419a-b7d7-e9ba3b51a364,https://video.babybillion.in/hls/023_abc_capital_g_and_small_g/023_abc_capital_g_and_small_g.m3u8,/023_abc_capital_g_and_small_g/023_abc_capital_g_and_small_g.m3u8,teja
5949115c-738b-4eef-9848-61ec7056ac4c,028_phonics_blending_a_plus_t_equals_at,BabyBillion_Education,"[{""S"":""3-6""}]",b79bd45b-2c9c-4b7d-91a0-07c93a4dbea1,https://video.babybillion.in/hls/028_phonics_blending_a_plus_t_equals_at/028_phonics_blending_a_plus_t_equals_at.m3u8,/028_phonics_blending_a_plus_t_equals_at/028_phonics_blending_a_plus_t_equals_at.m3u8,teja
5d3e97ea-c1f6-4b17-8674-a70ac47c271b,Crane,BabyBillion_Education,"[{""S"":""0-3""}]",bf9d1fdb-31f8-48e3-9114-9e4e4967617c,https://video.babybillion.in/hls/Crane/Crane.m3u8,/Crane/Crane.m3u8,teja
63481857-1460-47eb-91bb-4a8f22e987d1,021_colors_yellow_sun,BabyBillion_Education,"[{""S"":""0-3""}]",c23beb7b-23de-440c-9fb1-2990013f11a6,https://video.babybillion.in/hls/021_colors_yellow_sun/021_colors_yellow_sun.m3u8,/021_colors_yellow_sun/021_colors_yellow_sun.m3u8,teja
63882731-901e-4ab1-b7ea-8fa484e77490,107_6_Space_Exploration_and_Discoveries,BabyBillion_Education,"[{""S"":""6+""}]",b7ef253a-6fb1-4247-ad59-99c4c945c8ec,https://video.babybillion.in/hls/107_6_Space_Exploration_and_Discoveries/107_6_Space_Exploration_and_Discoveries.m3u8,/107_6_Space_Exploration_and_Discoveries/107_6_Space_Exploration_and_Discoveries.m3u8,teja
6e236b04-38bc-430a-98ff-207487b3477e,abc_capital_U_and_small_u,BabyBillion_Education,"[{""S"":""3-6""}]",1bf17868-9fb8-419a-b7d7-e9ba3b51a364,https://video.babybillion.in/hls/abc_capital_U_and_small_u/abc_capital_U_and_small_u.m3u8,/abc_capital_U_and_small_u/abc_capital_U_and_small_u.m3u8,teja
6fdc9ff5-8215-481f-b124-61a00a118527,044_colors_black_crow,BabyBillion_Education,"[{""S"":""3-6""}]",c23beb7b-23de-440c-9fb1-2990013f11a6,https://video.babybillion.in/hls/044_colors_black_crow/044_colors_black_crow.m3u8,/044_colors_black_crow/044_colors_black_crow.m3u8,teja
7110fd7d-d0b3-413f-a681-b36e1062c468,057_sight_words_eat,BabyBillion_Education,"[{""S"":""3-6""}]",181961d7-b484-40c7-b24c-9b3f335cc424,https://video.babybillion.in/hls/057_sight_words_eat/057_sight_words_eat.m3u8,/057_sight_words_eat/057_sight_words_eat.m3u8,teja
73ef5d65-da1a-41d2-bf97-9b75dc5076d0,107_6_Space_Exploration_and_Discoveries,BabyBillion_Education,"[{""S"":""6+""}]",41f1f46f-18fc-4610-a538-2860e362964b,https://video.babybillion.in/hls/107_6_Space_Exploration_and_Discoveries/107_6_Space_Exploration_and_Discoveries.m3u8,/107_6_Space_Exploration_and_Discoveries/107_6_Space_Exploration_and_Discoveries.m3u8,teja
7655e81f-73c2-4df9-b231-2997e3c060cc,003_shapes_cone_3d,BabyBillion_Education,"[{""S"":""3-6""}]",da4d2220-056e-483b-9fc0-8451577d4cc9,https://video.babybillion.in/hls/003_shapes_cone_3d/003_shapes_cone_3d.m3u8,/003_shapes_cone_3d/003_shapes_cone_3d.m3u8,teja
76591f47-d34b-40ca-8801-cfca378f0ec7,027_vehicles_glider,BabyBillion_Education,"[{""S"":""0-3""}]",bf9d1fdb-31f8-48e3-9114-9e4e4967617c,https://video.babybillion.in/hls/027_vehicles_glider/027_vehicles_glider.m3u8,/027_vehicles_glider/027_vehicles_glider.m3u8,teja
76a91667-3e63-4e92-b62d-9843d6022241,Continents,BabyBillion_Education,"[{""S"":""3-6""}]",b7ef253a-6fb1-4247-ad59-99c4c945c8ec,https://video.babybillion.in/hls/Continents/Continents.m3u8,/Continents/Continents.m3u8,teja
77d64bad-4bfa-444f-96f9-f0b2e07429fe,I_am_age_years_old,BabyBillion_Education,"[{""S"":""3-6""}]",4c06fdb7-0fe2-4c21-aab0-f80f2fa1f650,https://video.babybillion.in/hls/I_am_age_years_old/I_am_age_years_old.m3u8,/I_am_age_years_old/I_am_age_years_old.m3u8,teja
78a760cd-159a-4d1f-b988-5bec39ef7a1b,Vulture,BabyBillion_Education,"[{""S"":""0-3""}]",efdd9da9-9b29-45aa-8bc4-3ddbee54940d,https://video.babybillion.in/hls/Vulture/Vulture.m3u8,/Vulture/Vulture.m3u8,teja
7b4576d8-f64e-476e-80e0-776700449c9d,106_3-6_Crow,BabyBillion_Education,"[{""S"":""3-6""}]",efdd9da9-9b29-45aa-8bc4-3ddbee54940d,https://video.babybillion.in/hls/106_3-6_Crow/106_3-6_Crow.m3u8,/106_3-6_Crow/106_3-6_Crow.m3u8,teja
8047061a-dd20-4f5e-a9a9-66211290a5ff,Teddy_Bear,BabyBillion_Education,"[{""S"":""0-3""}]",259e1ebe-d005-41f2-a3f8-810078f51c98,https://video.babybillion.in/hls/Teddy_Bear/Teddy_Bear.m3u8,/Teddy_Bear/Teddy_Bear.m3u8,teja
820d540a-6e20-407f-8a54-fa7163258145,Sparrow,BabyBillion_Education,"[{""S"":""0-3""}]",efdd9da9-9b29-45aa-8bc4-3ddbee54940d,https://video.babybillion.in/hls/Sparrow/Sparrow.m3u8,/Sparrow/Sparrow.m3u8,teja
8c12388e-3407-450e-a09d-dfe8959404ad,Climb,BabyBillion_Education,"[{""S"":""0-3""}]",cdd3ba69-c04a-402a-a061-05e0f816a161,https://video.babybillion.in/hls/Climb/Climb.m3u8,/Climb/Climb.m3u8,teja
8d34b499-8d18-42fc-afc5-7cc86b9d8b8c,Rainy_Day_Indoor_Games,BabyBillion_Education,"[{""S"":""6+""}]",cf83518a-7e38-483a-9b3e-a943beb08196,https://video.babybillion.in/hls/Rainy_Day_Indoor_Games/Rainy_Day_Indoor_Games.m3u8,/Rainy_Day_Indoor_Games/Rainy_Day_Indoor_Games.m3u8,teja
8fc1d084-ddfb-4c60-ba42-081c61a1c2f3,Daylight_and_darkness,BabyBillion_Education,"[{""S"":""3-6""}]",b7ef253a-6fb1-4247-ad59-99c4c945c8ec,https://video.babybillion.in/hls/Daylight_and_darkness/Daylight_and_darkness.m3u8,/Daylight_and_darkness/Daylight_and_darkness.m3u8,teja
92e9b177-e58a-40d9-a294-072e15d67587,Small_Fruits-_Grapes_Cherry,BabyBillion_Education,"[{""S"":""3-6""}]",2c830c25-38e8-4d38-a3c3-cc9a3ff96b5f,https://video.babybillion.in/hls/Small_Fruits-_Grapes_Cherry/Small_Fruits-_Grapes_Cherry.m3u8,/Small_Fruits-_Grapes_Cherry/Small_Fruits-_Grapes_Cherry.m3u8,teja
97c99c87-394d-47fe-b9bc-a22d31fb2821,Driver,BabyBillion_Education,"[{""S"":""0-3""}]",18ae1c51-e0c5-4df1-94f6-30f5e6732dd3,https://video.babybillion.in/hls/Driver/Driver.m3u8,/Driver/Driver.m3u8,teja
97fb3e07-6e36-4e9c-82b8-5ce6e7100595,059_english_speaking_please_forgive_me,BabyBillion_Education,"[{""S"":""3-6""}]",0eba9676-9d93-484f-8938-41e3ab588a7f,https://video.babybillion.in/hls/059_english_speaking_please_forgive_me/059_english_speaking_please_forgive_me.m3u8,/059_english_speaking_please_forgive_me/059_english_speaking_please_forgive_me.m3u8,teja
98f5199d-ab34-41d9-a655-1bac059a564d,Dinosaur_Toy,BabyBillion_Education,"[{""S"":""0-3""}]",259e1ebe-d005-41f2-a3f8-810078f51c98,https://video.babybillion.in/hls/Dinosaur_Toy/Dinosaur_Toy.m3u8,/Dinosaur_Toy/Dinosaur_Toy.m3u8,teja
9dc521c7-a591-4154-b73b-e45ccd022489,Tiptoe_walking,BabyBillion_Education,"[{""S"":""0-3""}]",cdd3ba69-c04a-402a-a061-05e0f816a161,https://video.babybillion.in/hls/Tiptoe_walking/Tiptoe_walking.m3u8,/Tiptoe_walking/Tiptoe_walking.m3u8,teja
9eb751e7-35f7-4eb9-9ddb-4d7582d55ea6,Grass,BabyBillion_Education,"[{""S"":""0-3""}]",f476a63c-f5d0-4454-afee-eb96182ff983,https://video.babybillion.in/hls/Grass/Grass.m3u8,/Grass/Grass.m3u8,teja
a0219d13-adb1-4c79-9935-bc881a725bed,028_community_helpers_what_does_a_tailor_do,BabyBillion_Education,"[{""S"":""0-3""}]",3dc35861-75e5-4d11-a33d-d263d159f041,https://video.babybillion.in/hls/028_community_helpers_what_does_a_tailor_do/028_community_helpers_what_does_a_tailor_do.m3u8,/028_community_helpers_what_does_a_tailor_do/028_community_helpers_what_does_a_tailor_do.m3u8,teja
a100768b-1700-45b6-b40e-f8f3dca19b84,Jupiter,BabyBillion_Education,"[{""S"":""3-6""}]",b7ef253a-6fb1-4247-ad59-99c4c945c8ec,https://video.babybillion.in/hls/Jupiter/Jupiter.m3u8,/Jupiter/Jupiter.m3u8,teja
a2eef5b4-ab00-4a6b-9bd0-e5e6ace18158,038_phonics_blending_b_u_s_equals_bus,BabyBillion_Education,"[{""S"":""3-6""}]",b79bd45b-2c9c-4b7d-91a0-07c93a4dbea1,https://video.babybillion.in/hls/038_phonics_blending_b_u_s_equals_bus/038_phonics_blending_b_u_s_equals_bus.m3u8,/038_phonics_blending_b_u_s_equals_bus/038_phonics_blending_b_u_s_equals_bus.m3u8,teja
a7b13421-fd1a-4356-aa89-41521e2a6fc8,Toes_Heel,BabyBillion_Education,"[{""S"":""3-6""}]",6d841cca-a54f-451a-90fc-aeffa145e274,https://video.babybillion.in/hls/Toes_Heel/Toes_Heel.m3u8,/Toes_Heel/Toes_Heel.m3u8,teja
a9ee10ea-51ab-4068-a3cd-dd75f2eb5cd5,Tiptoe_walking,BabyBillion_Education,"[{""S"":""0-3""}]",6d841cca-a54f-451a-90fc-aeffa145e274,https://video.babybillion.in/hls/Tiptoe_walking/Tiptoe_walking.m3u8,/Tiptoe_walking/Tiptoe_walking.m3u8,teja
ab4d592a-d6ad-48f7-99e9-b5c17e79d4c2,010_sight_words_go,BabyBillion_Education,"[{""S"":""3-6""}]",181961d7-b484-40c7-b24c-9b3f335cc424,https://video.babybillion.in/hls/010_sight_words_go/010_sight_words_go.m3u8,/010_sight_words_go/010_sight_words_go.m3u8,teja
ae0f4578-24c3-4bc7-8884-aef283c70249,Seahorse,BabyBillion_Education,"[{""S"":""0-3""}]",bd7c6e2d-c979-43ea-89eb-899d9aeb8b94,https://video.babybillion.in/hls/Seahorse/Seahorse.m3u8,/Seahorse/Seahorse.m3u8,teja
b26bfa36-384a-4ab6-9ef8-93e9c6aa4caa,107_3-6_Color_Patterns_RedBlue,BabyBillion_Education,"[{""S"":""3-6""}]",4bd9c717-ad03-4075-b8ee-8d39a1d078b0,https://video.babybillion.in/hls/b26bfa36-384a-4ab6-9ef8-93e9c6aa4caa/b26bfa36-384a-4ab6-9ef8-93e9c6aa4caa.m3u8,/hls/b26bfa36-384a-4ab6-9ef8-93e9c6aa4caa/b26bfa36-384a-4ab6-9ef8-93e9c6aa4caa.m3u8,teja
b6cf4be1-459c-4412-b828-3570329afbef,World,BabyBillion_Education,"[{""S"":""3-6""}]",b7ef253a-6fb1-4247-ad59-99c4c945c8ec,https://video.babybillion.in/hls/World/World.m3u8,/World/World.m3u8,teja
baa33df7-7985-4ef6-a790-dc77cdfc0578,109_6_Galaxies_and_the_Universe,BabyBillion_Education,"[{""S"":""6+""}]",41f1f46f-18fc-4610-a538-2860e362964b,https://video.babybillion.in/hls/109_6_Galaxies_and_the_Universe/109_6_Galaxies_and_the_Universe.m3u8,/109_6_Galaxies_and_the_Universe/109_6_Galaxies_and_the_Universe.m3u8,teja
bba46ec7-c17f-41c2-88c6-53ffa5de5477,Country,BabyBillion_Education,"[{""S"":""3-6""}]",b7ef253a-6fb1-4247-ad59-99c4c945c8ec,https://video.babybillion.in/hls/Country/Country.m3u8,/Country/Country.m3u8,teja
bbea0183-7b07-4a32-8e84-1117f8c3a16c,Keeping_the_park_clean,BabyBillion_Education,"[{""S"":""3-6""}]",06f625da-1202-4c8a-8b16-e624b97476d1,https://video.babybillion.in/hls/Keeping_the_park_clean/Keeping_the_park_clean.m3u8,/Keeping_the_park_clean/Keeping_the_park_clean.m3u8,teja
bdfe200d-929d-4902-af1c-70aa2324e1c4,Tongue_Jeebh,BabyBillion_Education,"[{""S"":""0-3""}]",6d841cca-a54f-451a-90fc-aeffa145e274,https://video.babybillion.in/hls/Tongue_Jeebh/Tongue_Jeebh.m3u8,/Tongue_Jeebh/Tongue_Jeebh.m3u8,teja
c09cab9c-d73b-4399-93bd-70a42ed86260,Lemon_Nimbu,BabyBillion_Education,"[{""S"":""0-3""}]",2c830c25-38e8-4d38-a3c3-cc9a3ff96b5f,https://video.babybillion.in/hls/Lemon_Nimbu/Lemon_Nimbu.m3u8,/Lemon_Nimbu/Lemon_Nimbu.m3u8,teja
c18b084b-4b4e-4552-939b-985fc36d518c,ClownJoker,BabyBillion_Education,"[{""S"":""0-3""}]",18ae1c51-e0c5-4df1-94f6-30f5e6732dd3,https://video.babybillion.in/hls/ClownJoker/ClownJoker.m3u8,/ClownJoker/ClownJoker.m3u8,teja
c2c2afd2-551c-48a1-b483-b02dd1229000,005_shapes_sphere,BabyBillion_Education,"[{""S"":""3-6""}]",da4d2220-056e-483b-9fc0-8451577d4cc9,https://video.babybillion.in/hls/005_shapes_sphere/005_shapes_sphere.m3u8,/005_shapes_sphere/005_shapes_sphere.m3u8,teja
c46dc328-8cc7-4599-963d-c666524f410c,Fox,BabyBillion_Education,"[{""S"":""0-3""}]",79156051-e033-423a-b7de-a68fe1342a75,https://video.babybillion.in/hls/Fox/Fox.m3u8,/Fox/Fox.m3u8,teja
c7d92ec3-80c1-4538-b8e5-ad701d2e96f4,Duck,BabyBillion_Education,"[{""S"":""0-3""}]",efdd9da9-9b29-45aa-8bc4-3ddbee54940d,https://video.babybillion.in/hls/Duck/Duck.m3u8,/Duck/Duck.m3u8,Teja
c8d57f25-ff9c-47e2-99c4-baec7df83389,Stars,BabyBillion_Education,"[{""S"":""3-6""}]",b7ef253a-6fb1-4247-ad59-99c4c945c8ec,https://video.babybillion.in/hls/Stars/Stars.m3u8,/Stars/Stars.m3u8,teja
c90b9648-2099-4c63-ab65-3ca460cbb025,Bee_making_honey,BabyBillion_Education,"[{""S"":""0-3""}]",40d567cd-95aa-469e-b7a8-da623f2579d8,https://video.babybillion.in/hls/Bee_making_honey/Bee_making_honey.m3u8,/Bee_making_honey/Bee_making_honey.m3u8,teja
c9d7f3fc-455b-4acb-9989-ce2259a231dd,102_6_The_Sun_Moon_and_Stars,BabyBillion_Education,"[{""S"":""6+""}]",b7ef253a-6fb1-4247-ad59-99c4c945c8ec,https://video.babybillion.in/hls/102_6_The_Sun_Moon_and_Stars/102_6_The_Sun_Moon_and_Stars.m3u8,/102_6_The_Sun_Moon_and_Stars/102_6_The_Sun_Moon_and_Stars.m3u8,teja
cc00387b-13b5-4ba4-907d-46606fa1769d,054_community_helpers_firefighters_tool_fire_hose,BabyBillion_Education,"[{""S"":""6+""}]",3dc35861-75e5-4d11-a33d-d263d159f041,https://video.babybillion.in/hls/054_community_helpers_firefighters_tool_fire_hose/054_community_helpers_firefighters_tool_fire_hose.m3u8,/054_community_helpers_firefighters_tool_fire_hose/054_community_helpers_firefighters_tool_fire_hose.m3u8,teja
cd1dc1c9-ef45-4612-9f0c-fa756f7896f1,109_6_Galaxies_and_the_Universe,BabyBillion_Education,"[{""S"":""6+""}]",b7ef253a-6fb1-4247-ad59-99c4c945c8ec,https://video.babybillion.in/hls/109_6_Galaxies_and_the_Universe/109_6_Galaxies_and_the_Universe.m3u8,/109_6_Galaxies_and_the_Universe/109_6_Galaxies_and_the_Universe.m3u8,teja
cd24e708-accb-40d9-967f-654d85c792e3,Air_pressure,BabyBillion_Education,"[{""S"":""3-6""}]",b7ef253a-6fb1-4247-ad59-99c4c945c8ec,https://video.babybillion.in/hls/Air_pressure/Air_pressure.m3u8,/Air_pressure/Air_pressure.m3u8,teja
cde82d5a-5f96-4a28-ad91-59c19966b654,010_community_helpers_barber,BabyBillion_Education,"[{""S"":""3-6""}]",3dc35861-75e5-4d11-a33d-d263d159f041,https://video.babybillion.in/hls/010_community_helpers_barber/010_community_helpers_barber.m3u8,/010_community_helpers_barber/010_community_helpers_barber.m3u8,teja
cf0d4863-cfe0-4acb-b943-bce34ffcd019,Spin,BabyBillion_Education,"[{""S"":""3-6""}]",6d841cca-a54f-451a-90fc-aeffa145e274,https://video.babybillion.in/hls/Spin/Spin.m3u8,/Spin/Spin.m3u8,teja
d0a338fe-fe1d-44b6-a6c7-08f4d0f3ce68,Fast_-_Slow,BabyBillion_Education,"[{""S"":""6+""}]",03776bdf-d177-47e6-abe5-d3215a0df920,https://video.babybillion.in/hls/Fast_-_Slow/Fast_-_Slow.m3u8,/Fast_-_Slow/Fast_-_Slow.m3u8,teja
d2356592-51fe-4755-9fa0-cc24e07bab2f,Giggly,BabyBillion_Education,"[{""S"":""0-3""}]",90ff5296-5b99-4ddf-8bdf-ac55f6f7b6c2,https://video.babybillion.in/hls/Giggly/Giggly.m3u8,/Giggly/Giggly.m3u8,teja
d38c71cc-fc7d-42f7-a94b-964ee95b443d,Woodpecker,BabyBillion_Education,"[{""S"":""0-3""}]",efdd9da9-9b29-45aa-8bc4-3ddbee54940d,https://video.babybillion.in/hls/Woodpecker/Woodpecker.m3u8,/Woodpecker/Woodpecker.m3u8,teja
db1991d1-6607-4bc9-8f38-06c772722622,Sight_words_run,BabyBillion_Education,"[{""S"":""3-6""}]",181961d7-b484-40c7-b24c-9b3f335cc424,https://video.babybillion.in/hls/Sight_words_run/Sight_words_run.m3u8,/Sight_words_run/Sight_words_run.m3u8,teja
dc19651a-d684-49eb-ac22-0564d7afcdec,Lungs,BabyBillion_Education,"[{""S"":""3-6""}]",6d841cca-a54f-451a-90fc-aeffa145e274,https://video.babybillion.in/hls/Lungs/Lungs.m3u8,/Lungs/Lungs.m3u8,teja
dd16da59-82cf-45e1-ab8f-4cf8c3616a23,Climb,BabyBillion_Education,"[{""S"":""0-3""}]",6d841cca-a54f-451a-90fc-aeffa145e274,https://video.babybillion.in/hls/Climb/Climb.m3u8,/Climb/Climb.m3u8,teja
e0b270c8-2e70-4085-970e-71b52da9e77b,Neck_Gardan,BabyBillion_Education,"[{""S"":""0-3""}]",6d841cca-a54f-451a-90fc-aeffa145e274,https://video.babybillion.in/hls/Neck_Gardan/Neck_Gardan.m3u8,/Neck_Gardan/Neck_Gardan.m3u8,teja
e23df25a-8c1e-430c-a976-0e3307c169a6,025_phonics_long_i_sound_as_in_kite,BabyBillion_Education,"[{""S"":""3-6""}]",b79bd45b-2c9c-4b7d-91a0-07c93a4dbea1,https://video.babybillion.in/hls/025_phonics_long_i_sound_as_in_kite/025_phonics_long_i_sound_as_in_kite.m3u8,/025_phonics_long_i_sound_as_in_kite/025_phonics_long_i_sound_as_in_kite.m3u8,teja
e26c2865-7513-46ed-b14d-c2ddfc564587,Worried,BabyBillion_Education,"[{""S"":""3-6""}]",90ff5296-5b99-4ddf-8bdf-ac55f6f7b6c2,https://video.babybillion.in/hls/Worried/Worried.m3u8,/Worried/Worried.m3u8,teja
e67ceeea-7beb-4fb9-b4c6-c44281601708,Fox,BabyBillion_Education,"[{""S"":""3-6""}]",79156051-e033-423a-b7de-a68fe1342a75,https://video.babybillion.in/hls/Fox/Fox.m3u8,/Fox/Fox.m3u8,teja
e78d08a6-8662-4134-b015-4b7e3fdb4a03,018_colors_red_rose,BabyBillion_Education,"[{""S"":""3-6""}]",c23beb7b-23de-440c-9fb1-2990013f11a6,https://video.babybillion.in/hls/018_colors_red_rose/018_colors_red_rose.m3u8,/018_colors_red_rose/018_colors_red_rose.m3u8,teja
e7ae34ce-c46b-437b-934c-15880a047699,Bathing_Daily,BabyBillion_Education,"[{""S"":""6+""}]",06f625da-1202-4c8a-8b16-e624b97476d1,https://video.babybillion.in/hls/Bathing_Daily/Bathing_Daily.m3u8,/Bathing_Daily/Bathing_Daily.m3u8,teja
e8fdd57c-27d4-4329-a8a1-73d423658c98,Hold_an_adults_hand_while_walking_outside,BabyBillion_Education,"[{""S"":""3-6""}]",c3533a50-aeac-4a7c-9f5c-e82d64be5e32,https://video.babybillion.in/hls/Hold_an_adults_hand_while_walking_outside/Hold_an_adults_hand_while_walking_outside.m3u8,/Hold_an_adults_hand_while_walking_outside/Hold_an_adults_hand_while_walking_outside.m3u8,teja
ea9c1c74-0f52-415b-ba16-fc38e613847e,024_vehicles_ferry,BabyBillion_Education,"[{""S"":""3-6""}]",bf9d1fdb-31f8-48e3-9114-9e4e4967617c,https://video.babybillion.in/hls/024_vehicles_ferry/024_vehicles_ferry.m3u8,/024_vehicles_ferry/024_vehicles_ferry.m3u8,teja
edec092c-94e1-4149-9862-b93b472e07f3,Airplane,BabyBillion_Education,"[{""S"":""0-3""}]",bf9d1fdb-31f8-48e3-9114-9e4e4967617c,https://video.babybillion.in/hls/Airplane/Airplane.m3u8,/Airplane/Airplane.m3u8,teja
eeebed0d-aad6-4ba3-a558-8427872e514c,2D_vs_3D_Shapes_difference,BabyBillion_Education,"[{""S"":""6+""}]",3579ea01-b32b-40f9-aac1-be5997a17606,https://video.babybillion.in/hls/2D_vs_3D_Shapes_difference/2D_vs_3D_Shapes_difference.m3u8,/2D_vs_3D_Shapes_difference/2D_vs_3D_Shapes_difference.m3u8,teja
ef905a48-e49c-432c-98d3-73ce09d4a07f,020_vehicles_bullock_cart,BabyBillion_Education,"[{""S"":""3-6""}]",bf9d1fdb-31f8-48e3-9114-9e4e4967617c,https://video.babybillion.in/hls/020_vehicles_bullock_cart/020_vehicles_bullock_cart.m3u8,/020_vehicles_bullock_cart/020_vehicles_bullock_cart.m3u8,teja
ef953bc5-fc4e-4fef-b01d-35981f626ee4,015_abc_letter_y_yellow_yak,BabyBillion_Education,"[{""S"":""3-6""}]",1bf17868-9fb8-419a-b7d7-e9ba3b51a364,https://video.babybillion.in/hls/015_abc_letter_y_yellow_yak/015_abc_letter_y_yellow_yak.m3u8,/015_abc_letter_y_yellow_yak/015_abc_letter_y_yellow_yak.m3u8,teja
f0149f20-8a33-4091-8a63-1904b2781a45,027_phonics_long_u_sound_as_in_cube,BabyBillion_Education,"[{""S"":""3-6""}]",b79bd45b-2c9c-4b7d-91a0-07c93a4dbea1,https://video.babybillion.in/hls/027_phonics_long_u_sound_as_in_cube/027_phonics_long_u_sound_as_in_cube.m3u8,/027_phonics_long_u_sound_as_in_cube/027_phonics_long_u_sound_as_in_cube.m3u8,teja
f47841c7-721e-43ec-ac77-7db1d5cb20bb,Mop_Pochha,BabyBillion_Education,"[{""S"":""0-3""}]",aa154d92-77f0-4dd7-9c3f-d7e57bd9baf5,https://video.babybillion.in/hls/Mop_Pochha/Mop_Pochha.m3u8,/Mop_Pochha/Mop_Pochha.m3u8,teja
f5647d90-17f5-43c8-96b5-9450bd863d02,Oo,BabyBillion_Education,"[{""S"":""3-6""}]",fec06a4b-b277-4fe2-8fff-bb40451bf2d9,https://video.babybillion.in/hls/Oo/Oo.m3u8,/Oo/Oo.m3u8,teja
f5ad05f2-bf57-435e-b9f3-75b004faddd6,Republic_Day_26_Jan,BabyBillion_Education,"[{""S"":""0-3""}]",655a5081-8ce4-4cfc-b36d-d5d0d1a06c1e,https://video.babybillion.in/hls/Republic_Day_26_Jan/Republic_Day_26_Jan.m3u8,/Republic_Day_26_Jan/Republic_Day_26_Jan.m3u8,teja
f8fcb757-a63e-4a7f-843b-7b9a78362103,Neighbouring_Countries_of_India,BabyBillion_Education,"[{""S"":""6+""}]",2754f754-bfaf-4810-9852-60d5960a7a74,https://video.babybillion.in/hls/Neighbouring_Countries_of_India/Neighbouring_Countries_of_India.m3u8,/Neighbouring_Countries_of_India/Neighbouring_Countries_of_India.m3u8,teja
fce2b643-ae74-49a9-b829-b54857d1df39,My_Favorite_Color,BabyBillion_Education,"[{""S"":""0-3""}]",c23beb7b-23de-440c-9fb1-2990013f11a6,https://video.babybillion.in/hls/My_Favorite_Color/My_Favorite_Color.m3u8,/My_Favorite_Color/My_Favorite_Color.m3u8,teja
ff3dbd18-ef2f-4227-b86f-70c206725b0b,Big_Circle_vs_Small_Circle,BabyBillion_Education,"[{""S"":""0-3""}]",da4d2220-056e-483b-9fc0-8451577d4cc9,https://video.babybillion.in/hls/Big_Circle_vs_Small_Circle/Big_Circle_vs_Small_Circle.m3u8,/Big_Circle_vs_Small_Circle/Big_Circle_vs_Small_Circle.m3u8,teja
cb5ab418-ca2d-431b-b62f-3f1e16bb8106,028_vehicles_jet,BabyBillion_Education,"[{""S"":""0-3""}]",bf9d1fdb-31f8-48e3-9114-9e4e4967617c,https://video.babybillion.in/hls/028_vehicles_jet/028_vehicles_jet.m3u8,/028_vehicles_jet/028_vehicles_jet.m3u8,Teja 
cc62bb8c-1dc0-4a71-a0e1-33d8e1239094,115_3-6_Woodpecker,BabyBillion_Education,"[{""S"":""3-6""}]",efdd9da9-9b29-45aa-8bc4-3ddbee54940d,https://video.babybillion.in/hls/115_3-6_Woodpecker/115_3-6_Woodpecker.m3u8,/115_3-6_Woodpecker/115_3-6_Woodpecker.m3u8,teja 
ca3c002e-243c-4f5f-ba06-35faf401e051,036_good_habits_not_interrupting_when_others_talk,BabyBillion_Education,"[{""S"":""3-6""}]",06f625da-1202-4c8a-8b16-e624b97476d1,https://video.babybillion.in/hls/036_good_habits_not_interrupting_when_others_talk/036_good_habits_not_interrupting_when_others_talk.m3u8,/036_good_habits_not_interrupting_when_others_talk/036_good_habits_not_interrupting_when_others_talk.m3u8,teja and meera
fed2a2bc-6a6a-4a20-a7a9-31c6eb985355,008_good_habits_covering_mouth_when_sneezing,BabyBillion_Education,"[{""S"":""3-6""}]",06f625da-1202-4c8a-8b16-e624b97476d1,https://video.babybillion.in/hls/008_good_habits_covering_mouth_when_sneezing/008_good_habits_covering_mouth_when_sneezing.m3u8,/008_good_habits_covering_mouth_when_sneezing/008_good_habits_covering_mouth_when_sneezing.m3u8,teja and Priya
7b9b2968-01c9-4840-aeff-b34a56cf08b4,040_good_habits_sharing_food_with_siblings,BabyBillion_Education,"[{""S"":""3-6""}]",06f625da-1202-4c8a-8b16-e624b97476d1,https://video.babybillion.in/hls/040_good_habits_sharing_food_with_siblings/040_good_habits_sharing_food_with_siblings.m3u8,/040_good_habits_sharing_food_with_siblings/040_good_habits_sharing_food_with_siblings.m3u8,teja and zoya
01daa216-85e0-4a80-831b-5a9d5a78fafe,Foggy,BabyBillion_Education,"[{""S"":""3-6""}]",ed57a6ae-2009-4c19-9800-8826437fde62,https://video.babybillion.in/hls/Foggy/Foggy.m3u8,/Foggy/Foggy.m3u8,Veer
08c5a707-2565-46a7-915f-21d914b06b6c,063_simple_sentences_i_want_my_mother,BabyBillion_Education,"[{""S"":""3-6""}]",4c06fdb7-0fe2-4c21-aab0-f80f2fa1f650,https://video.babybillion.in/hls/063_simple_sentences_i_want_my_mother/063_simple_sentences_i_want_my_mother.m3u8,/063_simple_sentences_i_want_my_mother/063_simple_sentences_i_want_my_mother.m3u8,Veer
08f50a60-2b7f-424a-8d89-0dabf1e7306c,016_vehicles_tricycle,BabyBillion_Education,"[{""S"":""3-6""}]",bf9d1fdb-31f8-48e3-9114-9e4e4967617c,https://video.babybillion.in/hls/016_vehicles_tricycle/016_vehicles_tricycle.m3u8,/016_vehicles_tricycle/016_vehicles_tricycle.m3u8,Veer
09f702d6-70fe-4734-b0db-4c250012e068,Boat,BabyBillion_Education,"[{""S"":""3-6""}]",bf9d1fdb-31f8-48e3-9114-9e4e4967617c,https://video.babybillion.in/hls/Boat/Boat.m3u8,/Boat/Boat.m3u8,Veer
0b54f9ed-5002-4626-bef8-68eea98a6098,Bhaiya,BabyBillion_Education,"[{""S"":""0-3""}]",24429faf-f706-4456-a1a0-d8b55cc55f9d,https://video.babybillion.in/hls/Bhaiya/Bhaiya.m3u8,/Bhaiya/Bhaiya.m3u8,Veer
0beba698-0570-42a5-b4c0-be6fb50e2c7b,Gorilla,BabyBillion_Education,"[{""S"":""3-6""}]",c1f0397a-0732-418a-b6e4-50081b10219c,https://video.babybillion.in/hls/Gorilla/Gorilla.m3u8,/Gorilla/Gorilla.m3u8,Veer
0ccde69d-3a8c-4aa1-9bbc-18d875cf4cfe,050_simple_sentences_i_am_playing,BabyBillion_Education,"[{""S"":""3-6""}]",0eba9676-9d93-484f-8938-41e3ab588a7f,https://video.babybillion.in/hls/050_simple_sentences_i_am_playing/050_simple_sentences_i_am_playing.m3u8,/050_simple_sentences_i_am_playing/050_simple_sentences_i_am_playing.m3u8,veer
0dd13aa9-520d-4862-a4db-522a6abf345a,Pink,BabyBillion_Education,"[{""S"":""0-3""}]",c23beb7b-23de-440c-9fb1-2990013f11a6,https://video.babybillion.in/hls/Pink/Pink.m3u8,/Pink/Pink.m3u8,veer
0dd2afb1-c7d8-46c3-b3f6-403979e945fa,Candle,BabyBillion_Education,"[{""S"":""0-3""}]",aa154d92-77f0-4dd7-9c3f-d7e57bd9baf5,https://video.babybillion.in/hls/Candle/Candle.m3u8,/Candle/Candle.m3u8,veer
0e4493e7-47ff-435c-87dc-40d4989e91f6,colors_grey_cloud,BabyBillion_Education,"[{""S"":""3-6""}]",c23beb7b-23de-440c-9fb1-2990013f11a6,https://video.babybillion.in/hls/colors_grey_cloud/colors_grey_cloud.m3u8,/colors_grey_cloud/colors_grey_cloud.m3u8,veer
0f09f238-3354-4ae5-99ba-c53219a18a5f,Rain_and_puddles,BabyBillion_Education,"[{""S"":""3-6""}]",b7ef253a-6fb1-4247-ad59-99c4c945c8ec,https://video.babybillion.in/hls/Rain_and_puddles/Rain_and_puddles.m3u8,/Rain_and_puddles/Rain_and_puddles.m3u8,veer
0f3e727d-8dfd-46fb-8625-8e02cc1c4176,Twist,BabyBillion_Education,"[{""S"":""3-6""}]",cdd3ba69-c04a-402a-a061-05e0f816a161,https://video.babybillion.in/hls/Twist/Twist.m3u8,/Twist/Twist.m3u8,veer
11dddb71-d666-4eb6-bc33-2e1004802daf,Helping_Pappa_at_home,BabyBillion_Education,"[{""S"":""3-6""}]",06f625da-1202-4c8a-8b16-e624b97476d1,https://video.babybillion.in/hls/Helping_Pappa_at_home/Helping_Pappa_at_home.m3u8,/Helping_Pappa_at_home/Helping_Pappa_at_home.m3u8,veer
11e060e9-16c8-418e-adb8-db684be79bd6,Autumn_Fall,BabyBillion_Education,"[{""S"":""3-6""}]",ed57a6ae-2009-4c19-9800-8826437fde62,https://video.babybillion.in/hls/Autumn_Fall/Autumn_Fall.m3u8,/Autumn_Fall/Autumn_Fall.m3u8,veer
13634b2e-4853-4991-8ed1-1b9e05bbb761,Muscles,BabyBillion_Education,"[{""S"":""3-6""}]",6d841cca-a54f-451a-90fc-aeffa145e274,https://video.babybillion.in/hls/Muscles/Muscles.m3u8,/Muscles/Muscles.m3u8,veer
13a6e557-c8c3-4e07-a9f0-84ab0a8deff9,Ankle_Foot_Feet,BabyBillion_Education,"[{""S"":""3-6""}]",6d841cca-a54f-451a-90fc-aeffa145e274,https://video.babybillion.in/hls/Ankle_Foot_Feet/Ankle_Foot_Feet.m3u8,/Ankle_Foot_Feet/Ankle_Foot_Feet.m3u8,veer
14ef37e3-fa23-4bdf-9307-2c8925a0cff6,Jalebi_Rabri,BabyBillion_Education,"[{""S"":""3-6""}]",5bc39ba0-a18b-42a9-9176-736112991697,https://video.babybillion.in/hls/Jalebi_Rabri/Jalebi_Rabri.m3u8,/Jalebi_Rabri/Jalebi_Rabri.m3u8,veer
17a69559-50fc-4f50-8600-4041063b9b74,048_vehicles_sound_of_a_horn_beep_beep,BabyBillion_Education,"[{""S"":""3-6""}]",bf9d1fdb-31f8-48e3-9114-9e4e4967617c,https://video.babybillion.in/hls/048_vehicles_sound_of_a_horn_beep_beep/048_vehicles_sound_of_a_horn_beep_beep.m3u8,/048_vehicles_sound_of_a_horn_beep_beep/048_vehicles_sound_of_a_horn_beep_beep.m3u8,veer
18aeedce-a4be-4e5d-ab01-14c092eb5699,Number_20,BabyBillion_Education,"[{""S"":""3-6""}]",96c17b79-8401-4494-9e78-28c683d600c0,https://video.babybillion.in/hls/Number_20/Number_20.m3u8,/Number_20/Number_20.m3u8,veer
190d6fa9-8c45-4d50-a11d-d2adc20efbc4,019_sight_words_if,BabyBillion_Education,"[{""S"":""3-6""}]",181961d7-b484-40c7-b24c-9b3f335cc424,https://video.babybillion.in/hls/019_sight_words_if/019_sight_words_if.m3u8,/019_sight_words_if/019_sight_words_if.m3u8,veer
19973191-707c-4ad8-92a7-6d2bcb737204,Barber,BabyBillion_Education,"[{""S"":""0-3""}]",18ae1c51-e0c5-4df1-94f6-30f5e6732dd3,https://video.babybillion.in/hls/Barber/Barber.m3u8,/Barber/Barber.m3u8,veer
1bd78e5a-4958-4e2d-9bff-a60efeccb9c9,Greetings_GM_GA_GN,BabyBillion_Education,"[{""S"":""3-6""}]",0eba9676-9d93-484f-8938-41e3ab588a7f,https://video.babybillion.in/hls/Greetings_GM_GA_GN/Greetings_GM_GA_GN.m3u8,/Greetings_GM_GA_GN/Greetings_GM_GA_GN.m3u8,veer
1e0956c9-67ae-404a-a1db-9db4313cb903,043_simple_sentences_it_is_morning,BabyBillion_Education,"[{""S"":""3-6""}]",4c06fdb7-0fe2-4c21-aab0-f80f2fa1f650,https://video.babybillion.in/hls/043_simple_sentences_it_is_morning/043_simple_sentences_it_is_morning.m3u8,/043_simple_sentences_it_is_morning/043_simple_sentences_it_is_morning.m3u8,veer
1e8cf6e2-a5bb-4c9e-b322-02b001ce9ac5,Mountain_Pahad,BabyBillion_Education,"[{""S"":""0-3""}]",eb5f90b5-3650-49b9-95b6-d4e3a89c0662,https://video.babybillion.in/hls/Mountain_Pahad/Mountain_Pahad.m3u8,/Mountain_Pahad/Mountain_Pahad.m3u8,veer
1ee5181a-3bac-4d1a-905a-b20dee0822e1,Covering_Mouth_when_Coughing,BabyBillion_Education,"[{""S"":""0-3""}]",06f625da-1202-4c8a-8b16-e624b97476d1,https://video.babybillion.in/hls/Covering_Mouth_when_Coughing/Covering_Mouth_when_Coughing.m3u8,/Covering_Mouth_when_Coughing/Covering_Mouth_when_Coughing.m3u8,veer
1fab01ab-b966-4a5c-860b-58d633389201,Hair,BabyBillion_Education,"[{""S"":""0-3""}]",6d841cca-a54f-451a-90fc-aeffa145e274,https://video.babybillion.in/hls/Hair/Hair.m3u8,/Hair/Hair.m3u8,veer
21c669ec-8e33-4365-b960-7e02e53ec9be,036_phonics_blending_s_i_t_equals_sit,BabyBillion_Education,"[{""S"":""3-6""}]",b79bd45b-2c9c-4b7d-91a0-07c93a4dbea1,https://video.babybillion.in/hls/036_phonics_blending_s_i_t_equals_sit/036_phonics_blending_s_i_t_equals_sit.m3u8,/036_phonics_blending_s_i_t_equals_sit/036_phonics_blending_s_i_t_equals_sit.m3u8,veer
223269ec-de0c-4fee-b569-7d93c204e0e9,Vehicles_construction_vehicles,BabyBillion_Education,"[{""S"":""3-6""}]",bf9d1fdb-31f8-48e3-9114-9e4e4967617c,https://video.babybillion.in/hls/Vehicles_construction_vehicles/Vehicles_construction_vehicles.m3u8,/Vehicles_construction_vehicles/Vehicles_construction_vehicles.m3u8,veer
2255dc76-68ea-472c-8bfc-d001267f84cb,My_Favorite_Sport,BabyBillion_Education,"[{""S"":""6+""}]",cf83518a-7e38-483a-9b3e-a943beb08196,https://video.babybillion.in/hls/My_Favorite_Sport/My_Favorite_Sport.m3u8,/My_Favorite_Sport/My_Favorite_Sport.m3u8,veer
233c7db0-3de5-4c2d-a3ad-73b83f49da1e,Zebra,BabyBillion_Education,"[{""S"":""3-6""}]",c1f0397a-0732-418a-b6e4-50081b10219c,https://video.babybillion.in/hls/Zebra/Zebra.m3u8,/Zebra/Zebra.m3u8,veer
2931a24a-e652-4ce0-9339-10fe527a4955,Closing_water_taps,BabyBillion_Education,"[{""S"":""0-3""}]",06f625da-1202-4c8a-8b16-e624b97476d1,https://video.babybillion.in/hls/Closing_water_taps/Closing_water_taps.m3u8,/Closing_water_taps/Closing_water_taps.m3u8,veer
29b399c2-2d0d-4380-8104-8db7a6c63c3b,Yellow_Fruits-_Banana_Mango,BabyBillion_Education,"[{""S"":""3-6""}]",2c830c25-38e8-4d38-a3c3-cc9a3ff96b5f,https://video.babybillion.in/hls/Yellow_Fruits-_Banana_Mango/Yellow_Fruits-_Banana_Mango.m3u8,/Yellow_Fruits-_Banana_Mango/Yellow_Fruits-_Banana_Mango.m3u8,veer
2a96c6af-33b4-4c1b-8ed9-9e4407be0e01,Rain,BabyBillion_Education,"[{""S"":""0-3""}]",eb5f90b5-3650-49b9-95b6-d4e3a89c0662,https://video.babybillion.in/hls/Rain/Rain.m3u8,/Rain/Rain.m3u8,veer
2d50ebd2-57fd-4451-b4c2-0cdee941a2de,Describing_Your_Family,BabyBillion_Education,"[{""S"":""6+""}]",0eba9676-9d93-484f-8938-41e3ab588a7f,https://video.babybillion.in/hls/Describing_Your_Family/Describing_Your_Family.m3u8,/Describing_Your_Family/Describing_Your_Family.m3u8,veer
2df9bb65-44c0-4cc1-b5e5-95da49b5951e,024_phonics_long_e_sound_as_in_tree,BabyBillion_Education,"[{""S"":""3-6""}]",b79bd45b-2c9c-4b7d-91a0-07c93a4dbea1,https://video.babybillion.in/hls/024_phonics_long_e_sound_as_in_tree/024_phonics_long_e_sound_as_in_tree.m3u8,/024_phonics_long_e_sound_as_in_tree/024_phonics_long_e_sound_as_in_tree.m3u8,veer
2e173540-c43a-424e-b2a0-66b775297e4c,Gorilla,BabyBillion_Education,"[{""S"":""3-6""}]",79156051-e033-423a-b7de-a68fe1342a75,https://video.babybillion.in/hls/Gorilla/Gorilla.m3u8,/Gorilla/Gorilla.m3u8,veer
2e51ffb6-86a0-4452-8ae8-260ff509ada0,Sea_Turtle,BabyBillion_Education,"[{""S"":""0-3""}]",bd7c6e2d-c979-43ea-89eb-899d9aeb8b94,https://video.babybillion.in/hls/Sea_Turtle/Sea_Turtle.m3u8,/Sea_Turtle/Sea_Turtle.m3u8,veer
3089a8a0-b70d-4833-adea-519af0f28c86,Custard_Apple_Sitaphal,BabyBillion_Education,"[{""S"":""0-3""}]",2c830c25-38e8-4d38-a3c3-cc9a3ff96b5f,https://video.babybillion.in/hls/Custard_Apple_Sitaphal/Custard_Apple_Sitaphal.m3u8,/Custard_Apple_Sitaphal/Custard_Apple_Sitaphal.m3u8,veer
30e28009-b753-4ccc-9c58-3fb4107300f1,002_2_do,BabyBillion_Education,"[{""S"":""0-3""}]",080cfa0b-e72e-4774-b8eb-a2359ce9ff2e,https://video.babybillion.in/hls/002_2_do/002_2_do.m3u8,/002_2_do/002_2_do.m3u8,veer
31c561a1-165e-4cde-8788-04e0d97fd2ea,Curious,BabyBillion_Education,"[{""S"":""0-3""}]",90ff5296-5b99-4ddf-8bdf-ac55f6f7b6c2,https://video.babybillion.in/hls/Curious/Curious.m3u8,/Curious/Curious.m3u8,veer
31cec99a-a770-4958-b129-707d697f2eac,Horse,BabyBillion_Education,"[{""S"":""3-6""}]",79156051-e033-423a-b7de-a68fe1342a75,https://video.babybillion.in/hls/Horse/Horse.m3u8,/Horse/Horse.m3u8,veer
3200431f-b7e4-43ce-a98a-f35fd363a093,Type_of_House-_City_House,BabyBillion_Education,"[{""S"":""3-6""}]",2754f754-bfaf-4810-9852-60d5960a7a74,https://video.babybillion.in/hls/Type_of_House-_City_House/Type_of_House-_City_House.m3u8,/Type_of_House-_City_House/Type_of_House-_City_House.m3u8,veer
327d35f6-def4-4c2e-86cf-052862639356,Puzzle_activities,BabyBillion_Education,"[{""S"":""3-6""}]",cdd3ba69-c04a-402a-a061-05e0f816a161,https://video.babybillion.in/hls/Puzzle_activities/Puzzle_activities.m3u8,/Puzzle_activities/Puzzle_activities.m3u8,veer
379b1aaa-ef71-4863-8aa2-88eab5fbef30,E,BabyBillion_Education,"[{""S"":""3-6""}]",fec06a4b-b277-4fe2-8fff-bb40451bf2d9,https://video.babybillion.in/hls/E/E.m3u8,/E/E.m3u8,veer
381adc59-5801-4c00-bf0a-4d79e33f74a1,002_good_habits_washing_hands_after_playing_outside,BabyBillion_Education,"[{""S"":""3-6""}]",06f625da-1202-4c8a-8b16-e624b97476d1,https://video.babybillion.in/hls/002_good_habits_washing_hands_after_playing_outside/002_good_habits_washing_hands_after_playing_outside.m3u8,/002_good_habits_washing_hands_after_playing_outside/002_good_habits_washing_hands_after_playing_outside.m3u8,veer
386fc956-b3b2-4a24-8a60-5f1f3ec6d904,Green_Vegetables-_Spinach_Peas_Broccoli_Cucumber,BabyBillion_Education,"[{""S"":""3-6""}]",c3d15541-8760-45ff-b253-1647ca61bf37,https://video.babybillion.in/hls/Green_Vegetables-_Spinach_Peas_Broccoli_Cucumber/Green_Vegetables-_Spinach_Peas_Broccoli_Cucumber.m3u8,/Green_Vegetables-_Spinach_Peas_Broccoli_Cucumber/Green_Vegetables-_Spinach_Peas_Broccoli_Cucumber.m3u8,veer
3bc5c481-be70-42c1-a21f-8c4a0af1286c,19_Long_Home_Items_02_Hinglish,BabyBillion_Education,"[{""S"":""3-6""}]",aa154d92-77f0-4dd7-9c3f-d7e57bd9baf5,https://video.babybillion.in/hls/3bc5c481-be70-42c1-a21f-8c4a0af1286c/3bc5c481-be70-42c1-a21f-8c4a0af1286c.m3u8,/hls/3bc5c481-be70-42c1-a21f-8c4a0af1286c/3bc5c481-be70-42c1-a21f-8c4a0af1286c.m3u8,veer
3d275937-2cd0-476f-9c09-31d9379789d0,047_simple_sentences_it_is_time_to_sleep,BabyBillion_Education,"[{""S"":""3-6""}]",4c06fdb7-0fe2-4c21-aab0-f80f2fa1f650,https://video.babybillion.in/hls/047_simple_sentences_it_is_time_to_sleep/047_simple_sentences_it_is_time_to_sleep.m3u8,/047_simple_sentences_it_is_time_to_sleep/047_simple_sentences_it_is_time_to_sleep.m3u8,veer
3e810be6-d2aa-4a36-9ad1-119fcdf18504,Twist,BabyBillion_Education,"[{""S"":""3-6""}]",6d841cca-a54f-451a-90fc-aeffa145e274,https://video.babybillion.in/hls/Twist/Twist.m3u8,/Twist/Twist.m3u8,veer
3eb69f3b-f340-4657-84e2-4795aff7a90b,Counting_Claps,BabyBillion_Education,"[{""S"":""3-6""}]",96c17b79-8401-4494-9e78-28c683d600c0,https://video.babybillion.in/hls/Counting_Claps/Counting_Claps.m3u8,/Counting_Claps/Counting_Claps.m3u8,veer
4245c74a-fd31-4daf-8537-88fb114ab3ee,Bicycle,BabyBillion_Education,"[{""S"":""3-6""}]",bf9d1fdb-31f8-48e3-9114-9e4e4967617c,https://video.babybillion.in/hls/Bicycle/Bicycle.m3u8,/Bicycle/Bicycle.m3u8,veer
44930c42-91c0-43bc-a681-9c2297169b4a,Tiranga,BabyBillion_Education,"[{""S"":""6+""}]",2754f754-bfaf-4810-9852-60d5960a7a74,https://video.babybillion.in/hls/Tiranga/Tiranga.m3u8,/Tiranga/Tiranga.m3u8,veer
485f10ba-2e48-40b5-a2cc-5390918f3ea9,Firefighter,BabyBillion_Education,"[{""S"":""0-3""}]",18ae1c51-e0c5-4df1-94f6-30f5e6732dd3,https://video.babybillion.in/hls/Firefighter/Firefighter.m3u8,/Firefighter/Firefighter.m3u8,veer
49a16836-25db-499f-8886-8f7a11b39dd0,Horse_Cart_Tonga,BabyBillion_Education,"[{""S"":""0-3""}]",bf9d1fdb-31f8-48e3-9114-9e4e4967617c,https://video.babybillion.in/hls/Horse_Cart_Tonga/Horse_Cart_Tonga.m3u8,/Horse_Cart_Tonga/Horse_Cart_Tonga.m3u8,veer
4b10848d-c420-48fe-9cdd-ee9714e1fad7,017_simple_sentences_i_can_count_to_ten,BabyBillion_Education,"[{""S"":""3-6""}]",4c06fdb7-0fe2-4c21-aab0-f80f2fa1f650,https://video.babybillion.in/hls/017_simple_sentences_i_can_count_to_ten/017_simple_sentences_i_can_count_to_ten.m3u8,/017_simple_sentences_i_can_count_to_ten/017_simple_sentences_i_can_count_to_ten.m3u8,veer
4c3b7281-e485-4046-b481-d3704130f68c,Aliens_imaginaryfun,BabyBillion_Education,"[{""S"":""3-6""}]",b7ef253a-6fb1-4247-ad59-99c4c945c8ec,https://video.babybillion.in/hls/Aliens_imaginaryfun/Aliens_imaginaryfun.m3u8,/Aliens_imaginaryfun/Aliens_imaginaryfun.m3u8,veer
4c7bcb03-c33e-4d9b-a9b5-7a0246e9ead6,026_sight_words_not,BabyBillion_Education,"[{""S"":""3-6""}]",181961d7-b484-40c7-b24c-9b3f335cc424,https://video.babybillion.in/hls/026_sight_words_not/026_sight_words_not.m3u8,/026_sight_words_not/026_sight_words_not.m3u8,veer
4d70e93a-6656-4b91-821a-ca9c142b3e46,Talking_About_Your_Hobbies,BabyBillion_Education,"[{""S"":""6+""}]",0eba9676-9d93-484f-8938-41e3ab588a7f,https://video.babybillion.in/hls/Talking_About_Your_Hobbies/Talking_About_Your_Hobbies.m3u8,/Talking_About_Your_Hobbies/Talking_About_Your_Hobbies.m3u8,veer
4e553fe2-1140-4017-ae86-7e55940f2337,Biscuit,BabyBillion_Education,"[{""S"":""0-3""}]",5bc39ba0-a18b-42a9-9176-736112991697,https://video.babybillion.in/hls/Biscuit/Biscuit.m3u8,/Biscuit/Biscuit.m3u8,veer
50f2b836-08b6-4cea-b8ef-c0d10de2a22f,Penguin,BabyBillion_Education,"[{""S"":""3-6""}]",efdd9da9-9b29-45aa-8bc4-3ddbee54940d,https://video.babybillion.in/hls/Penguin/Penguin.m3u8,/Penguin/Penguin.m3u8,veer
51fe5a23-880f-4b3f-a167-a2aad0797ec4,071_cvc_words_zip,BabyBillion_Education,"[{""S"":""3-6""}]",bac6ace6-06bc-4f67-85bb-5f0b144d5a15,https://video.babybillion.in/hls/071_cvc_words_zip/071_cvc_words_zip.m3u8,/071_cvc_words_zip/071_cvc_words_zip.m3u8,veer
5430e7ed-1870-4a2c-8138-e919b6611803,Silent_Letters_k_in_knee_b_in_lamb,BabyBillion_Education,"[{""S"":""6+""}]",b79bd45b-2c9c-4b7d-91a0-07c93a4dbea1,https://video.babybillion.in/hls/Silent_Letters_k_in_knee_b_in_lamb/Silent_Letters_k_in_knee_b_in_lamb.m3u8,/Silent_Letters_k_in_knee_b_in_lamb/Silent_Letters_k_in_knee_b_in_lamb.m3u8,veer
54335c74-b384-45b5-8ba8-b453d11faff7,O_for_Owl,BabyBillion_Education,"[{""S"":""0-3""}]",1bf17868-9fb8-419a-b7d7-e9ba3b51a364,https://video.babybillion.in/hls/O_for_Owl/O_for_Owl.m3u8,/O_for_Owl/O_for_Owl.m3u8,veer
544ee8dd-982d-4760-b17a-94bd9a239abd,Sense-_Ears_Hear,BabyBillion_Education,"[{""S"":""3-6""}]",6d841cca-a54f-451a-90fc-aeffa145e274,https://video.babybillion.in/hls/Sense-_Ears_Hear/Sense-_Ears_Hear.m3u8,/Sense-_Ears_Hear/Sense-_Ears_Hear.m3u8,veer
54f2ed57-b286-4d44-98a8-e9d7443deb56,Gas_stove_Cylinder,BabyBillion_Education,"[{""S"":""3-6""}]",aa154d92-77f0-4dd7-9c3f-d7e57bd9baf5,https://video.babybillion.in/hls/Gas_stove_Cylinder/Gas_stove_Cylinder.m3u8,/Gas_stove_Cylinder/Gas_stove_Cylinder.m3u8,veer
553bb991-986c-4597-a0b0-5f3a4ae01f4c,Stand,BabyBillion_Education,"[{""S"":""0-3""}]",cdd3ba69-c04a-402a-a061-05e0f816a161,https://video.babybillion.in/hls/Stand/Stand.m3u8,/Stand/Stand.m3u8,veer
56baf292-65ce-4801-8809-ecdcfb08bb51,021_good_habits_keeping_shoes_in_their_place,BabyBillion_Education,"[{""S"":""3-6""}]",06f625da-1202-4c8a-8b16-e624b97476d1,https://video.babybillion.in/hls/021_good_habits_keeping_shoes_in_their_place/021_good_habits_keeping_shoes_in_their_place.m3u8,/021_good_habits_keeping_shoes_in_their_place/021_good_habits_keeping_shoes_in_their_place.m3u8,veer
58a84373-3ca4-4a45-afc1-64c5067859f7,Soap_dish_Soap,BabyBillion_Education,"[{""S"":""3-6""}]",aa154d92-77f0-4dd7-9c3f-d7e57bd9baf5,https://video.babybillion.in/hls/Soap_dish_Soap/Soap_dish_Soap.m3u8,/Soap_dish_Soap/Soap_dish_Soap.m3u8,veer
58d539e0-cb86-45e2-bfa4-b4c70197cff5,013_abc_letter_w_watch_window,BabyBillion_Education,"[{""S"":""3-6""}]",1bf17868-9fb8-419a-b7d7-e9ba3b51a364,https://video.babybillion.in/hls/013_abc_letter_w_watch_window/013_abc_letter_w_watch_window.m3u8,/013_abc_letter_w_watch_window/013_abc_letter_w_watch_window.m3u8,veer
59970262-5dd3-47e1-a7c0-1014c10aebdf,Firefighter,BabyBillion_Education,"[{""S"":""3-6""}]",3dc35861-75e5-4d11-a33d-d263d159f041,https://video.babybillion.in/hls/Firefighter/Firefighter.m3u8,/Firefighter/Firefighter.m3u8,veer
5a89a956-45bb-42b2-8cbd-10a72413892b,Sparrow,BabyBillion_Education,"[{""S"":""0-3""}]",efdd9da9-9b29-45aa-8bc4-3ddbee54940d,https://video.babybillion.in/hls/Sparrow/Sparrow.m3u8,/Sparrow/Sparrow.m3u8,veer
5b7bd3ab-a82d-42cf-a2a1-3e2e6179db43,Wavy_Line,BabyBillion_Education,"[{""S"":""0-3""}]",da4d2220-056e-483b-9fc0-8451577d4cc9,https://video.babybillion.in/hls/Wavy_Line/Wavy_Line.m3u8,/Wavy_Line/Wavy_Line.m3u8,veer
5bc58404-3d1a-48c5-ae05-392347fa9073,Seal,BabyBillion_Education,"[{""S"":""0-3""}]",bd7c6e2d-c979-43ea-89eb-899d9aeb8b94,https://video.babybillion.in/hls/Seal/Seal.m3u8,/Seal/Seal.m3u8,veer
5c9741a3-2696-4bd2-81e3-5997c95802eb,038_simple_sentences_it_is_cold_today,BabyBillion_Education,"[{""S"":""3-6""}]",4c06fdb7-0fe2-4c21-aab0-f80f2fa1f650,https://video.babybillion.in/hls/038_simple_sentences_it_is_cold_today/038_simple_sentences_it_is_cold_today.m3u8,/038_simple_sentences_it_is_cold_today/038_simple_sentences_it_is_cold_today.m3u8,veer
5ce0b591-ed04-4af4-b065-eb88ddcdc61b,052_phonics_digraph_ea_as_in_sea,BabyBillion_Education,"[{""S"":""3-6""}]",b79bd45b-2c9c-4b7d-91a0-07c93a4dbea1,https://video.babybillion.in/hls/052_phonics_digraph_ea_as_in_sea/052_phonics_digraph_ea_as_in_sea.m3u8,/052_phonics_digraph_ea_as_in_sea/052_phonics_digraph_ea_as_in_sea.m3u8,veer
5ddfc4cc-2e2b-4a71-b49d-6bd72ee827a4,Droughts,BabyBillion_Education,"[{""S"":""3-6""}]",ed57a6ae-2009-4c19-9800-8826437fde62,https://video.babybillion.in/hls/Droughts/Droughts.m3u8,/Droughts/Droughts.m3u8,veer
5f4e0ffb-93fe-44f2-a0f6-226285bf435f,Whale,BabyBillion_Education,"[{""S"":""0-3""}]",bd7c6e2d-c979-43ea-89eb-899d9aeb8b94,https://video.babybillion.in/hls/Whale/Whale.m3u8,/Whale/Whale.m3u8,veer
61e06173-f92b-4cee-bfc8-b5b291e5114c,Cap_Map,BabyBillion_Education,"[{""S"":""3-6""}]",bac6ace6-06bc-4f67-85bb-5f0b144d5a15,https://video.babybillion.in/hls/Cap_Map/Cap_Map.m3u8,/Cap_Map/Cap_Map.m3u8,veer
64f16074-2083-41cb-bbd5-ed743e306036,Common_Foods-_Paratha,BabyBillion_Education,"[{""S"":""3-6""}]",2754f754-bfaf-4810-9852-60d5960a7a74,https://video.babybillion.in/hls/Common_Foods-_Paratha/Common_Foods-_Paratha.m3u8,/Common_Foods-_Paratha/Common_Foods-_Paratha.m3u8,veer
65935e88-452d-4989-80ca-d1ce905dbaf3,To,BabyBillion_Education,"[{""S"":""3-6""}]",181961d7-b484-40c7-b24c-9b3f335cc424,https://video.babybillion.in/hls/To/To.m3u8,/To/To.m3u8,veer
65ed7c2a-3914-4983-aa54-88457c33f81e,Duck,BabyBillion_Education,"[{""S"":""0-3""}]",efdd9da9-9b29-45aa-8bc4-3ddbee54940d,https://video.babybillion.in/hls/Duck/Duck.m3u8,/Duck/Duck.m3u8,veer
6609fad6-21e5-4e94-91b0-73ec5c3679ba,051_phonics_digraph_oa_as_in_boat,BabyBillion_Education,"[{""S"":""3-6""}]",b79bd45b-2c9c-4b7d-91a0-07c93a4dbea1,https://video.babybillion.in/hls/051_phonics_digraph_oa_as_in_boat/051_phonics_digraph_oa_as_in_boat.m3u8,/051_phonics_digraph_oa_as_in_boat/051_phonics_digraph_oa_as_in_boat.m3u8,veer
67cc0c21-39e3-4f68-91e2-0cec22dc85d5,055_cvc_words_win,BabyBillion_Education,"[{""S"":""3-6""}]",bac6ace6-06bc-4f67-85bb-5f0b144d5a15,https://video.babybillion.in/hls/055_cvc_words_win/055_cvc_words_win.m3u8,/055_cvc_words_win/055_cvc_words_win.m3u8,veer
67f52551-c217-4b8a-b1ce-371ea265f2c6,Grumpy,BabyBillion_Education,"[{""S"":""3-6""}]",90ff5296-5b99-4ddf-8bdf-ac55f6f7b6c2,https://video.babybillion.in/hls/Grumpy/Grumpy.m3u8,/Grumpy/Grumpy.m3u8,veer
68a6a81c-b3ce-4db5-a887-8e14898c5756,108_3-6_Owl,BabyBillion_Education,"[{""S"":""3-6""}]",efdd9da9-9b29-45aa-8bc4-3ddbee54940d,https://video.babybillion.in/hls/108_3-6_Owl/108_3-6_Owl.m3u8,/108_3-6_Owl/108_3-6_Owl.m3u8,veer
6a218f9a-767a-4362-8e15-d31ef5094625,Namkeen,BabyBillion_Education,"[{""S"":""3-6""}]",2754f754-bfaf-4810-9852-60d5960a7a74,https://video.babybillion.in/hls/Namkeen/Namkeen.m3u8,/Namkeen/Namkeen.m3u8,veer
6aca430d-0c25-4168-a35e-7a5c9411eae8,Pav_Bhaji,BabyBillion_Education,"[{""S"":""3-6""}]",5bc39ba0-a18b-42a9-9176-736112991697,https://video.babybillion.in/hls/Pav_Bhaji/Pav_Bhaji.m3u8,/Pav_Bhaji/Pav_Bhaji.m3u8,veer
6c2938e0-a655-426b-90c2-3c83b59cb985,Penguin,BabyBillion_Education,"[{""S"":""0-3""}]",efdd9da9-9b29-45aa-8bc4-3ddbee54940d,https://video.babybillion.in/hls/Penguin/Penguin.m3u8,/Penguin/Penguin.m3u8,veer
6c628100-d0ef-4175-ae13-e82072a84bfc,041_english_speaking_i_am_tired,BabyBillion_Education,"[{""S"":""3-6""}]",0eba9676-9d93-484f-8938-41e3ab588a7f,https://video.babybillion.in/hls/041_english_speaking_i_am_tired/041_english_speaking_i_am_tired.m3u8,/041_english_speaking_i_am_tired/041_english_speaking_i_am_tired.m3u8,veer
6caec73a-f3e0-4bf3-b78a-193f39a7a9c8,015_community_helpers_cobbler,BabyBillion_Education,"[{""S"":""3-6""}]",3dc35861-75e5-4d11-a33d-d263d159f041,https://video.babybillion.in/hls/015_community_helpers_cobbler/015_community_helpers_cobbler.m3u8,/015_community_helpers_cobbler/015_community_helpers_cobbler.m3u8,veer
6d033ce2-0867-46fa-9c29-c7543458973d,Zebra,BabyBillion_Education,"[{""S"":""0-3""}]",79156051-e033-423a-b7de-a68fe1342a75,https://video.babybillion.in/hls/Zebra/Zebra.m3u8,/Zebra/Zebra.m3u8,veer
6d75f20d-de58-4b25-83a3-c7a718739302,016_phonics_sound_of_y_y_as_in_yak,BabyBillion_Education,"[{""S"":""3-6""}]",b79bd45b-2c9c-4b7d-91a0-07c93a4dbea1,https://video.babybillion.in/hls/016_phonics_sound_of_y_y_as_in_yak/016_phonics_sound_of_y_y_as_in_yak.m3u8,/016_phonics_sound_of_y_y_as_in_yak/016_phonics_sound_of_y_y_as_in_yak.m3u8,veer
6da6dfca-ad64-4b27-935d-0608696d3bcd,020_abc_capital_d_and_small_d,BabyBillion_Education,"[{""S"":""0-3""}]",1bf17868-9fb8-419a-b7d7-e9ba3b51a364,https://video.babybillion.in/hls/020_abc_capital_d_and_small_d/020_abc_capital_d_and_small_d.m3u8,/020_abc_capital_d_and_small_d/020_abc_capital_d_and_small_d.m3u8,veer
6e18e1e6-9ed5-4690-88b7-6f2c39b2acfe,Fenugreek_Methi,BabyBillion_Education,"[{""S"":""0-3""}]",c3d15541-8760-45ff-b253-1647ca61bf37,https://video.babybillion.in/hls/Fenugreek_Methi/Fenugreek_Methi.m3u8,/Fenugreek_Methi/Fenugreek_Methi.m3u8,veer
6f2f146d-19a3-40ae-8894-0b1d269b2a27,abc_capital_Z_and_small_z,BabyBillion_Education,"[{""S"":""3-6""}]",1bf17868-9fb8-419a-b7d7-e9ba3b51a364,https://video.babybillion.in/hls/abc_capital_Z_and_small_z/abc_capital_Z_and_small_z.m3u8,/abc_capital_Z_and_small_z/abc_capital_Z_and_small_z.m3u8,veer
727fe3e1-a296-4083-a3ba-34f1ec114964,Firefighter,BabyBillion_Education,"[{""S"":""0-3""}]",18ae1c51-e0c5-4df1-94f6-30f5e6732dd3,https://video.babybillion.in/hls/Firefighter/Firefighter.m3u8,/Firefighter/Firefighter.m3u8,veer
72c284e1-cfb0-4b27-ba63-f032dfe58a17,023_vehicles_scooter,BabyBillion_Education,"[{""S"":""3-6""}]",bf9d1fdb-31f8-48e3-9114-9e4e4967617c,https://video.babybillion.in/hls/023_vehicles_scooter/023_vehicles_scooter.m3u8,/023_vehicles_scooter/023_vehicles_scooter.m3u8,veer
74120444-4635-49e6-b39d-771425343254,Oceans,BabyBillion_Education,"[{""S"":""3-6""}]",b7ef253a-6fb1-4247-ad59-99c4c945c8ec,https://video.babybillion.in/hls/Oceans/Oceans.m3u8,/Oceans/Oceans.m3u8,veer
75947847-416b-4770-918e-5d226088da34,Multiplication_on_number_line_-_10,BabyBillion_Education,"[{""S"":""6+""}]",830fb885-9ece-438e-a380-dabd811f06b2,https://video.babybillion.in/hls/Multiplication_on_number_line_-_10/Multiplication_on_number_line_-_10.m3u8,/Multiplication_on_number_line_-_10/Multiplication_on_number_line_-_10.m3u8,veer
76bc13e1-0012-4add-9124-6d6191da49b8,Feeling_Thirsty,BabyBillion_Education,"[{""S"":""0-3""}]",90ff5296-5b99-4ddf-8bdf-ac55f6f7b6c2,https://video.babybillion.in/hls/Feeling_Thirsty/Feeling_Thirsty.m3u8,/Feeling_Thirsty/Feeling_Thirsty.m3u8,veer
77dddaf6-4313-4179-97f8-a48da0b8548a,Postman_Daakiya,BabyBillion_Education,"[{""S"":""0-3""}]",18ae1c51-e0c5-4df1-94f6-30f5e6732dd3,https://video.babybillion.in/hls/Postman_Daakiya/Postman_Daakiya.m3u8,/Postman_Daakiya/Postman_Daakiya.m3u8,veer
7af7f0fa-82a2-4f84-88b6-5a97cef367a8,032_tha_se_thali,BabyBillion_Education,"[{""S"":""0-3""}]",de5577e3-4806-4284-9cab-9e7ecf907095,https://video.babybillion.in/hls/032_tha_se_thali/032_tha_se_thali.m3u8,/032_tha_se_thali/032_tha_se_thali.m3u8,veer
7eb15428-210d-44cd-8d53-c41e65acb021,Addition_1_1_2_1_2_3,BabyBillion_Education,"[{""S"":""3-6""}]",f86787db-e9ed-4093-9aa4-a1df05f1c772,https://video.babybillion.in/hls/Addition_1_1_2_1_2_3/Addition_1_1_2_1_2_3.m3u8,/Addition_1_1_2_1_2_3/Addition_1_1_2_1_2_3.m3u8,veer
7eeb8e85-2123-406d-8cac-d813137456de,Horse,BabyBillion_Education,"[{""S"":""3-6""}]",c06e196f-39fa-4dc0-a9ba-0f036f7bc248,https://video.babybillion.in/hls/Horse/Horse.m3u8,/Horse/Horse.m3u8,veer
7eee50a7-1989-4a1f-ba6b-50218bbb5c9f,What_is_multiplication_-_5,BabyBillion_Education,"[{""S"":""6+""}]",830fb885-9ece-438e-a380-dabd811f06b2,https://video.babybillion.in/hls/What_is_multiplication_-_5/What_is_multiplication_-_5.m3u8,/What_is_multiplication_-_5/What_is_multiplication_-_5.m3u8,veer
7ef455e3-9ef2-40ab-afd5-17b964646ac0,Diamond,BabyBillion_Education,"[{""S"":""3-6""}]",da4d2220-056e-483b-9fc0-8451577d4cc9,https://video.babybillion.in/hls/Diamond/Diamond.m3u8,/Diamond/Diamond.m3u8,veer
80c8cbe4-35e7-4731-9f98-c8a9c64c59e7,Park,BabyBillion_Education,"[{""S"":""0-3""}]",e4dd4a24-f512-4d74-8bad-596b71c5369f,https://video.babybillion.in/hls/Park/Park.m3u8,/Park/Park.m3u8,veer
810368c3-cad1-4903-8041-64c9c93e426d,Close,BabyBillion_Education,"[{""S"":""0-3""}]",cdd3ba69-c04a-402a-a061-05e0f816a161,https://video.babybillion.in/hls/Close/Close.m3u8,/Close/Close.m3u8,veer
82a773b0-6712-4431-84d1-03a56aafc929,Ghee,BabyBillion_Education,"[{""S"":""0-3""}]",aa154d92-77f0-4dd7-9c3f-d7e57bd9baf5,https://video.babybillion.in/hls/Ghee/Ghee.m3u8,/Ghee/Ghee.m3u8,veer
837c911f-a242-4da6-8f5c-2b7523b01bde,043_simple_sentences_it_is_morning,BabyBillion_Education,"[{""S"":""3-6""}]",0eba9676-9d93-484f-8938-41e3ab588a7f,https://video.babybillion.in/hls/043_simple_sentences_it_is_morning/043_simple_sentences_it_is_morning.m3u8,/043_simple_sentences_it_is_morning/043_simple_sentences_it_is_morning.m3u8,veer
83f65155-9666-4a23-91f1-637842e28499,Doctors_Clinic,BabyBillion_Education,"[{""S"":""0-3""}]",e4dd4a24-f512-4d74-8bad-596b71c5369f,https://video.babybillion.in/hls/Doctors_Clinic/Doctors_Clinic.m3u8,/Doctors_Clinic/Doctors_Clinic.m3u8,veer
8471bc50-04c2-49ba-baf0-c5408f115a44,047_simple_sentences_it_is_time_to_sleep,BabyBillion_Education,"[{""S"":""3-6""}]",0eba9676-9d93-484f-8938-41e3ab588a7f,https://video.babybillion.in/hls/047_simple_sentences_it_is_time_to_sleep/047_simple_sentences_it_is_time_to_sleep.m3u8,/047_simple_sentences_it_is_time_to_sleep/047_simple_sentences_it_is_time_to_sleep.m3u8,veer
855c260e-9784-4376-ae5f-94e7d6793bf0,Windy,BabyBillion_Education,"[{""S"":""3-6""}]",ed57a6ae-2009-4c19-9800-8826437fde62,https://video.babybillion.in/hls/Windy/Windy.m3u8,/Windy/Windy.m3u8,veer
87ac4ac5-d166-4e9a-a93e-c983e4d5b0f0,088_06_Talking_About_My_Feelings,BabyBillion_Education,"[{""S"":""3-6""}]",90ff5296-5b99-4ddf-8bdf-ac55f6f7b6c2,https://video.babybillion.in/hls/87ac4ac5-d166-4e9a-a93e-c983e4d5b0f0/87ac4ac5-d166-4e9a-a93e-c983e4d5b0f0.m3u8,/hls/87ac4ac5-d166-4e9a-a93e-c983e4d5b0f0/87ac4ac5-d166-4e9a-a93e-c983e4d5b0f0.m3u8,veer
87b8e58e-426a-430c-adc5-5d365f99443e,026_varnmala_vyanjan_ra_se_rassi,BabyBillion_Education,"[{""S"":""3-6""}]",fec06a4b-b277-4fe2-8fff-bb40451bf2d9,https://video.babybillion.in/hls/026_varnmala_vyanjan_ra_se_rassi/026_varnmala_vyanjan_ra_se_rassi.m3u8,/026_varnmala_vyanjan_ra_se_rassi/026_varnmala_vyanjan_ra_se_rassi.m3u8,veer
87fb613e-a05f-40cd-896e-d77aa79221a0,Pink,BabyBillion_Education,"[{""S"":""3-6""}]",c23beb7b-23de-440c-9fb1-2990013f11a6,https://video.babybillion.in/hls/Pink/Pink.m3u8,/Pink/Pink.m3u8,veer
8927b64a-e2b8-4d3d-95e3-15f1bbc2f045,Capsicum_Shimla_Mirch,BabyBillion_Education,"[{""S"":""0-3""}]",c3d15541-8760-45ff-b253-1647ca61bf37,https://video.babybillion.in/hls/Capsicum_Shimla_Mirch/Capsicum_Shimla_Mirch.m3u8,/Capsicum_Shimla_Mirch/Capsicum_Shimla_Mirch.m3u8,veer
8a0df870-4755-4032-b540-a30770cb66c1,Cap_Map,BabyBillion_Education,"[{""S"":""3-6""}]",bac6ace6-06bc-4f67-85bb-5f0b144d5a15,https://video.babybillion.in/hls/Cap_Map/Cap_Map.m3u8,/Cap_Map/Cap_Map.m3u8,veer
8a177bd5-2624-430e-99be-fbc72a59b5dd,Take,BabyBillion_Education,"[{""S"":""0-3""}]",cdd3ba69-c04a-402a-a061-05e0f816a161,https://video.babybillion.in/hls/Take/Take.m3u8,/Take/Take.m3u8,veer
8df30513-4ad6-4f74-8029-bb4dce62589e,Winter,BabyBillion_Education,"[{""S"":""3-6""}]",ed57a6ae-2009-4c19-9800-8826437fde62,https://video.babybillion.in/hls/Winter/Winter.m3u8,/Winter/Winter.m3u8,veer
901f5c44-ebc8-42ae-9ef1-b6558055bd11,Amla,BabyBillion_Education,"[{""S"":""0-3""}]",2c830c25-38e8-4d38-a3c3-cc9a3ff96b5f,https://video.babybillion.in/hls/Amla/Amla.m3u8,/Amla/Amla.m3u8,veer
9166e84b-ddd5-4f47-bca8-a2273e9e84ac,Stay_away_from_electrical_sockets,BabyBillion_Education,"[{""S"":""3-6""}]",c3533a50-aeac-4a7c-9f5c-e82d64be5e32,https://video.babybillion.in/hls/Stay_away_from_electrical_sockets/Stay_away_from_electrical_sockets.m3u8,/Stay_away_from_electrical_sockets/Stay_away_from_electrical_sockets.m3u8,veer
920fa48a-8ae5-4058-b804-91783b646e7a,Letter_G_Goat_Grapes,BabyBillion_Education,"[{""S"":""3-6""}]",1bf17868-9fb8-419a-b7d7-e9ba3b51a364,https://video.babybillion.in/hls/Letter_G_Goat_Grapes/Letter_G_Goat_Grapes.m3u8,/Letter_G_Goat_Grapes/Letter_G_Goat_Grapes.m3u8,veer
936bd9de-51e9-4537-8237-4a5a591d027a,Drinking_Enough_Water_8_glasses,BabyBillion_Education,"[{""S"":""6+""}]",06f625da-1202-4c8a-8b16-e624b97476d1,https://video.babybillion.in/hls/Drinking_Enough_Water_8_glasses/Drinking_Enough_Water_8_glasses.m3u8,/Drinking_Enough_Water_8_glasses/Drinking_Enough_Water_8_glasses.m3u8,veer
937fe339-74b5-46b2-8ffa-299ebd456749,My_Family,BabyBillion_Education,"[{""S"":""3-6""}]",24429faf-f706-4456-a1a0-d8b55cc55f9d,https://video.babybillion.in/hls/My_Family/My_Family.m3u8,/My_Family/My_Family.m3u8,veer
94d89d5e-7106-4e3c-bcee-656d4110d176,018_vehicles_cycle_rickshaw,BabyBillion_Education,"[{""S"":""3-6""}]",bf9d1fdb-31f8-48e3-9114-9e4e4967617c,https://video.babybillion.in/hls/018_vehicles_cycle_rickshaw/018_vehicles_cycle_rickshaw.m3u8,/018_vehicles_cycle_rickshaw/018_vehicles_cycle_rickshaw.m3u8,veer
9527e94b-8ded-4795-8e91-b9c6414968ce,024_sight_words_are,BabyBillion_Education,"[{""S"":""3-6""}]",181961d7-b484-40c7-b24c-9b3f335cc424,https://video.babybillion.in/hls/024_sight_words_are/024_sight_words_are.m3u8,/024_sight_words_are/024_sight_words_are.m3u8,veer
96199135-a73a-4318-a2f2-f9d4456d9b79,Why_Exercise_Is_Important,BabyBillion_Education,"[{""S"":""6+""}]",cf83518a-7e38-483a-9b3e-a943beb08196,https://video.babybillion.in/hls/Why_Exercise_Is_Important/Why_Exercise_Is_Important.m3u8,/Why_Exercise_Is_Important/Why_Exercise_Is_Important.m3u8,veer
96ec4080-313a-4a92-8c6a-5d0f68246664,Push,BabyBillion_Education,"[{""S"":""0-3""}]",cdd3ba69-c04a-402a-a061-05e0f816a161,https://video.babybillion.in/hls/Push/Push.m3u8,/Push/Push.m3u8,veer
9888765a-9530-4c27-ba1b-a0b8ed476855,Zoo,BabyBillion_Education,"[{""S"":""0-3""}]",e4dd4a24-f512-4d74-8bad-596b71c5369f,https://video.babybillion.in/hls/Zoo/Zoo.m3u8,/Zoo/Zoo.m3u8,veer
989f942d-5e30-48e5-a5a1-b26db1c7dbf7,040_phonics_digraph_sh_as_in_ship,BabyBillion_Education,"[{""S"":""3-6""}]",b79bd45b-2c9c-4b7d-91a0-07c93a4dbea1,https://video.babybillion.in/hls/040_phonics_digraph_sh_as_in_ship/040_phonics_digraph_sh_as_in_ship.m3u8,/040_phonics_digraph_sh_as_in_ship/040_phonics_digraph_sh_as_in_ship.m3u8,veer
98e6d780-976d-43ac-aa5a-1ec577c08c54,008_shapes_arrow_shape,BabyBillion_Education,"[{""S"":""0-3""}]",da4d2220-056e-483b-9fc0-8451577d4cc9,https://video.babybillion.in/hls/008_shapes_arrow_shape/008_shapes_arrow_shape.m3u8,/008_shapes_arrow_shape/008_shapes_arrow_shape.m3u8,veer
9a8ba3ad-6e18-4c63-9c8d-14e00841e12d,Flushing_After_Toilet,BabyBillion_Education,"[{""S"":""0-3""}]",06f625da-1202-4c8a-8b16-e624b97476d1,https://video.babybillion.in/hls/Flushing_After_Toilet/Flushing_After_Toilet.m3u8,/Flushing_After_Toilet/Flushing_After_Toilet.m3u8,veer
9cdcc6c8-5a08-4321-93a5-c2472724e21b,Do_not_touch_fire_stove_or_hot_things,BabyBillion_Education,"[{""S"":""3-6""}]",c3533a50-aeac-4a7c-9f5c-e82d64be5e32,https://video.babybillion.in/hls/Do_not_touch_fire_stove_or_hot_things/Do_not_touch_fire_stove_or_hot_things.m3u8,/Do_not_touch_fire_stove_or_hot_things/Do_not_touch_fire_stove_or_hot_things.m3u8,veer
9d6e84a9-3274-4ac6-9dc5-ee629918516f,Wind_speed_direction,BabyBillion_Education,"[{""S"":""3-6""}]",b7ef253a-6fb1-4247-ad59-99c4c945c8ec,https://video.babybillion.in/hls/Wind_speed_direction/Wind_speed_direction.m3u8,/Wind_speed_direction/Wind_speed_direction.m3u8,veer
9da1b124-9f18-4d1c-905b-683662053a8f,059_sight_words_sleep,BabyBillion_Education,"[{""S"":""3-6""}]",181961d7-b484-40c7-b24c-9b3f335cc424,https://video.babybillion.in/hls/059_sight_words_sleep/059_sight_words_sleep.m3u8,/059_sight_words_sleep/059_sight_words_sleep.m3u8,veer
9df917be-79d5-452a-8ad6-cfc57cfa42ea,Nuts_and_Seeds,BabyBillion_Education,"[{""S"":""6+""}]",5bc39ba0-a18b-42a9-9176-736112991697,https://video.babybillion.in/hls/Nuts_and_Seeds/Nuts_and_Seeds.m3u8,/Nuts_and_Seeds/Nuts_and_Seeds.m3u8,veer
9e803216-461d-4b1b-8e6f-74212758738e,Grandfather,BabyBillion_Education,"[{""S"":""3-6""}]",24429faf-f706-4456-a1a0-d8b55cc55f9d,https://video.babybillion.in/hls/Grandfather/Grandfather.m3u8,/Grandfather/Grandfather.m3u8,veer
9ea2603d-03be-4c8d-aebe-c8b6d23b423e,Cvc_words_get,BabyBillion_Education,"[{""S"":""3-6""}]",bac6ace6-06bc-4f67-85bb-5f0b144d5a15,https://video.babybillion.in/hls/Cvc_words_get/Cvc_words_get.m3u8,/Cvc_words_get/Cvc_words_get.m3u8,veer
9ecaa656-db86-4615-aa1d-f0e6429d19b1,AutoRickshaw,BabyBillion_Education,"[{""S"":""3-6""}]",bf9d1fdb-31f8-48e3-9114-9e4e4967617c,https://video.babybillion.in/hls/AutoRickshaw/AutoRickshaw.m3u8,/AutoRickshaw/AutoRickshaw.m3u8,veer
a0849744-930b-4176-a11c-3d3e23c10881,Kulcha_Chole,BabyBillion_Education,"[{""S"":""3-6""}]",5bc39ba0-a18b-42a9-9176-736112991697,https://video.babybillion.in/hls/Kulcha_Chole/Kulcha_Chole.m3u8,/Kulcha_Chole/Kulcha_Chole.m3u8,veer
a254bdd9-2ade-4902-9fee-60ad67d0bd67,Addition_1_7_8_1_8_9_1_9_10,BabyBillion_Education,"[{""S"":""3-6""}]",f86787db-e9ed-4093-9aa4-a1df05f1c772,https://video.babybillion.in/hls/Addition_1_7_8_1_8_9_1_9_10/Addition_1_7_8_1_8_9_1_9_10.m3u8,/Addition_1_7_8_1_8_9_1_9_10/Addition_1_7_8_1_8_9_1_9_10.m3u8,veer
a3f7a6ad-d7ba-43aa-83a0-f941f162b802,Silent_Letters_k_in_knee_b_in_lamb,BabyBillion_Education,"[{""S"":""6+""}]",b79bd45b-2c9c-4b7d-91a0-07c93a4dbea1,https://video.babybillion.in/hls/Silent_Letters_k_in_knee_b_in_lamb/Silent_Letters_k_in_knee_b_in_lamb.m3u8,/Silent_Letters_k_in_knee_b_in_lamb/Silent_Letters_k_in_knee_b_in_lamb.m3u8,veer
a4121e2f-485d-4afb-8533-3b2c3cb4698f,Play_Tent,BabyBillion_Education,"[{""S"":""0-3""}]",259e1ebe-d005-41f2-a3f8-810078f51c98,https://video.babybillion.in/hls/Play_Tent/Play_Tent.m3u8,/Play_Tent/Play_Tent.m3u8,veer
a5e4af17-e5b6-44f0-83de-ee5c3c0cd4e1,007_community_helpers_carpenter,BabyBillion_Education,"[{""S"":""3-6""}]",3dc35861-75e5-4d11-a33d-d263d159f041,https://video.babybillion.in/hls/007_community_helpers_carpenter/007_community_helpers_carpenter.m3u8,/007_community_helpers_carpenter/007_community_helpers_carpenter.m3u8,veer
a6f56004-ad8c-4d1f-931b-86bc02feeb8e,Trying_a_New_Sport,BabyBillion_Education,"[{""S"":""6+""}]",cf83518a-7e38-483a-9b3e-a943beb08196,https://video.babybillion.in/hls/Trying_a_New_Sport/Trying_a_New_Sport.m3u8,/Trying_a_New_Sport/Trying_a_New_Sport.m3u8,veer
a723ee68-a044-4c31-9481-9bbf08157c9e,039_colors_purple_brinjal,BabyBillion_Education,"[{""S"":""3-6""}]",c23beb7b-23de-440c-9fb1-2990013f11a6,https://video.babybillion.in/hls/039_colors_purple_brinjal/039_colors_purple_brinjal.m3u8,/039_colors_purple_brinjal/039_colors_purple_brinjal.m3u8,veer
a889aa8a-92ad-4417-ae3e-79526d6fd693,abc_capital_Q_and_small_q,BabyBillion_Education,"[{""S"":""3-6""}]",1bf17868-9fb8-419a-b7d7-e9ba3b51a364,https://video.babybillion.in/hls/abc_capital_Q_and_small_q/abc_capital_Q_and_small_q.m3u8,/abc_capital_Q_and_small_q/abc_capital_Q_and_small_q.m3u8,veer
a9fc064d-0928-4eaa-9e52-36f73405b870,010_shapes_kite_shape,BabyBillion_Education,"[{""S"":""0-3""}]",da4d2220-056e-483b-9fc0-8451577d4cc9,https://video.babybillion.in/hls/010_shapes_kite_shape/010_shapes_kite_shape.m3u8,/010_shapes_kite_shape/010_shapes_kite_shape.m3u8,veer
aa34cf8c-c6b4-4e86-bef6-503e97e1746c,058_cvc_words_hit,BabyBillion_Education,"[{""S"":""3-6""}]",bac6ace6-06bc-4f67-85bb-5f0b144d5a15,https://video.babybillion.in/hls/058_cvc_words_hit/058_cvc_words_hit.m3u8,/058_cvc_words_hit/058_cvc_words_hit.m3u8,veer
ab9a142f-acd0-44cb-a5b9-ef1cdfa6656d,Waiting_for_your_turn,BabyBillion_Education,"[{""S"":""0-3""}]",06f625da-1202-4c8a-8b16-e624b97476d1,https://video.babybillion.in/hls/Waiting_for_your_turn/Waiting_for_your_turn.m3u8,/Waiting_for_your_turn/Waiting_for_your_turn.m3u8,veer
ad875d30-d577-47ba-8aea-923f433528dc,Grumpy,BabyBillion_Education,"[{""S"":""0-3""}]",90ff5296-5b99-4ddf-8bdf-ac55f6f7b6c2,https://video.babybillion.in/hls/Grumpy/Grumpy.m3u8,/Grumpy/Grumpy.m3u8,veer
b0a39518-4d29-455f-969c-a28bf1987c5e,Ball_Games_Around_the_World,BabyBillion_Education,"[{""S"":""6+""}]",cf83518a-7e38-483a-9b3e-a943beb08196,https://video.babybillion.in/hls/Ball_Games_Around_the_World/Ball_Games_Around_the_World.m3u8,/Ball_Games_Around_the_World/Ball_Games_Around_the_World.m3u8,veer
b247e5e2-8801-4aa9-9319-cf534942823f,Firefighter,BabyBillion_Education,"[{""S"":""3-6""}]",3dc35861-75e5-4d11-a33d-d263d159f041,https://video.babybillion.in/hls/Firefighter/Firefighter.m3u8,/Firefighter/Firefighter.m3u8,veer
b2b43c2c-6f43-47f5-be3a-02a490696e22,Penguin,BabyBillion_Education,"[{""S"":""3-6""}]",79156051-e033-423a-b7de-a68fe1342a75,https://video.babybillion.in/hls/Penguin/Penguin.m3u8,/Penguin/Penguin.m3u8,veer
b3519223-0656-4df9-ac0b-476b27e352ea,My_Favorite_Family_Member,BabyBillion_Education,"[{""S"":""3-6""}]",24429faf-f706-4456-a1a0-d8b55cc55f9d,https://video.babybillion.in/hls/My_Favorite_Family_Member/My_Favorite_Family_Member.m3u8,/My_Favorite_Family_Member/My_Favorite_Family_Member.m3u8,veer
b3cde9f7-e287-4d2c-aa24-73c9987d3c04,Sea_Samudra,BabyBillion_Education,"[{""S"":""0-3""}]",eb5f90b5-3650-49b9-95b6-d4e3a89c0662,https://video.babybillion.in/hls/Sea_Samudra/Sea_Samudra.m3u8,/Sea_Samudra/Sea_Samudra.m3u8,veer
b40028dd-533e-49dd-801e-d52fec5a9280,Back_Peeth,BabyBillion_Education,"[{""S"":""0-3""}]",6d841cca-a54f-451a-90fc-aeffa145e274,https://video.babybillion.in/hls/Back_Peeth/Back_Peeth.m3u8,/Back_Peeth/Back_Peeth.m3u8,veer
b4078cd2-35db-477b-8030-e858b973f5e3,106_6_Life_on_the_Moon_and_Other_Planets,BabyBillion_Education,"[{""S"":""6+""}]",41f1f46f-18fc-4610-a538-2860e362964b,https://video.babybillion.in/hls/106_6_Life_on_the_Moon_and_Other_Planets/106_6_Life_on_the_Moon_and_Other_Planets.m3u8,/106_6_Life_on_the_Moon_and_Other_Planets/106_6_Life_on_the_Moon_and_Other_Planets.m3u8,veer
b44a98ce-85e3-4740-b37e-07312d0fd5eb,Air_pressure,BabyBillion_Education,"[{""S"":""3-6""}]",ed57a6ae-2009-4c19-9800-8826437fde62,https://video.babybillion.in/hls/Air_pressure/Air_pressure.m3u8,/Air_pressure/Air_pressure.m3u8,veer
b5012ef6-207f-47f9-bde0-4c8560d23e31,Bullock_Cart,BabyBillion_Education,"[{""S"":""0-3""}]",da4d2220-056e-483b-9fc0-8451577d4cc9,https://video.babybillion.in/hls/Bullock_Cart/Bullock_Cart.m3u8,/Bullock_Cart/Bullock_Cart.m3u8,veer
b5678a3a-d5ba-4c03-a8ac-3eb15040501d,Rain,BabyBillion_Education,"[{""S"":""0-3""}]",eb5f90b5-3650-49b9-95b6-d4e3a89c0662,https://video.babybillion.in/hls/Rain/Rain.m3u8,/Rain/Rain.m3u8,veer
b59badd5-26f8-4eb8-aadd-ee02ebd38173,032_colors_green_peas,BabyBillion_Education,"[{""S"":""0-3""}]",c23beb7b-23de-440c-9fb1-2990013f11a6,https://video.babybillion.in/hls/032_colors_green_peas/032_colors_green_peas.m3u8,/032_colors_green_peas/032_colors_green_peas.m3u8,veer
b7925837-7841-483d-8fb2-83f5c449c0b8,19_Long_Home_Items_02_English,BabyBillion_Education,"[{""S"":""3-6""}]",aa154d92-77f0-4dd7-9c3f-d7e57bd9baf5,https://video.babybillion.in/hls/b7925837-7841-483d-8fb2-83f5c449c0b8/b7925837-7841-483d-8fb2-83f5c449c0b8.m3u8,/hls/b7925837-7841-483d-8fb2-83f5c449c0b8/b7925837-7841-483d-8fb2-83f5c449c0b8.m3u8,veer
b8e53c60-fb66-4699-b877-7137eee60a7f,Surprised,BabyBillion_Education,"[{""S"":""3-6""}]",90ff5296-5b99-4ddf-8bdf-ac55f6f7b6c2,https://video.babybillion.in/hls/Surprised/Surprised.m3u8,/Surprised/Surprised.m3u8,veer
bb15592f-548e-4734-a165-c23234c6ad9b,Purple,BabyBillion_Education,"[{""S"":""0-3""}]",c23beb7b-23de-440c-9fb1-2990013f11a6,https://video.babybillion.in/hls/Purple/Purple.m3u8,/Purple/Purple.m3u8,veer
be1cbaa8-a85c-419b-aca4-02baa35e3e94,Thumb_Nails,BabyBillion_Education,"[{""S"":""3-6""}]",6d841cca-a54f-451a-90fc-aeffa145e274,https://video.babybillion.in/hls/Thumb_Nails/Thumb_Nails.m3u8,/Thumb_Nails/Thumb_Nails.m3u8,veer
bf342b49-7d05-4ad5-a676-1f0e0bdf3583,Cold,BabyBillion_Education,"[{""S"":""0-3""}]",4e8e2dbf-bad4-4a56-8365-251a1cfc4a10,https://video.babybillion.in/hls/Cold/Cold.m3u8,/Cold/Cold.m3u8,veer
c145c299-8ded-48ce-bba9-5d4e2d1589a3,Puzzle_activities,BabyBillion_Education,"[{""S"":""3-6""}]",6d841cca-a54f-451a-90fc-aeffa145e274,https://video.babybillion.in/hls/Puzzle_activities/Puzzle_activities.m3u8,/Puzzle_activities/Puzzle_activities.m3u8,veer
c1b6d380-e6ca-476d-8489-6c8cd0b7f491,016_english_speaking_i_have_a_sister,BabyBillion_Education,"[{""S"":""3-6""}]",0eba9676-9d93-484f-8938-41e3ab588a7f,https://video.babybillion.in/hls/016_english_speaking_i_have_a_sister/016_english_speaking_i_have_a_sister.m3u8,/016_english_speaking_i_have_a_sister/016_english_speaking_i_have_a_sister.m3u8,veer
c2830df5-f619-4e61-9993-4578bfa358dd,Sound_of_B_b,BabyBillion_Education,"[{""S"":""3-6""}]",b79bd45b-2c9c-4b7d-91a0-07c93a4dbea1,https://video.babybillion.in/hls/Sound_of_B_b/Sound_of_B_b.m3u8,/Sound_of_B_b/Sound_of_B_b.m3u8,veer
c29bad80-e244-408d-9219-66b48abf55a4,Gorilla,BabyBillion_Education,"[{""S"":""0-3""}]",79156051-e033-423a-b7de-a68fe1342a75,https://video.babybillion.in/hls/Gorilla/Gorilla.m3u8,/Gorilla/Gorilla.m3u8,veer
c3133fc9-d76c-4aaf-944f-d65bbdf3ce9f,043_vehicles_cargo_vehicles,BabyBillion_Education,"[{""S"":""3-6""}]",bf9d1fdb-31f8-48e3-9114-9e4e4967617c,https://video.babybillion.in/hls/043_vehicles_cargo_vehicles/043_vehicles_cargo_vehicles.m3u8,/043_vehicles_cargo_vehicles/043_vehicles_cargo_vehicles.m3u8,veer
c4369f60-2082-41a2-9aee-0e8b7d1d0c55,019_vehicles_tonga_horse_cart,BabyBillion_Education,"[{""S"":""0-3""}]",bf9d1fdb-31f8-48e3-9114-9e4e4967617c,https://video.babybillion.in/hls/019_vehicles_tonga_horse_cart/019_vehicles_tonga_horse_cart.m3u8,/019_vehicles_tonga_horse_cart/019_vehicles_tonga_horse_cart.m3u8,veer
c55eda4b-6be5-4c7b-b6fe-1ec4c2391f86,Fast_Slow,BabyBillion_Education,"[{""S"":""0-3""}]",03776bdf-d177-47e6-abe5-d3215a0df920,https://video.babybillion.in/hls/Fast_Slow/Fast_Slow.m3u8,/Fast_Slow/Fast_Slow.m3u8,veer
c6f70b1b-c6f0-448d-a1d5-375956cbec33,Describing_Your_School,BabyBillion_Education,"[{""S"":""6+""}]",0eba9676-9d93-484f-8938-41e3ab588a7f,https://video.babybillion.in/hls/Describing_Your_School/Describing_Your_School.m3u8,/Describing_Your_School/Describing_Your_School.m3u8,veer
c757682f-4ed4-4f5c-9100-6b221cb494d1,036_pa_se_patang,BabyBillion_Education,"[{""S"":""0-3""}]",de5577e3-4806-4284-9cab-9e7ecf907095,https://video.babybillion.in/hls/036_pa_se_patang/036_pa_se_patang.m3u8,/036_pa_se_patang/036_pa_se_patang.m3u8,veer
c7e537ac-fe42-45d3-9d71-69787b3a17cd,021_vehicles_taxi,BabyBillion_Education,"[{""S"":""3-6""}]",bf9d1fdb-31f8-48e3-9114-9e4e4967617c,https://video.babybillion.in/hls/021_vehicles_taxi/021_vehicles_taxi.m3u8,/021_vehicles_taxi/021_vehicles_taxi.m3u8,veer
c83884ce-8cb8-41ff-98d7-f806b7626008,Double_Letters_ee_oo,BabyBillion_Education,"[{""S"":""6+""}]",b79bd45b-2c9c-4b7d-91a0-07c93a4dbea1,https://video.babybillion.in/hls/Double_Letters_ee_oo/Double_Letters_ee_oo.m3u8,/Double_Letters_ee_oo/Double_Letters_ee_oo.m3u8,veer
c883d2fc-5d6a-437b-9a3d-5643344240aa,Surprised,BabyBillion_Education,"[{""S"":""6+""}]",90ff5296-5b99-4ddf-8bdf-ac55f6f7b6c2,https://video.babybillion.in/hls/Surprised/Surprised.m3u8,/Surprised/Surprised.m3u8,veer
c9b655f3-7492-486e-a424-6d124d3f0b1d,046_vehicles_sound_of_a_train_choo_choo,BabyBillion_Education,"[{""S"":""3-6""}]",bf9d1fdb-31f8-48e3-9114-9e4e4967617c,https://video.babybillion.in/hls/046_vehicles_sound_of_a_train_choo_choo/046_vehicles_sound_of_a_train_choo_choo.m3u8,/046_vehicles_sound_of_a_train_choo_choo/046_vehicles_sound_of_a_train_choo_choo.m3u8,veer
c9e92a0e-420e-4ab9-8159-c4c206612268,114_3-6_Turkey,BabyBillion_Education,"[{""S"":""3-6""}]",efdd9da9-9b29-45aa-8bc4-3ddbee54940d,https://video.babybillion.in/hls/114_3-6_Turkey/114_3-6_Turkey.m3u8,/114_3-6_Turkey/114_3-6_Turkey.m3u8,veer
ca1aea9d-1163-4b1a-a0ad-fa6d7d25b39a,What_Makes_Me_Feel_Safe,BabyBillion_Education,"[{""S"":""6+""}]",90ff5296-5b99-4ddf-8bdf-ac55f6f7b6c2,https://video.babybillion.in/hls/What_Makes_Me_Feel_Safe/What_Makes_Me_Feel_Safe.m3u8,/What_Makes_Me_Feel_Safe/What_Makes_Me_Feel_Safe.m3u8,veer
cce1ea75-4f8e-4d75-85bf-94672cc509c3,002_varnmala_vyanjan_ka_se_kabootar,BabyBillion_Education,"[{""S"":""3-6""}]",fec06a4b-b277-4fe2-8fff-bb40451bf2d9,https://video.babybillion.in/hls/002_varnmala_vyanjan_ka_se_kabootar/002_varnmala_vyanjan_ka_se_kabootar.m3u8,/002_varnmala_vyanjan_ka_se_kabootar/002_varnmala_vyanjan_ka_se_kabootar.m3u8,veer
cceb0ae4-4eb4-4b68-98a0-633bcdc8a114,Diamond,BabyBillion_Education,"[{""S"":""0-3""}]",da4d2220-056e-483b-9fc0-8451577d4cc9,https://video.babybillion.in/hls/Diamond/Diamond.m3u8,/Diamond/Diamond.m3u8,veer
d33d95b1-3fba-45ad-9e53-899c0a00f518,Surprised,BabyBillion_Education,"[{""S"":""0-3""}]",90ff5296-5b99-4ddf-8bdf-ac55f6f7b6c2,https://video.babybillion.in/hls/Surprised/Surprised.m3u8,/Surprised/Surprised.m3u8,veer
d606bbb6-951e-4c01-8f72-5aefaaa04ada,Postman_Daakiya,BabyBillion_Education,"[{""S"":""0-3""}]",18ae1c51-e0c5-4df1-94f6-30f5e6732dd3,https://video.babybillion.in/hls/Postman_Daakiya/Postman_Daakiya.m3u8,/Postman_Daakiya/Postman_Daakiya.m3u8,veer
d63ab81a-0093-44b8-a0b9-8237a4fba3b6,018_good_habits_making_my_bed,BabyBillion_Education,"[{""S"":""3-6""}]",06f625da-1202-4c8a-8b16-e624b97476d1,https://video.babybillion.in/hls/018_good_habits_making_my_bed/018_good_habits_making_my_bed.m3u8,/018_good_habits_making_my_bed/018_good_habits_making_my_bed.m3u8,veer
d63e6c00-43e6-492b-9dda-5190f43e2496,Sense-_Ears_Hear,BabyBillion_Education,"[{""S"":""3-6""}]",b7ef253a-6fb1-4247-ad59-99c4c945c8ec,https://video.babybillion.in/hls/Sense-_Ears_Hear/Sense-_Ears_Hear.m3u8,/Sense-_Ears_Hear/Sense-_Ears_Hear.m3u8,veer
d6af4052-fc6a-4b49-aabb-f3182a7a339b,Confusion,BabyBillion_Education,"[{""S"":""3-6""}]",90ff5296-5b99-4ddf-8bdf-ac55f6f7b6c2,https://video.babybillion.in/hls/Confusion/Confusion.m3u8,/Confusion/Confusion.m3u8,veer
d6f6607c-064e-4a20-8011-608ea5e9f290,Talking_About_Your_Hobbies,BabyBillion_Education,"[{""S"":""6+""}]",0eba9676-9d93-484f-8938-41e3ab588a7f,https://video.babybillion.in/hls/Talking_About_Your_Hobbies/Talking_About_Your_Hobbies.m3u8,/Talking_About_Your_Hobbies/Talking_About_Your_Hobbies.m3u8,veer
d845cce8-53b6-4489-b508-8cf7f0c82882,Laddoo,BabyBillion_Education,"[{""S"":""0-3""}]",5bc39ba0-a18b-42a9-9176-736112991697,https://video.babybillion.in/hls/Laddoo/Laddoo.m3u8,/Laddoo/Laddoo.m3u8,veer
d89eaef8-8c8c-474c-b631-0962f45e0c91,Addition_1_3_4_1_4_5,BabyBillion_Education,"[{""S"":""3-6""}]",f86787db-e9ed-4093-9aa4-a1df05f1c772,https://video.babybillion.in/hls/Addition_1_3_4_1_4_5/Addition_1_3_4_1_4_5.m3u8,/Addition_1_3_4_1_4_5/Addition_1_3_4_1_4_5.m3u8,veer
d99efa5f-6a1b-42c1-ad2c-60551559aefc,014_ee_se_eekh,BabyBillion_Education,"[{""S"":""0-3""}]",de5577e3-4806-4284-9cab-9e7ecf907095,https://video.babybillion.in/hls/014_ee_se_eekh/014_ee_se_eekh.m3u8,/014_ee_se_eekh/014_ee_se_eekh.m3u8,veer
dc7b4d41-3fad-4081-bb45-61856923880f,Dates_Khajoor,BabyBillion_Education,"[{""S"":""0-3""}]",2c830c25-38e8-4d38-a3c3-cc9a3ff96b5f,https://video.babybillion.in/hls/Dates_Khajoor/Dates_Khajoor.m3u8,/Dates_Khajoor/Dates_Khajoor.m3u8,veer
dd8a91d0-c840-4ae4-b3d0-9dae8ed459eb,Consonant_Blends_bl_cl_fl_gl,BabyBillion_Education,"[{""S"":""6+""}]",b79bd45b-2c9c-4b7d-91a0-07c93a4dbea1,https://video.babybillion.in/hls/Consonant_Blends_bl_cl_fl_gl/Consonant_Blends_bl_cl_fl_gl.m3u8,/Consonant_Blends_bl_cl_fl_gl/Consonant_Blends_bl_cl_fl_gl.m3u8,veer
de4fa49b-ae57-493a-ae8e-074a0c1c8ba4,Eyes,BabyBillion_Education,"[{""S"":""0-3""}]",6d841cca-a54f-451a-90fc-aeffa145e274,https://video.babybillion.in/hls/Eyes/Eyes.m3u8,/Eyes/Eyes.m3u8,veer
e0a49ce9-8388-41de-9b2e-50f64fea8030,009_cvc_words_van,BabyBillion_Education,"[{""S"":""3-6""}]",bac6ace6-06bc-4f67-85bb-5f0b144d5a15,https://video.babybillion.in/hls/009_cvc_words_van/009_cvc_words_van.m3u8,/009_cvc_words_van/009_cvc_words_van.m3u8,veer
e1023d06-3ae8-4c70-8305-f8e4b2ccdb35,Ice,BabyBillion_Education,"[{""S"":""0-3""}]",eb5f90b5-3650-49b9-95b6-d4e3a89c0662,https://video.babybillion.in/hls/Ice/Ice.m3u8,/Ice/Ice.m3u8,veer
e1848a24-04d5-4b3c-a1d9-4ff88c6c10b5,Subtraction_2-digit_2-digitno_borrow_5,BabyBillion_Education,"[{""S"":""6+""}]",9a5470ca-9377-4780-8e16-07dafe876377,https://video.babybillion.in/hls/Subtraction_2-digit_2-digitno_borrow_5/Subtraction_2-digit_2-digitno_borrow_5.m3u8,/Subtraction_2-digit_2-digitno_borrow_5/Subtraction_2-digit_2-digitno_borrow_5.m3u8,veer
e3a746c7-2600-48ae-999a-0fbbb90160d6,Bend,BabyBillion_Education,"[{""S"":""3-6""}]",cdd3ba69-c04a-402a-a061-05e0f816a161,https://video.babybillion.in/hls/Bend/Bend.m3u8,/Bend/Bend.m3u8,veer
e49274ab-35e5-4140-985e-fc65058701be,Clock_Circle,BabyBillion_Education,"[{""S"":""0-3""}]",da4d2220-056e-483b-9fc0-8451577d4cc9,https://video.babybillion.in/hls/Clock_Circle/Clock_Circle.m3u8,/Clock_Circle/Clock_Circle.m3u8,veer
e49e30d7-0025-47bc-8c71-cf4aec1346fc,Being_gentle_with_pets,BabyBillion_Education,"[{""S"":""3-6""}]",06f625da-1202-4c8a-8b16-e624b97476d1,https://video.babybillion.in/hls/Being_gentle_with_pets/Being_gentle_with_pets.m3u8,/Being_gentle_with_pets/Being_gentle_with_pets.m3u8,veer
e4ec3094-a28b-4d6a-a1f4-f011b90d4a56,Penguin,BabyBillion_Education,"[{""S"":""3-6""}]",c1f0397a-0732-418a-b6e4-50081b10219c,https://video.babybillion.in/hls/Penguin/Penguin.m3u8,/Penguin/Penguin.m3u8,veer
e64edf55-433f-4224-b1e0-6ef19efe01ff,Ascending_Order_1-5,BabyBillion_Education,"[{""S"":""3-6""}]",98263b2e-41f3-413e-9a83-b64ef2016a53,https://video.babybillion.in/hls/Ascending_Order_1-5/Ascending_Order_1-5.m3u8,/Ascending_Order_1-5/Ascending_Order_1-5.m3u8,veer
e6877293-8f94-4e1b-a244-52e681f24f6e,Describing_the_Weather,BabyBillion_Education,"[{""S"":""6+""}]",0eba9676-9d93-484f-8938-41e3ab588a7f,https://video.babybillion.in/hls/Describing_the_Weather/Describing_the_Weather.m3u8,/Describing_the_Weather/Describing_the_Weather.m3u8,veer
e6d86a10-4b8f-4c19-ad07-90272cdc5085,Purple,BabyBillion_Education,"[{""S"":""3-6""}]",c23beb7b-23de-440c-9fb1-2990013f11a6,https://video.babybillion.in/hls/Purple/Purple.m3u8,/Purple/Purple.m3u8,veer
e743519c-a4c3-4bf4-9b4b-57b6725bf84d,022_simple_sentences_i_have_two_hands,BabyBillion_Education,"[{""S"":""3-6""}]",4c06fdb7-0fe2-4c21-aab0-f80f2fa1f650,https://video.babybillion.in/hls/022_simple_sentences_i_have_two_hands/022_simple_sentences_i_have_two_hands.m3u8,/022_simple_sentences_i_have_two_hands/022_simple_sentences_i_have_two_hands.m3u8,veer
e8e58418-6861-4fae-b774-ae604eb36e01,Restaurant,BabyBillion_Education,"[{""S"":""0-3""}]",e4dd4a24-f512-4d74-8bad-596b71c5369f,https://video.babybillion.in/hls/Restaurant/Restaurant.m3u8,/Restaurant/Restaurant.m3u8,veer
e94e0071-ad64-4f1e-bd39-0fd9650baebc,016_good_habits_eating_at_the_table,BabyBillion_Education,"[{""S"":""0-3""}]",06f625da-1202-4c8a-8b16-e624b97476d1,https://video.babybillion.in/hls/016_good_habits_eating_at_the_table/016_good_habits_eating_at_the_table.m3u8,/016_good_habits_eating_at_the_table/016_good_habits_eating_at_the_table.m3u8,veer
eaf9974e-ead3-4c26-8d7a-f2bb52f626ec,Vehicles_on_air,BabyBillion_Education,"[{""S"":""3-6""}]",bf9d1fdb-31f8-48e3-9114-9e4e4967617c,https://video.babybillion.in/hls/Vehicles_on_air/Vehicles_on_air.m3u8,/Vehicles_on_air/Vehicles_on_air.m3u8,veer
ebb77c93-b994-4857-9ccc-a5e57803dd62,Garbage_Collector,BabyBillion_Education,"[{""S"":""0-3""}]",18ae1c51-e0c5-4df1-94f6-30f5e6732dd3,https://video.babybillion.in/hls/Garbage_Collector/Garbage_Collector.m3u8,/Garbage_Collector/Garbage_Collector.m3u8,veer
ebebbd6f-d066-4733-afeb-4658d0d3a7ef,Bend,BabyBillion_Education,"[{""S"":""3-6""}]",6d841cca-a54f-451a-90fc-aeffa145e274,https://video.babybillion.in/hls/Bend/Bend.m3u8,/Bend/Bend.m3u8,veer
ecc6c19c-ffaa-4246-93c5-2ebf227f76ea,Zebra,BabyBillion_Education,"[{""S"":""3-6""}]",79156051-e033-423a-b7de-a68fe1342a75,https://video.babybillion.in/hls/Zebra/Zebra.m3u8,/Zebra/Zebra.m3u8,veer
ed714e9e-e33a-4926-bc31-a2457cb017fc,Kite,BabyBillion_Education,"[{""S"":""0-3""}]",259e1ebe-d005-41f2-a3f8-810078f51c98,https://video.babybillion.in/hls/Kite/Kite.m3u8,/Kite/Kite.m3u8,veer
eefabcc2-62a1-4cf6-bad8-680fab96e09b,Sight_words_come,BabyBillion_Education,"[{""S"":""3-6""}]",181961d7-b484-40c7-b24c-9b3f335cc424,https://video.babybillion.in/hls/Sight_words_come/Sight_words_come.m3u8,/Sight_words_come/Sight_words_come.m3u8,veer
ef5f5935-754a-4d7a-b61b-babb85c0cd93,Cvc_words_gig,BabyBillion_Education,"[{""S"":""3-6""}]",bac6ace6-06bc-4f67-85bb-5f0b144d5a15,https://video.babybillion.in/hls/Cvc_words_gig/Cvc_words_gig.m3u8,/Cvc_words_gig/Cvc_words_gig.m3u8,veer
f0a45be3-58ef-4172-9e4e-aa6fbffb18f7,017_varnmala_vyanjan_da_soft_se_darvaaza,BabyBillion_Education,"[{""S"":""3-6""}]",fec06a4b-b277-4fe2-8fff-bb40451bf2d9,https://video.babybillion.in/hls/017_varnmala_vyanjan_da_soft_se_darvaaza/017_varnmala_vyanjan_da_soft_se_darvaaza.m3u8,/017_varnmala_vyanjan_da_soft_se_darvaaza/017_varnmala_vyanjan_da_soft_se_darvaaza.m3u8,veer
f1052d44-cc9c-43c5-849a-717db83c1279,014_good_habits_chewing_food_well,BabyBillion_Education,"[{""S"":""3-6""}]",06f625da-1202-4c8a-8b16-e624b97476d1,https://video.babybillion.in/hls/014_good_habits_chewing_food_well/014_good_habits_chewing_food_well.m3u8,/014_good_habits_chewing_food_well/014_good_habits_chewing_food_well.m3u8,veer
f1406612-e824-464d-8578-80e43014a254,028_simple_sentences_i_see_the_moon,BabyBillion_Education,"[{""S"":""3-6""}]",4c06fdb7-0fe2-4c21-aab0-f80f2fa1f650,https://video.babybillion.in/hls/028_simple_sentences_i_see_the_moon/028_simple_sentences_i_see_the_moon.m3u8,/028_simple_sentences_i_see_the_moon/028_simple_sentences_i_see_the_moon.m3u8,veer
f199b623-bbdd-4b3f-b0a8-9540730ddfe3,Guava,BabyBillion_Education,"[{""S"":""0-3""}]",2c830c25-38e8-4d38-a3c3-cc9a3ff96b5f,https://video.babybillion.in/hls/Guava/Guava.m3u8,/Guava/Guava.m3u8,veer
f5fcb36b-34c5-4670-bdde-bb717c2394bf,018_simple_sentences_i_can_tie_my_shoes,BabyBillion_Education,"[{""S"":""3-6""}]",4c06fdb7-0fe2-4c21-aab0-f80f2fa1f650,https://video.babybillion.in/hls/018_simple_sentences_i_can_tie_my_shoes/018_simple_sentences_i_can_tie_my_shoes.m3u8,/018_simple_sentences_i_can_tie_my_shoes/018_simple_sentences_i_can_tie_my_shoes.m3u8,veer
f8558911-96a3-4d9c-86a4-86b6bc347aa5,Saturn,BabyBillion_Education,"[{""S"":""3-6""}]",b7ef253a-6fb1-4247-ad59-99c4c945c8ec,https://video.babybillion.in/hls/Saturn/Saturn.m3u8,/Saturn/Saturn.m3u8,veer
f87d5b3f-710f-4ad0-be24-9016d26da1c1,Spinning_Top_Lattu,BabyBillion_Education,"[{""S"":""0-3""}]",259e1ebe-d005-41f2-a3f8-810078f51c98,https://video.babybillion.in/hls/Spinning_Top_Lattu/Spinning_Top_Lattu.m3u8,/Spinning_Top_Lattu/Spinning_Top_Lattu.m3u8,veer
fa9fc022-f4ce-4a98-9c4d-342239869e18,Nurse,BabyBillion_Education,"[{""S"":""0-3""}]",18ae1c51-e0c5-4df1-94f6-30f5e6732dd3,https://video.babybillion.in/hls/Nurse/Nurse.m3u8,/Nurse/Nurse.m3u8,veer
fcba768d-5e1a-4bbd-a320-82c5c0bf5a47,Sight_words_play,BabyBillion_Education,"[{""S"":""3-6""}]",181961d7-b484-40c7-b24c-9b3f335cc424,https://video.babybillion.in/hls/Sight_words_play/Sight_words_play.m3u8,/Sight_words_play/Sight_words_play.m3u8,veer
fed05e07-a1be-4f69-a8a5-6f7296b813c7,010_simple_sentences_i_can_jump_high,BabyBillion_Education,"[{""S"":""3-6""}]",4c06fdb7-0fe2-4c21-aab0-f80f2fa1f650,https://video.babybillion.in/hls/010_simple_sentences_i_can_jump_high/010_simple_sentences_i_can_jump_high.m3u8,/010_simple_sentences_i_can_jump_high/010_simple_sentences_i_can_jump_high.m3u8,veer
fee7ea23-aaab-48af-a3ea-33d0353305b2,Drinking_Milk,BabyBillion_Education,"[{""S"":""0-3""}]",06f625da-1202-4c8a-8b16-e624b97476d1,https://video.babybillion.in/hls/Drinking_Milk/Drinking_Milk.m3u8,/Drinking_Milk/Drinking_Milk.m3u8,veer
ff114d4e-c991-4eb0-8857-2ca50081296e,Brother_Bhaiya,BabyBillion_Education,"[{""S"":""0-3""}]",24429faf-f706-4456-a1a0-d8b55cc55f9d,https://video.babybillion.in/hls/Brother_Bhaiya/Brother_Bhaiya.m3u8,/Brother_Bhaiya/Brother_Bhaiya.m3u8,veer
ff99573d-8135-4c0e-a86d-d8cf0f1148f9,Hands,BabyBillion_Education,"[{""S"":""0-3""}]",6d841cca-a54f-451a-90fc-aeffa145e274,https://video.babybillion.in/hls/Hands/Hands.m3u8,/Hands/Hands.m3u8,veer
313dfb30-e7d4-4db5-92ad-d93b13a95516,049_english_speaking_i_want_a_hug,BabyBillion_Education,"[{""S"":""3-6""}]",0eba9676-9d93-484f-8938-41e3ab588a7f,https://video.babybillion.in/hls/049_english_speaking_i_want_a_hug/049_english_speaking_i_want_a_hug.m3u8,/049_english_speaking_i_want_a_hug/049_english_speaking_i_want_a_hug.m3u8,veer and arjun
b2d8d451-2258-46ea-984f-f0b48cbb802a,The_Importance_of_Practice,BabyBillion_Education,"[{""S"":""6+""}]",cf83518a-7e38-483a-9b3e-a943beb08196,https://video.babybillion.in/hls/The_Importance_of_Practice/The_Importance_of_Practice.m3u8,/The_Importance_of_Practice/The_Importance_of_Practice.m3u8,veer and arjun
0784d64d-6fb8-4762-a67d-995e33cf8ce5,Shopping_Conversations,BabyBillion_Education,"[{""S"":""6+""}]",0eba9676-9d93-484f-8938-41e3ab588a7f,https://video.babybillion.in/hls/Shopping_Conversations/Shopping_Conversations.m3u8,/Shopping_Conversations/Shopping_Conversations.m3u8,Veer and Chintu
079828ef-e0fb-40ad-9a27-a780ace3666c,Introducing_Yourself_in_Detail,BabyBillion_Education,"[{""S"":""6+""}]",0eba9676-9d93-484f-8938-41e3ab588a7f,https://video.babybillion.in/hls/Introducing_Yourself_in_Detail/Introducing_Yourself_in_Detail.m3u8,/Introducing_Yourself_in_Detail/Introducing_Yourself_in_Detail.m3u8,Veer and Chintu
f168bc8a-4bbb-4d55-97e1-8411be7fe4dc,Shopping_Conversations,BabyBillion_Education,"[{""S"":""6+""}]",0eba9676-9d93-484f-8938-41e3ab588a7f,https://video.babybillion.in/hls/Shopping_Conversations/Shopping_Conversations.m3u8,/Shopping_Conversations/Shopping_Conversations.m3u8,veer and chintu
4496681a-937a-4389-b592-6a70ed5413e8,Classification_Reptiles,BabyBillion_Education,"[{""S"":""6+""}]",79156051-e033-423a-b7de-a68fe1342a75,https://video.babybillion.in/hls/Classification_Reptiles/Classification_Reptiles.m3u8,/Classification_Reptiles/Classification_Reptiles.m3u8,veer and jai
6f0270d0-8ae7-4788-bc88-04b9de6064c7,Talking_About_My_Feelings,BabyBillion_Education,"[{""S"":""6+""}]",90ff5296-5b99-4ddf-8bdf-ac55f6f7b6c2,https://video.babybillion.in/hls/6f0270d0-8ae7-4788-bc88-04b9de6064c7/6f0270d0-8ae7-4788-bc88-04b9de6064c7.m3u8,/hls/6f0270d0-8ae7-4788-bc88-04b9de6064c7/6f0270d0-8ae7-4788-bc88-04b9de6064c7.m3u8,veer and jai
facb4c21-dfaa-407f-ba4f-12d2641f78e7,Winning_and_Losing_Gracefully,BabyBillion_Education,"[{""S"":""6+""}]",cf83518a-7e38-483a-9b3e-a943beb08196,https://video.babybillion.in/hls/Winning_and_Losing_Gracefully/Winning_and_Losing_Gracefully.m3u8,/Winning_and_Losing_Gracefully/Winning_and_Losing_Gracefully.m3u8,veer and jai
9902e6f5-8fcd-404e-9ec1-a35649365abd,009_english_speaking_come_again,BabyBillion_Education,"[{""S"":""3-6""}]",0eba9676-9d93-484f-8938-41e3ab588a7f,https://video.babybillion.in/hls/009_english_speaking_come_again/009_english_speaking_come_again.m3u8,/009_english_speaking_come_again/009_english_speaking_come_again.m3u8,veer and mia
292f8dd4-53f8-4eb5-ae6f-12713acf6f32,045_vehicles_sound_of_a_car_vroom,BabyBillion_Education,"[{""S"":""3-6""}]",bf9d1fdb-31f8-48e3-9114-9e4e4967617c,https://video.babybillion.in/hls/045_vehicles_sound_of_a_car_vroom/045_vehicles_sound_of_a_car_vroom.m3u8,/045_vehicles_sound_of_a_car_vroom/045_vehicles_sound_of_a_car_vroom.m3u8,veer and tara
e16360ad-486d-4e82-8cb6-141869ee609c,062_cvc_words_pit,BabyBillion_Education,"[{""S"":""3-6""}]",bac6ace6-06bc-4f67-85bb-5f0b144d5a15,https://video.babybillion.in/hls/062_cvc_words_pit/062_cvc_words_pit.m3u8,/062_cvc_words_pit/062_cvc_words_pit.m3u8,veer and tara
8e02e10e-1f86-4ac1-a68b-44036cded20d,National_Flower_Lotus,BabyBillion_Education,"[{""S"":""3-6""}]",2754f754-bfaf-4810-9852-60d5960a7a74,https://video.babybillion.in/hls/National_Flower_Lotus/National_Flower_Lotus.m3u8,/National_Flower_Lotus/National_Flower_Lotus.m3u8,veer and zoya
916c4156-1c59-428e-9b20-95ed3b7e7f16,017_english_speaking_i_am_the_elder_one,BabyBillion_Education,"[{""S"":""3-6""}]",0eba9676-9d93-484f-8938-41e3ab588a7f,https://video.babybillion.in/hls/017_english_speaking_i_am_the_elder_one/017_english_speaking_i_am_the_elder_one.m3u8,/017_english_speaking_i_am_the_elder_one/017_english_speaking_i_am_the_elder_one.m3u8,veer and zoya
05a2ac69-039b-4cf8-8dae-eb51879fd80f,025_sight_words_for,BabyBillion_Education,"[{""S"":""3-6""}]",181961d7-b484-40c7-b24c-9b3f335cc424,https://video.babybillion.in/hls/025_sight_words_for/025_sight_words_for.m3u8,/025_sight_words_for/025_sight_words_for.m3u8,Veera
25414dda-2663-4103-9eb3-f7e8b61e0e05,Number_18,BabyBillion_Education,"[{""S"":""3-6""}]",96c17b79-8401-4494-9e78-28c683d600c0,https://video.babybillion.in/hls/Number_18/Number_18.m3u8,/Number_18/Number_18.m3u8,veera
25605c6d-2958-4eca-9a06-f9ae0cc7e814,Bucket,BabyBillion_Education,"[{""S"":""0-3""}]",aa154d92-77f0-4dd7-9c3f-d7e57bd9baf5,https://video.babybillion.in/hls/Bucket/Bucket.m3u8,/Bucket/Bucket.m3u8,veera
9ad2408b-d8c6-450b-ac1a-e16d73aadccc,Root_Vegetables-_Potato_Carrot_Radish_Beetroot,BabyBillion_Education,"[{""S"":""3-6""}]",c3d15541-8760-45ff-b253-1647ca61bf37,https://video.babybillion.in/hls/Root_Vegetables-_Potato_Carrot_Radish_Beetroot/Root_Vegetables-_Potato_Carrot_Radish_Beetroot.m3u8,/Root_Vegetables-_Potato_Carrot_Radish_Beetroot/Root_Vegetables-_Potato_Carrot_Radish_Beetroot.m3u8,veera
efbf859c-ec47-4bed-aa19-87318659de39,Penguin,BabyBillion_Education,"[{""S"":""0-3""}]",bd7c6e2d-c979-43ea-89eb-899d9aeb8b94,https://video.babybillion.in/hls/Penguin/Penguin.m3u8,/Penguin/Penguin.m3u8,veera
3d63477c-e02b-423d-ac92-4c70cba2611f,020_community_helpers_what_does_a_doctor_do,BabyBillion_Education,"[{""S"":""0-3""}]",3dc35861-75e5-4d11-a33d-d263d159f041,https://video.babybillion.in/hls/020_community_helpers_what_does_a_doctor_do/020_community_helpers_what_does_a_doctor_do.m3u8,/020_community_helpers_what_does_a_doctor_do/020_community_helpers_what_does_a_doctor_do.m3u8,zara
21b8c683-3860-4e20-9b13-a942f10b625f,103_3-6_Ascending_Order_1-10,BabyBillion_Education,"[{""S"":""3-6""}]",98263b2e-41f3-413e-9a83-b64ef2016a53,https://video.babybillion.in/hls/103_3-6_Ascending_Order_1-10/103_3-6_Ascending_Order_1-10.m3u8,/103_3-6_Ascending_Order_1-10/103_3-6_Ascending_Order_1-10.m3u8,zolya
cc1abc1e-822a-4fbc-bb72-fe79dfce9df0,015_varnmala_vyanjan_ta_soft_se_talvaar,BabyBillion_Education,"[{""S"":""3-6""}]",fec06a4b-b277-4fe2-8fff-bb40451bf2d9,https://video.babybillion.in/hls/015_varnmala_vyanjan_ta_soft_se_talvaar/015_varnmala_vyanjan_ta_soft_se_talvaar.m3u8,/015_varnmala_vyanjan_ta_soft_se_talvaar/015_varnmala_vyanjan_ta_soft_se_talvaar.m3u8,zoya
01523fa2-a64b-4d63-9ba6-f3f23a80c878,016_oo_se_oon,BabyBillion_Education,"[{""S"":""0-3""}]",de5577e3-4806-4284-9cab-9e7ecf907095,https://video.babybillion.in/hls/016_oo_se_oon/016_oo_se_oon.m3u8,/016_oo_se_oon/016_oo_se_oon.m3u8,Zoya
04a410f8-a261-4d00-8e8e-1d44ee9f9bb2,Dark_Brown,BabyBillion_Education,"[{""S"":""0-3""}]",c23beb7b-23de-440c-9fb1-2990013f11a6,https://video.babybillion.in/hls/Dark_Brown/Dark_Brown.m3u8,/Dark_Brown/Dark_Brown.m3u8,Zoya
04e99b6f-cd8a-4cc5-845d-c32715277fdb,Bed,BabyBillion_Education,"[{""S"":""0-3""}]",aa154d92-77f0-4dd7-9c3f-d7e57bd9baf5,https://video.babybillion.in/hls/Bed/Bed.m3u8,/Bed/Bed.m3u8,Zoya
05eb6c34-34f6-47ce-8151-deb25f50d56c,Nose,BabyBillion_Education,"[{""S"":""3-6""}]",6d841cca-a54f-451a-90fc-aeffa145e274,https://video.babybillion.in/hls/Nose/Nose.m3u8,/Nose/Nose.m3u8,Zoya
072f8b9a-5b67-4e22-9cf8-cbbcf9f5c194,Grains,BabyBillion_Education,"[{""S"":""6+""}]",5bc39ba0-a18b-42a9-9176-736112991697,https://video.babybillion.in/hls/Grains/Grains.m3u8,/Grains/Grains.m3u8,Zoya
08ae8a6d-a8c8-4d16-8bf4-965393847d23,Excited,BabyBillion_Education,"[{""S"":""3-6""}]",90ff5296-5b99-4ddf-8bdf-ac55f6f7b6c2,https://video.babybillion.in/hls/Excited/Excited.m3u8,/Excited/Excited.m3u8,Zoya
0a0afeb6-e6a8-4c00-a7fc-8b58d0e55b9c,021_varnmala_vyanjan_pha_se_phal,BabyBillion_Education,"[{""S"":""3-6""}]",fec06a4b-b277-4fe2-8fff-bb40451bf2d9,https://video.babybillion.in/hls/021_varnmala_vyanjan_pha_se_phal/021_varnmala_vyanjan_pha_se_phal.m3u8,/021_varnmala_vyanjan_pha_se_phal/021_varnmala_vyanjan_pha_se_phal.m3u8,Zoya
0a50ee94-20b5-401e-b4b1-f412e5829de4,Subtracting_1_digit_from_2_digit_Vid_6,BabyBillion_Education,"[{""S"":""6+""}]",9a5470ca-9377-4780-8e16-07dafe876377,https://video.babybillion.in/hls/Subtracting_1_digit_from_2_digit_Vid_6/Subtracting_1_digit_from_2_digit_Vid_6.m3u8,/Subtracting_1_digit_from_2_digit_Vid_6/Subtracting_1_digit_from_2_digit_Vid_6.m3u8,Zoya
0eca554c-3d08-4fc5-96c0-2d2feceb9d9b,Peaceful,BabyBillion_Education,"[{""S"":""3-6""}]",90ff5296-5b99-4ddf-8bdf-ac55f6f7b6c2,https://video.babybillion.in/hls/Peaceful/Peaceful.m3u8,/Peaceful/Peaceful.m3u8,zoya
104648ee-5967-4e74-bca0-5c94c20bdf52,Oval_Egg,BabyBillion_Education,"[{""S"":""0-3""}]",da4d2220-056e-483b-9fc0-8451577d4cc9,https://video.babybillion.in/hls/Oval_Egg/Oval_Egg.m3u8,/Oval_Egg/Oval_Egg.m3u8,zoya
11ab2319-aee1-429a-9eaa-0f824376e898,Different_clothes_people_wear,BabyBillion_Education,"[{""S"":""3-6""}]",2754f754-bfaf-4810-9852-60d5960a7a74,https://video.babybillion.in/hls/Different_clothes_people_wear/Different_clothes_people_wear.m3u8,/Different_clothes_people_wear/Different_clothes_people_wear.m3u8,zoya
13c608e2-6116-42bb-9bb5-b4400d002127,026_good_habits_not_wasting_water,BabyBillion_Education,"[{""S"":""3-6""}]",06f625da-1202-4c8a-8b16-e624b97476d1,https://video.babybillion.in/hls/026_good_habits_not_wasting_water/026_good_habits_not_wasting_water.m3u8,/026_good_habits_not_wasting_water/026_good_habits_not_wasting_water.m3u8,zoya
13e4596c-891b-4ade-affd-94fbaf007ce4,Minerals,BabyBillion_Education,"[{""S"":""6+""}]",5bc39ba0-a18b-42a9-9176-736112991697,https://video.babybillion.in/hls/Minerals/Minerals.m3u8,/Minerals/Minerals.m3u8,zoya
142e3473-31d6-4895-9216-cbc3680b3022,Donkey,BabyBillion_Education,"[{""S"":""0-3""}]",79156051-e033-423a-b7de-a68fe1342a75,https://video.babybillion.in/hls/Donkey/Donkey.m3u8,/Donkey/Donkey.m3u8,zoya
14704e69-9a63-4a29-8bdb-6d339cf8a6f2,104_3-6_Descending_Order_10-1,BabyBillion_Education,"[{""S"":""3-6""}]",98263b2e-41f3-413e-9a83-b64ef2016a53,https://video.babybillion.in/hls/104_3-6_Descending_Order_10-1/104_3-6_Descending_Order_10-1.m3u8,/104_3-6_Descending_Order_10-1/104_3-6_Descending_Order_10-1.m3u8,zoya
14fe684d-78ad-45ab-9e5f-f020d0d3e55f,057_simple_sentences_i_am_drawing,BabyBillion_Education,"[{""S"":""3-6""}]",0eba9676-9d93-484f-8938-41e3ab588a7f,https://video.babybillion.in/hls/057_simple_sentences_i_am_drawing/057_simple_sentences_i_am_drawing.m3u8,/057_simple_sentences_i_am_drawing/057_simple_sentences_i_am_drawing.m3u8,zoya
174ad4bd-a312-42a5-b2a4-1fa32897c955,007_cvc_words_pan,BabyBillion_Education,"[{""S"":""3-6""}]",bac6ace6-06bc-4f67-85bb-5f0b144d5a15,https://video.babybillion.in/hls/007_cvc_words_pan/007_cvc_words_pan.m3u8,/007_cvc_words_pan/007_cvc_words_pan.m3u8,zoya
19dd9c39-0c60-4c76-8ac8-8da22ef165c7,Adding_2digit_1digit_video3,BabyBillion_Education,"[{""S"":""6+""}]",f86787db-e9ed-4093-9aa4-a1df05f1c772,https://video.babybillion.in/hls/Adding_2digit_1digit_video3/Adding_2digit_1digit_video3.m3u8,/Adding_2digit_1digit_video3/Adding_2digit_1digit_video3.m3u8,zoya
1b7ee763-c821-4c96-8bc6-9f8bdcab5a05,Jealousy,BabyBillion_Education,"[{""S"":""3-6""}]",90ff5296-5b99-4ddf-8bdf-ac55f6f7b6c2,https://video.babybillion.in/hls/Jealousy/Jealousy.m3u8,/Jealousy/Jealousy.m3u8,zoya
1ba97d6d-d5d8-425b-9fe6-e1311d164720,Pillow,BabyBillion_Education,"[{""S"":""0-3""}]",aa154d92-77f0-4dd7-9c3f-d7e57bd9baf5,https://video.babybillion.in/hls/Pillow/Pillow.m3u8,/Pillow/Pillow.m3u8,zoya
1c302f09-c9c8-4378-ac00-26f7ebe4382a,Au,BabyBillion_Education,"[{""S"":""3-6""}]",fec06a4b-b277-4fe2-8fff-bb40451bf2d9,https://video.babybillion.in/hls/Au/Au.m3u8,/Au/Au.m3u8,zoya
1cf5911d-aa8f-449f-bed1-f74df5598a59,Uses_of_water,BabyBillion_Education,"[{""S"":""3-6""}]",b7ef253a-6fb1-4247-ad59-99c4c945c8ec,https://video.babybillion.in/hls/Uses_of_water/Uses_of_water.m3u8,/Uses_of_water/Uses_of_water.m3u8,zoya
1d39652d-cbcf-4113-90b7-df6cd399b903,Comparing_Amounts_MoreLess,BabyBillion_Education,"[{""S"":""6+""}]",196088dd-3c9e-4930-8bfb-55110c194c2a,https://video.babybillion.in/hls/Comparing_Amounts_MoreLess/Comparing_Amounts_MoreLess.m3u8,/Comparing_Amounts_MoreLess/Comparing_Amounts_MoreLess.m3u8,zoya
1d50f5d4-f288-4bbf-aa6e-25bb65a87ba1,Pressure_Cooker,BabyBillion_Education,"[{""S"":""0-3""}]",aa154d92-77f0-4dd7-9c3f-d7e57bd9baf5,https://video.babybillion.in/hls/Pressure_Cooker/Pressure_Cooker.m3u8,/Pressure_Cooker/Pressure_Cooker.m3u8,zoya
1ed7cdbb-ab6e-40f1-8403-19e6ea1c99fd,Donkey,BabyBillion_Education,"[{""S"":""3-6""}]",c06e196f-39fa-4dc0-a9ba-0f036f7bc248,https://video.babybillion.in/hls/Donkey/Donkey.m3u8,/Donkey/Donkey.m3u8,zoya
217e53c8-8be3-4014-9f41-240167151f87,Cvc_words_fin,BabyBillion_Education,"[{""S"":""3-6""}]",bac6ace6-06bc-4f67-85bb-5f0b144d5a15,https://video.babybillion.in/hls/Cvc_words_fin/Cvc_words_fin.m3u8,/Cvc_words_fin/Cvc_words_fin.m3u8,zoya
21eb40ed-38cf-4406-a7e5-be46c4740d45,106_3-6_Numbers_51-60,BabyBillion_Education,"[{""S"":""3-6""}]",96c17b79-8401-4494-9e78-28c683d600c0,https://video.babybillion.in/hls/106_3-6_Numbers_51-60/106_3-6_Numbers_51-60.m3u8,/106_3-6_Numbers_51-60/106_3-6_Numbers_51-60.m3u8,zoya
2275fa8d-ce94-4b2f-beb7-ffc19b6a363c,Tell_an_adult_if_you_see_fire_or_smoke,BabyBillion_Education,"[{""S"":""3-6""}]",c3533a50-aeac-4a7c-9f5c-e82d64be5e32,https://video.babybillion.in/hls/Tell_an_adult_if_you_see_fire_or_smoke/Tell_an_adult_if_you_see_fire_or_smoke.m3u8,/Tell_an_adult_if_you_see_fire_or_smoke/Tell_an_adult_if_you_see_fire_or_smoke.m3u8,zoya
22c2d964-368e-4ffc-99f6-2f27c17adc61,Not_wasting_food,BabyBillion_Education,"[{""S"":""0-3""}]",06f625da-1202-4c8a-8b16-e624b97476d1,https://video.babybillion.in/hls/Not_wasting_food/Not_wasting_food.m3u8,/Not_wasting_food/Not_wasting_food.m3u8,zoya
22d27757-38b8-49f3-a1fa-772f9b23e2bc,053_colors_grey_elephant,BabyBillion_Education,"[{""S"":""3-6""}]",c23beb7b-23de-440c-9fb1-2990013f11a6,https://video.babybillion.in/hls/053_colors_grey_elephant/053_colors_grey_elephant.m3u8,/053_colors_grey_elephant/053_colors_grey_elephant.m3u8,zoya
248d9e7c-afb1-45df-938e-10038d2d7e3b,Cylinder_Bottle,BabyBillion_Education,"[{""S"":""0-3""}]",3579ea01-b32b-40f9-aac1-be5997a17606,https://video.babybillion.in/hls/Cylinder_Bottle/Cylinder_Bottle.m3u8,/Cylinder_Bottle/Cylinder_Bottle.m3u8,zoya
2aa9f3f1-8e67-4694-8a95-cdf87c74c050,108_6_Safety_and_Protecting_Our_Body,BabyBillion_Education,"[{""S"":""6+""}]",6d841cca-a54f-451a-90fc-aeffa145e274,https://video.babybillion.in/hls/108_6_Safety_and_Protecting_Our_Body/108_6_Safety_and_Protecting_Our_Body.m3u8,/108_6_Safety_and_Protecting_Our_Body/108_6_Safety_and_Protecting_Our_Body.m3u8,zoya
2c728898-1140-421f-b2fd-ed69f4d5741e,021_english_speaking_this_is_my_nana,BabyBillion_Education,"[{""S"":""3-6""}]",0eba9676-9d93-484f-8938-41e3ab588a7f,https://video.babybillion.in/hls/021_english_speaking_this_is_my_nana/021_english_speaking_this_is_my_nana.m3u8,/021_english_speaking_this_is_my_nana/021_english_speaking_this_is_my_nana.m3u8,zoya
2d198cf1-a9aa-4004-8ea1-81586b5ec4d4,07_Long_3_6_Vegetables_02,BabyBillion_Education,"[{""S"":""3-6""}]",c3d15541-8760-45ff-b253-1647ca61bf37,https://video.babybillion.in/hls/2d198cf1-a9aa-4004-8ea1-81586b5ec4d4/2d198cf1-a9aa-4004-8ea1-81586b5ec4d4.m3u8,/hls/2d198cf1-a9aa-4004-8ea1-81586b5ec4d4/2d198cf1-a9aa-4004-8ea1-81586b5ec4d4.m3u8,zoya
2dc53080-4267-4a19-8795-354c104785ad,034_phonics_blending_m_a_p_equals_map,BabyBillion_Education,"[{""S"":""3-6""}]",b79bd45b-2c9c-4b7d-91a0-07c93a4dbea1,https://video.babybillion.in/hls/034_phonics_blending_m_a_p_equals_map/034_phonics_blending_m_a_p_equals_map.m3u8,/034_phonics_blending_m_a_p_equals_map/034_phonics_blending_m_a_p_equals_map.m3u8,zoya
2e943e25-46c2-4df0-9da5-89774672ce81,065_cvc_words_dip,BabyBillion_Education,"[{""S"":""3-6""}]",bac6ace6-06bc-4f67-85bb-5f0b144d5a15,https://video.babybillion.in/hls/065_cvc_words_dip/065_cvc_words_dip.m3u8,/065_cvc_words_dip/065_cvc_words_dip.m3u8,zoya
30e1c5ee-264f-48a9-8177-a9516f0ca4ca,Smile,BabyBillion_Education,"[{""S"":""0-3""}]",cdd3ba69-c04a-402a-a061-05e0f816a161,https://video.babybillion.in/hls/Smile/Smile.m3u8,/Smile/Smile.m3u8,zoya
317c56b8-7c88-4226-924f-9849fa9c654c,011_colors_maroon,BabyBillion_Education,"[{""S"":""3-6""}]",c23beb7b-23de-440c-9fb1-2990013f11a6,https://video.babybillion.in/hls/011_colors_maroon/011_colors_maroon.m3u8,/011_colors_maroon/011_colors_maroon.m3u8,zoya
31db51f0-461b-4a43-bbf4-9f15367ea10a,102_3-6_Numbers_11-20,BabyBillion_Education,"[{""S"":""3-6""}]",96c17b79-8401-4494-9e78-28c683d600c0,https://video.babybillion.in/hls/102_3-6_Numbers_11-20/102_3-6_Numbers_11-20.m3u8,/102_3-6_Numbers_11-20/102_3-6_Numbers_11-20.m3u8,zoya
32f16902-2530-4150-9afa-b3a4fc212cda,102_3-6_Sparrow,BabyBillion_Education,"[{""S"":""3-6""}]",efdd9da9-9b29-45aa-8bc4-3ddbee54940d,https://video.babybillion.in/hls/102_3-6_Sparrow/102_3-6_Sparrow.m3u8,/102_3-6_Sparrow/102_3-6_Sparrow.m3u8,zoya
34b75caf-cd67-41d4-a461-dc5eb05449d7,Magnetic_and_non-magnetic_objects,BabyBillion_Education,"[{""S"":""0-3""}]",b7ef253a-6fb1-4247-ad59-99c4c945c8ec,https://video.babybillion.in/hls/Magnetic_and_non-magnetic_objects/Magnetic_and_non-magnetic_objects.m3u8,/Magnetic_and_non-magnetic_objects/Magnetic_and_non-magnetic_objects.m3u8,zoya
3564e9e9-1ad0-41f6-8b7c-3e856b1057f3,045_simple_sentences_it_is_my_birthday,BabyBillion_Education,"[{""S"":""3-6""}]",0eba9676-9d93-484f-8938-41e3ab588a7f,https://video.babybillion.in/hls/045_simple_sentences_it_is_my_birthday/045_simple_sentences_it_is_my_birthday.m3u8,/045_simple_sentences_it_is_my_birthday/045_simple_sentences_it_is_my_birthday.m3u8,zoya
37f83e08-66ad-40f8-bc7a-2ee0adbb8a7d,Papaya,BabyBillion_Education,"[{""S"":""0-3""}]",2c830c25-38e8-4d38-a3c3-cc9a3ff96b5f,https://video.babybillion.in/hls/Papaya/Papaya.m3u8,/Papaya/Papaya.m3u8,zoya
3aaf64c7-72aa-4a4c-900a-affd99db2e0e,Multiplication_on_Number_Line-_video_7,BabyBillion_Education,"[{""S"":""6+""}]",830fb885-9ece-438e-a380-dabd811f06b2,https://video.babybillion.in/hls/Multiplication_on_Number_Line-_video_7/Multiplication_on_Number_Line-_video_7.m3u8,/Multiplication_on_Number_Line-_video_7/Multiplication_on_Number_Line-_video_7.m3u8,zoya
3ad41cfc-e26e-46a0-b1a3-76a73ab26dcf,Helping_mummy_at_home,BabyBillion_Education,"[{""S"":""3-6""}]",06f625da-1202-4c8a-8b16-e624b97476d1,https://video.babybillion.in/hls/Helping_mummy_at_home/Helping_mummy_at_home.m3u8,/Helping_mummy_at_home/Helping_mummy_at_home.m3u8,zoya
3c0f78b1-cbdb-4e26-aec3-80d8ec56702e,022_good_habits_hanging_clothes_in_the_wardrobe,BabyBillion_Education,"[{""S"":""3-6""}]",06f625da-1202-4c8a-8b16-e624b97476d1,https://video.babybillion.in/hls/022_good_habits_hanging_clothes_in_the_wardrobe/022_good_habits_hanging_clothes_in_the_wardrobe.m3u8,/022_good_habits_hanging_clothes_in_the_wardrobe/022_good_habits_hanging_clothes_in_the_wardrobe.m3u8,zoya
3c5ed675-3226-485c-87e5-bd181fdc9fbd,Tap,BabyBillion_Education,"[{""S"":""3-6""}]",cdd3ba69-c04a-402a-a061-05e0f816a161,https://video.babybillion.in/hls/Tap/Tap.m3u8,/Tap/Tap.m3u8,zoya
3ca3f6de-6261-462b-a471-971f497ba145,045_simple_sentences_it_is_my_birthday,BabyBillion_Education,"[{""S"":""3-6""}]",4c06fdb7-0fe2-4c21-aab0-f80f2fa1f650,https://video.babybillion.in/hls/045_simple_sentences_it_is_my_birthday/045_simple_sentences_it_is_my_birthday.m3u8,/045_simple_sentences_it_is_my_birthday/045_simple_sentences_it_is_my_birthday.m3u8,zoya
3d1e80e5-8bb6-43a8-8717-6354c3fc8dfa,shame,BabyBillion_Education,"[{""S"":""3-6""}]",90ff5296-5b99-4ddf-8bdf-ac55f6f7b6c2,https://video.babybillion.in/hls/shame/shame.m3u8,/shame/shame.m3u8,zoya
3fec988b-87e6-48d6-a0eb-99a1d5bb541a,Fruits_and_Vegetables,BabyBillion_Education,"[{""S"":""6+""}]",5bc39ba0-a18b-42a9-9176-736112991697,https://video.babybillion.in/hls/Fruits_and_Vegetables/Fruits_and_Vegetables.m3u8,/Fruits_and_Vegetables/Fruits_and_Vegetables.m3u8,zoya
40906c43-3870-47cf-a2c5-3978386fc611,Plumber,BabyBillion_Education,"[{""S"":""0-3""}]",18ae1c51-e0c5-4df1-94f6-30f5e6732dd3,https://video.babybillion.in/hls/Plumber/Plumber.m3u8,/Plumber/Plumber.m3u8,zoya
430aecea-bcc3-4bee-b381-cc648d290fce,110_6_Memories_Stories_and_Special_Moments_with_Family,BabyBillion_Education,"[{""S"":""6+""}]",24429faf-f706-4456-a1a0-d8b55cc55f9d,https://video.babybillion.in/hls/110_6_Memories_Stories_and_Special_Moments_with_Family/110_6_Memories_Stories_and_Special_Moments_with_Family.m3u8,/110_6_Memories_Stories_and_Special_Moments_with_Family/110_6_Memories_Stories_and_Special_Moments_with_Family.m3u8,zoya
431dc08d-42e6-4edc-95b4-49c995c9933f,Onam,BabyBillion_Education,"[{""S"":""0-3""}]",655a5081-8ce4-4cfc-b36d-d5d0d1a06c1e,https://video.babybillion.in/hls/Onam/Onam.m3u8,/Onam/Onam.m3u8,zoya
43739af7-acf6-4b29-b2f4-4a504c288433,049_colors_white_snow,BabyBillion_Education,"[{""S"":""3-6""}]",c23beb7b-23de-440c-9fb1-2990013f11a6,https://video.babybillion.in/hls/049_colors_white_snow/049_colors_white_snow.m3u8,/049_colors_white_snow/049_colors_white_snow.m3u8,zoya
445ef401-3111-4379-9424-d653d4989ee6,Multiplication_on_number_line_-_8,BabyBillion_Education,"[{""S"":""6+""}]",830fb885-9ece-438e-a380-dabd811f06b2,https://video.babybillion.in/hls/Multiplication_on_number_line_-_8/Multiplication_on_number_line_-_8.m3u8,/Multiplication_on_number_line_-_8/Multiplication_on_number_line_-_8.m3u8,zoya
448384e7-1bff-414b-993b-05beebaec075,Snowy,BabyBillion_Education,"[{""S"":""3-6""}]",ed57a6ae-2009-4c19-9800-8826437fde62,https://video.babybillion.in/hls/Snowy/Snowy.m3u8,/Snowy/Snowy.m3u8,zoya
46d0a7ae-a0c3-4345-a20d-2d5927c389b8,Meteors_shooting_stars,BabyBillion_Education,"[{""S"":""3-6""}]",b7ef253a-6fb1-4247-ad59-99c4c945c8ec,https://video.babybillion.in/hls/Meteors_shooting_stars/Meteors_shooting_stars.m3u8,/Meteors_shooting_stars/Meteors_shooting_stars.m3u8,zoya
47f89efd-d266-4fcf-bdae-9179356a1fe7,Dragonfly,BabyBillion_Education,"[{""S"":""0-3""}]",40d567cd-95aa-469e-b7a8-da623f2579d8,https://video.babybillion.in/hls/Dragonfly/Dragonfly.m3u8,/Dragonfly/Dragonfly.m3u8,zoya
486bd8bd-fda9-4a74-be71-4c2b16255574,001_cvc_words_sat,BabyBillion_Education,"[{""S"":""3-6""}]",bac6ace6-06bc-4f67-85bb-5f0b144d5a15,https://video.babybillion.in/hls/001_cvc_words_sat/001_cvc_words_sat.m3u8,/001_cvc_words_sat/001_cvc_words_sat.m3u8,zoya
4bd09e23-95ec-4799-9084-9d4c22703da6,016_simple_sentences_i_can_draw_a_circle,BabyBillion_Education,"[{""S"":""3-6""}]",4c06fdb7-0fe2-4c21-aab0-f80f2fa1f650,https://video.babybillion.in/hls/016_simple_sentences_i_can_draw_a_circle/016_simple_sentences_i_can_draw_a_circle.m3u8,/016_simple_sentences_i_can_draw_a_circle/016_simple_sentences_i_can_draw_a_circle.m3u8,zoya
4bf31d1a-a9d5-44b4-bc9b-946da2c93646,Magic_of_10,BabyBillion_Education,"[{""S"":""6+""}]",830fb885-9ece-438e-a380-dabd811f06b2,https://video.babybillion.in/hls/Magic_of_10/Magic_of_10.m3u8,/Magic_of_10/Magic_of_10.m3u8,zoya
4c1f4137-cdc5-4082-8fe0-0ccff77bd241,Adding_2-digit_1-digit_no_carry_-_video5,BabyBillion_Education,"[{""S"":""6+""}]",f86787db-e9ed-4093-9aa4-a1df05f1c772,https://video.babybillion.in/hls/Adding_2-digit_1-digit_no_carry_-_video5/Adding_2-digit_1-digit_no_carry_-_video5.m3u8,/Adding_2-digit_1-digit_no_carry_-_video5/Adding_2-digit_1-digit_no_carry_-_video5.m3u8,zoya
4c89e048-7c98-4959-81ab-c550e5821ac4,TempleMandir,BabyBillion_Education,"[{""S"":""0-3""}]",e4dd4a24-f512-4d74-8bad-596b71c5369f,https://video.babybillion.in/hls/TempleMandir/TempleMandir.m3u8,/TempleMandir/TempleMandir.m3u8,zoya
4d1dd43c-d689-4d18-8da2-883ccd3c5fcc,030_varnmala_vyanjan_sha_sha_se_shatkon,BabyBillion_Education,"[{""S"":""3-6""}]",fec06a4b-b277-4fe2-8fff-bb40451bf2d9,https://video.babybillion.in/hls/030_varnmala_vyanjan_sha_sha_se_shatkon/030_varnmala_vyanjan_sha_sha_se_shatkon.m3u8,/030_varnmala_vyanjan_sha_sha_se_shatkon/030_varnmala_vyanjan_sha_sha_se_shatkon.m3u8,zoya
4d7d7e10-781f-47fe-890a-6042c42aba5d,Red_Fruits-_Apple_Strawberry,BabyBillion_Education,"[{""S"":""3-6""}]",2c830c25-38e8-4d38-a3c3-cc9a3ff96b5f,https://video.babybillion.in/hls/Red_Fruits-_Apple_Strawberry/Red_Fruits-_Apple_Strawberry.m3u8,/Red_Fruits-_Apple_Strawberry/Red_Fruits-_Apple_Strawberry.m3u8,zoya
4ecc2ed3-68fd-44cb-9641-457f76094a58,Tornadoes,BabyBillion_Education,"[{""S"":""3-6""}]",ed57a6ae-2009-4c19-9800-8826437fde62,https://video.babybillion.in/hls/Tornadoes/Tornadoes.m3u8,/Tornadoes/Tornadoes.m3u8,zoya
5010d992-cc09-4232-9cbc-915e5320dd46,Nose,BabyBillion_Education,"[{""S"":""0-3""}]",6d841cca-a54f-451a-90fc-aeffa145e274,https://video.babybillion.in/hls/Nose/Nose.m3u8,/Nose/Nose.m3u8,zoya
5334f131-2706-4b3e-b002-a372c9ae0357,Bounce_a_ball,BabyBillion_Education,"[{""S"":""0-3""}]",6d841cca-a54f-451a-90fc-aeffa145e274,https://video.babybillion.in/hls/Bounce_a_ball/Bounce_a_ball.m3u8,/Bounce_a_ball/Bounce_a_ball.m3u8,zoya
5386c11d-7f6a-4218-8d49-c7c52c2b87e8,cvc_words_wag,BabyBillion_Education,"[{""S"":""3-6""}]",bac6ace6-06bc-4f67-85bb-5f0b144d5a15,https://video.babybillion.in/hls/cvc_words_wag/cvc_words_wag.m3u8,/cvc_words_wag/cvc_words_wag.m3u8,zoya
549dba75-e8e0-44a3-b477-c53657d3e12d,Ovel,BabyBillion_Education,"[{""S"":""3-6""}]",da4d2220-056e-483b-9fc0-8451577d4cc9,https://video.babybillion.in/hls/Ovel/Ovel.m3u8,/Ovel/Ovel.m3u8,zoya
5637fcea-81f3-4e51-9e03-a5d79cc63f3e,029_simple_sentences_i_see_a_star,BabyBillion_Education,"[{""S"":""3-6""}]",4c06fdb7-0fe2-4c21-aab0-f80f2fa1f650,https://video.babybillion.in/hls/029_simple_sentences_i_see_a_star/029_simple_sentences_i_see_a_star.m3u8,/029_simple_sentences_i_see_a_star/029_simple_sentences_i_see_a_star.m3u8,zoya
5692e0e3-10a4-472c-a53f-2702fd39c2f4,Didi,BabyBillion_Education,"[{""S"":""0-3""}]",24429faf-f706-4456-a1a0-d8b55cc55f9d,https://video.babybillion.in/hls/Didi/Didi.m3u8,/Didi/Didi.m3u8,zoya
586a6fe9-6d62-46bd-adb6-591e017a6fba,Wrist_Hand,BabyBillion_Education,"[{""S"":""3-6""}]",6d841cca-a54f-451a-90fc-aeffa145e274,https://video.babybillion.in/hls/Wrist_Hand/Wrist_Hand.m3u8,/Wrist_Hand/Wrist_Hand.m3u8,zoya
588b4838-b925-47a0-a22f-e85fdd869f12,Wind,BabyBillion_Education,"[{""S"":""0-3""}]",eb5f90b5-3650-49b9-95b6-d4e3a89c0662,https://video.babybillion.in/hls/Wind/Wind.m3u8,/Wind/Wind.m3u8,zoya
5af26c3e-6896-4e2a-9835-5a17ab66b52b,025_community_helpers_what_does_a_postman_do,BabyBillion_Education,"[{""S"":""0-3""}]",3dc35861-75e5-4d11-a33d-d263d159f041,https://video.babybillion.in/hls/025_community_helpers_what_does_a_postman_do/025_community_helpers_what_does_a_postman_do.m3u8,/025_community_helpers_what_does_a_postman_do/025_community_helpers_what_does_a_postman_do.m3u8,zoya
5dc397bf-4958-4734-86ce-ae338f465060,103_3-6_Pigeon,BabyBillion_Education,"[{""S"":""3-6""}]",efdd9da9-9b29-45aa-8bc4-3ddbee54940d,https://video.babybillion.in/hls/103_3-6_Pigeon/103_3-6_Pigeon.m3u8,/103_3-6_Pigeon/103_3-6_Pigeon.m3u8,zoya
6260a4b1-805b-499c-9b9c-38affc4dfbfc,Namaste,BabyBillion_Education,"[{""S"":""0-3""}]",de5577e3-4806-4284-9cab-9e7ecf907095,https://video.babybillion.in/hls/Namaste/Namaste.m3u8,/Namaste/Namaste.m3u8,zoya
63630a6f-6000-46a3-9d2f-eb9dd8860c78,Touch,BabyBillion_Education,"[{""S"":""0-3""}]",cdd3ba69-c04a-402a-a061-05e0f816a161,https://video.babybillion.in/hls/Touch/Touch.m3u8,/Touch/Touch.m3u8,zoya
64691ae8-74e2-4f34-8de1-de0674407ec9,Watering_Plants,BabyBillion_Education,"[{""S"":""3-6""}]",06f625da-1202-4c8a-8b16-e624b97476d1,https://video.babybillion.in/hls/Watering_Plants/Watering_Plants.m3u8,/Watering_Plants/Watering_Plants.m3u8,zoya
64bbec78-a415-4918-8135-cdb43de94412,109_3-6_Numbers_81-90,BabyBillion_Education,"[{""S"":""3-6""}]",96c17b79-8401-4494-9e78-28c683d600c0,https://video.babybillion.in/hls/109_3-6_Numbers_81-90/109_3-6_Numbers_81-90.m3u8,/109_3-6_Numbers_81-90/109_3-6_Numbers_81-90.m3u8,zoya
6583d008-924a-45e2-a02c-0813643a63ef,Curtain_Window,BabyBillion_Education,"[{""S"":""3-6""}]",aa154d92-77f0-4dd7-9c3f-d7e57bd9baf5,https://video.babybillion.in/hls/Curtain_Window/Curtain_Window.m3u8,/Curtain_Window/Curtain_Window.m3u8,zoya
6784dac2-4900-4cc3-a90a-13ec066f5280,020_au_se_aurat,BabyBillion_Education,"[{""S"":""0-3""}]",de5577e3-4806-4284-9cab-9e7ecf907095,https://video.babybillion.in/hls/020_au_se_aurat/020_au_se_aurat.m3u8,/020_au_se_aurat/020_au_se_aurat.m3u8,zoya
68286585-cbff-4aaf-8389-c4a384975dc1,Fiber,BabyBillion_Education,"[{""S"":""6+""}]",5bc39ba0-a18b-42a9-9176-736112991697,https://video.babybillion.in/hls/Fiber/Fiber.m3u8,/Fiber/Fiber.m3u8,zoya
6b356ad0-da29-4865-9f51-68026d01668a,Tired,BabyBillion_Education,"[{""S"":""3-6""}]",90ff5296-5b99-4ddf-8bdf-ac55f6f7b6c2,https://video.babybillion.in/hls/Tired/Tired.m3u8,/Tired/Tired.m3u8,zoya
6bf73077-1180-4441-91c8-28161b03a879,Common_Foods-_Milk,BabyBillion_Education,"[{""S"":""3-6""}]",2754f754-bfaf-4810-9852-60d5960a7a74,https://video.babybillion.in/hls/Common_Foods-_Milk/Common_Foods-_Milk.m3u8,/Common_Foods-_Milk/Common_Foods-_Milk.m3u8,zoya
6d0f0d43-a000-44eb-9955-375600e773e5,What_is_multiplication_-_4,BabyBillion_Education,"[{""S"":""6+""}]",830fb885-9ece-438e-a380-dabd811f06b2,https://video.babybillion.in/hls/What_is_multiplication_-_4/What_is_multiplication_-_4.m3u8,/What_is_multiplication_-_4/What_is_multiplication_-_4.m3u8,zoya
6dc60eac-50b5-4133-9797-46f993265f95,Mouse,BabyBillion_Education,"[{""S"":""3-6""}]",79156051-e033-423a-b7de-a68fe1342a75,https://video.babybillion.in/hls/Mouse/Mouse.m3u8,/Mouse/Mouse.m3u8,zoya
6e54a0ea-c21d-4845-8b5a-aacc5cffd448,Magic_of_9,BabyBillion_Education,"[{""S"":""6+""}]",830fb885-9ece-438e-a380-dabd811f06b2,https://video.babybillion.in/hls/Magic_of_9/Magic_of_9.m3u8,/Magic_of_9/Magic_of_9.m3u8,zoya
6f8864f3-1e58-4f1e-b012-02d66a15c59f,Goat,BabyBillion_Education,"[{""S"":""0-3""}]",79156051-e033-423a-b7de-a68fe1342a75,https://video.babybillion.in/hls/Goat/Goat.m3u8,/Goat/Goat.m3u8,zoya
732fcd71-b7ad-4e7c-b9d2-80124e1d100c,Type_of_House-_Kutcha_House,BabyBillion_Education,"[{""S"":""3-6""}]",2754f754-bfaf-4810-9852-60d5960a7a74,https://video.babybillion.in/hls/Type_of_House-_Kutcha_House/Type_of_House-_Kutcha_House.m3u8,/Type_of_House-_Kutcha_House/Type_of_House-_Kutcha_House.m3u8,zoya
7349a234-fa0a-4a78-827c-94d95948f701,Gurudwara,BabyBillion_Education,"[{""S"":""0-3""}]",e4dd4a24-f512-4d74-8bad-596b71c5369f,https://video.babybillion.in/hls/Gurudwara/Gurudwara.m3u8,/Gurudwara/Gurudwara.m3u8,zoya
7358ec76-e713-4356-b4db-7f6118ae23e1,026_cvc_words_jam,BabyBillion_Education,"[{""S"":""3-6""}]",bac6ace6-06bc-4f67-85bb-5f0b144d5a15,https://video.babybillion.in/hls/026_cvc_words_jam/026_cvc_words_jam.m3u8,/026_cvc_words_jam/026_cvc_words_jam.m3u8,zoya
73ba5ec0-254f-4d7a-98cc-af74ab20eb79,Letter_J_Jug_Jam,BabyBillion_Education,"[{""S"":""3-6""}]",1bf17868-9fb8-419a-b7d7-e9ba3b51a364,https://video.babybillion.in/hls/Letter_J_Jug_Jam/Letter_J_Jug_Jam.m3u8,/Letter_J_Jug_Jam/Letter_J_Jug_Jam.m3u8,zoya
75544a53-7b18-4a8e-8297-5127c652c7fa,Grandparents_House,BabyBillion_Education,"[{""S"":""0-3""}]",e4dd4a24-f512-4d74-8bad-596b71c5369f,https://video.babybillion.in/hls/Grandparents_House/Grandparents_House.m3u8,/Grandparents_House/Grandparents_House.m3u8,zoya
771d5648-23fa-41e5-82c2-9ab60c3b88fb,Goat,BabyBillion_Education,"[{""S"":""3-6""}]",c06e196f-39fa-4dc0-a9ba-0f036f7bc248,https://video.babybillion.in/hls/Goat/Goat.m3u8,/Goat/Goat.m3u8,zoya
789f5d8b-6b35-4e4f-acd8-30b0b9dae6f7,Nose,BabyBillion_Education,"[{""S"":""0-3""}]",6d841cca-a54f-451a-90fc-aeffa145e274,https://video.babybillion.in/hls/Nose/Nose.m3u8,/Nose/Nose.m3u8,zoya
79133e6f-fb89-4951-8340-52d9f3b29089,Cvc_words_pet,BabyBillion_Education,"[{""S"":""3-6""}]",bac6ace6-06bc-4f67-85bb-5f0b144d5a15,https://video.babybillion.in/hls/Cvc_words_pet/Cvc_words_pet.m3u8,/Cvc_words_pet/Cvc_words_pet.m3u8,zoya
7977f70e-4b80-40e2-813e-9d1e65240009,062_simple_sentences_i_want_a_hug,BabyBillion_Education,"[{""S"":""3-6""}]",4c06fdb7-0fe2-4c21-aab0-f80f2fa1f650,https://video.babybillion.in/hls/062_simple_sentences_i_want_a_hug/062_simple_sentences_i_want_a_hug.m3u8,/062_simple_sentences_i_want_a_hug/062_simple_sentences_i_want_a_hug.m3u8,zoya
7be75f2a-6c8f-4a4c-b4cb-04f3088921b0,017_phonics_sound_of_z_z_as_in_zebra,BabyBillion_Education,"[{""S"":""3-6""}]",b79bd45b-2c9c-4b7d-91a0-07c93a4dbea1,https://video.babybillion.in/hls/017_phonics_sound_of_z_z_as_in_zebra/017_phonics_sound_of_z_z_as_in_zebra.m3u8,/017_phonics_sound_of_z_z_as_in_zebra/017_phonics_sound_of_z_z_as_in_zebra.m3u8,zoya
7db53413-c525-4dc9-8522-5b27962a2f49,Daily_Routine,BabyBillion_Education,"[{""S"":""3-6""}]",61d5066e-0470-45e3-8a5b-54a0703db8c0,https://video.babybillion.in/hls/Daily_Routine/Daily_Routine.m3u8,/Daily_Routine/Daily_Routine.m3u8,zoya
7f216b73-f1d8-4351-8f06-f1b650681d89,057_simple_sentences_i_am_drawing,BabyBillion_Education,"[{""S"":""3-6""}]",4c06fdb7-0fe2-4c21-aab0-f80f2fa1f650,https://video.babybillion.in/hls/057_simple_sentences_i_am_drawing/057_simple_sentences_i_am_drawing.m3u8,/057_simple_sentences_i_am_drawing/057_simple_sentences_i_am_drawing.m3u8,zoya
83795954-1ece-482c-92e4-d51aa4b760fb,Head,BabyBillion_Education,"[{""S"":""0-3""}]",6d841cca-a54f-451a-90fc-aeffa145e274,https://video.babybillion.in/hls/Head/Head.m3u8,/Head/Head.m3u8,zoya
86df0fad-8488-479a-8585-a778b07534d7,Cat_Hat,BabyBillion_Education,"[{""S"":""3-6""}]",bac6ace6-06bc-4f67-85bb-5f0b144d5a15,https://video.babybillion.in/hls/Cat_Hat/Cat_Hat.m3u8,/Cat_Hat/Cat_Hat.m3u8,zoya
883578d3-ea55-454e-9386-4b6c21a2d7ba,Towel,BabyBillion_Education,"[{""S"":""0-3""}]",aa154d92-77f0-4dd7-9c3f-d7e57bd9baf5,https://video.babybillion.in/hls/Towel/Towel.m3u8,/Towel/Towel.m3u8,zoya
89c6ec3d-0a91-49d0-a434-ca701c5fc474,036_sight_words_what,BabyBillion_Education,"[{""S"":""3-6""}]",181961d7-b484-40c7-b24c-9b3f335cc424,https://video.babybillion.in/hls/036_sight_words_what/036_sight_words_what.m3u8,/036_sight_words_what/036_sight_words_what.m3u8,zoya
8a7447e7-c175-4e6c-a931-8b060377ac2a,023_ga_se_gamla,BabyBillion_Education,"[{""S"":""0-3""}]",de5577e3-4806-4284-9cab-9e7ecf907095,https://video.babybillion.in/hls/023_ga_se_gamla/023_ga_se_gamla.m3u8,/023_ga_se_gamla/023_ga_se_gamla.m3u8,zoya
8a7ec9dd-c4d9-41e9-84aa-0f077f7810e5,Pumpkin_Kaddu,BabyBillion_Education,"[{""S"":""0-3""}]",c3d15541-8760-45ff-b253-1647ca61bf37,https://video.babybillion.in/hls/Pumpkin_Kaddu/Pumpkin_Kaddu.m3u8,/Pumpkin_Kaddu/Pumpkin_Kaddu.m3u8,zoya
8ac30bca-a10f-4e57-aca0-cc3d0dc8b4c5,Playful,BabyBillion_Education,"[{""S"":""3-6""}]",90ff5296-5b99-4ddf-8bdf-ac55f6f7b6c2,https://video.babybillion.in/hls/Playful/Playful.m3u8,/Playful/Playful.m3u8,zoya
8ace067d-bc9d-40f9-84cd-0b14f53901c5,Flowers,BabyBillion_Education,"[{""S"":""0-3""}]",eb5f90b5-3650-49b9-95b6-d4e3a89c0662,https://video.babybillion.in/hls/Flowers/Flowers.m3u8,/Flowers/Flowers.m3u8,zoya
8b3bd7b0-cd18-46c1-9575-5f8597a4b7cd,Bus_Stop,BabyBillion_Education,"[{""S"":""0-3""}]",18ae1c51-e0c5-4df1-94f6-30f5e6732dd3,https://video.babybillion.in/hls/Bus_Stop/Bus_Stop.m3u8,/Bus_Stop/Bus_Stop.m3u8,zoya
8d541581-b961-4a8c-b657-fb08a4052ee0,014_community_helpers_dentist,BabyBillion_Education,"[{""S"":""3-6""}]",3dc35861-75e5-4d11-a33d-d263d159f041,https://video.babybillion.in/hls/014_community_helpers_dentist/014_community_helpers_dentist.m3u8,/014_community_helpers_dentist/014_community_helpers_dentist.m3u8,zoya
8e1d0310-10e0-4ae0-b892-ddbf2934e06d,Paneer,BabyBillion_Education,"[{""S"":""0-3""}]",aa154d92-77f0-4dd7-9c3f-d7e57bd9baf5,https://video.babybillion.in/hls/Paneer/Paneer.m3u8,/Paneer/Paneer.m3u8,zoya
8e63b2ad-7677-42a1-8752-5d4db262e41c,Avocado,BabyBillion_Education,"[{""S"":""0-3""}]",2c830c25-38e8-4d38-a3c3-cc9a3ff96b5f,https://video.babybillion.in/hls/Avocado/Avocado.m3u8,/Avocado/Avocado.m3u8,zoya
8e830156-f79d-4fb6-88f5-fe70fd79fca3,Daily_Routine,BabyBillion_Education,"[{""S"":""3-6""}]",b7ef253a-6fb1-4247-ad59-99c4c945c8ec,https://video.babybillion.in/hls/Daily_Routine/Daily_Routine.m3u8,/Daily_Routine/Daily_Routine.m3u8,zoya
8f94a876-8df4-437b-9a4b-4e8ab5465ce4,Soft_Fruits-_Banana_Papaya,BabyBillion_Education,"[{""S"":""3-6""}]",2c830c25-38e8-4d38-a3c3-cc9a3ff96b5f,https://video.babybillion.in/hls/Soft_Fruits-_Banana_Papaya/Soft_Fruits-_Banana_Papaya.m3u8,/Soft_Fruits-_Banana_Papaya/Soft_Fruits-_Banana_Papaya.m3u8,zoya
904c9ed3-beaf-48c1-a16d-542d9620c68e,Finishing_Food,BabyBillion_Education,"[{""S"":""0-3""}]",06f625da-1202-4c8a-8b16-e624b97476d1,https://video.babybillion.in/hls/Finishing_Food/Finishing_Food.m3u8,/Finishing_Food/Finishing_Food.m3u8,zoya
90d03524-4fd8-4f73-8e52-f2ed3d39d301,Vehicles_public_transport_vehicles,BabyBillion_Education,"[{""S"":""3-6""}]",bf9d1fdb-31f8-48e3-9114-9e4e4967617c,https://video.babybillion.in/hls/Vehicles_public_transport_vehicles/Vehicles_public_transport_vehicles.m3u8,/Vehicles_public_transport_vehicles/Vehicles_public_transport_vehicles.m3u8,zoya
9148d35f-88c9-431c-bab4-a0d5e3be17be,What_is_Division_Video_3,BabyBillion_Education,"[{""S"":""6+""}]",8f8705a0-ed36-4a82-90a8-a60a42f82502,https://video.babybillion.in/hls/What_is_Division_Video_3/What_is_Division_Video_3.m3u8,/What_is_Division_Video_3/What_is_Division_Video_3.m3u8,zoya
91fa925c-ccff-420f-a67a-53e3ff9d0a11,070_cvc_words_tip,BabyBillion_Education,"[{""S"":""3-6""}]",bac6ace6-06bc-4f67-85bb-5f0b144d5a15,https://video.babybillion.in/hls/070_cvc_words_tip/070_cvc_words_tip.m3u8,/070_cvc_words_tip/070_cvc_words_tip.m3u8,zoya
922a567c-0886-4738-aa1d-ce2423920596,Sight_words_stand,BabyBillion_Education,"[{""S"":""3-6""}]",181961d7-b484-40c7-b24c-9b3f335cc424,https://video.babybillion.in/hls/Sight_words_stand/Sight_words_stand.m3u8,/Sight_words_stand/Sight_words_stand.m3u8,zoya
9244dc16-77ca-41d5-80f9-22425cef7907,031_simple_sentences_i_see_a_flower,BabyBillion_Education,"[{""S"":""3-6""}]",4c06fdb7-0fe2-4c21-aab0-f80f2fa1f650,https://video.babybillion.in/hls/031_simple_sentences_i_see_a_flower/031_simple_sentences_i_see_a_flower.m3u8,/031_simple_sentences_i_see_a_flower/031_simple_sentences_i_see_a_flower.m3u8,zoya
936371df-ad83-41f4-8f16-6ddfa79205e4,Semicircle,BabyBillion_Education,"[{""S"":""0-3""}]",da4d2220-056e-483b-9fc0-8451577d4cc9,https://video.babybillion.in/hls/Semicircle/Semicircle.m3u8,/Semicircle/Semicircle.m3u8,zoya
940dc3dd-2b9d-4c6b-9016-ad75c3c0fed1,Bed_Pillow,BabyBillion_Education,"[{""S"":""3-6""}]",aa154d92-77f0-4dd7-9c3f-d7e57bd9baf5,https://video.babybillion.in/hls/Bed_Pillow/Bed_Pillow.m3u8,/Bed_Pillow/Bed_Pillow.m3u8,zoya
9835efcf-9729-426d-96bf-1dd43c8e7273,Sky,BabyBillion_Education,"[{""S"":""0-3""}]",eb5f90b5-3650-49b9-95b6-d4e3a89c0662,https://video.babybillion.in/hls/Sky/Sky.m3u8,/Sky/Sky.m3u8,zoya
9944512f-9f33-4a89-b25a-6b393d287660,041_colors_pink_flower,BabyBillion_Education,"[{""S"":""3-6""}]",c23beb7b-23de-440c-9fb1-2990013f11a6,https://video.babybillion.in/hls/041_colors_pink_flower/041_colors_pink_flower.m3u8,/041_colors_pink_flower/041_colors_pink_flower.m3u8,zoya
99714540-7056-4d48-a0f8-9a788fb1f577,110_3-6_Numbers_91-100,BabyBillion_Education,"[{""S"":""3-6""}]",96c17b79-8401-4494-9e78-28c683d600c0,https://video.babybillion.in/hls/110_3-6_Numbers_91-100/110_3-6_Numbers_91-100.m3u8,/110_3-6_Numbers_91-100/110_3-6_Numbers_91-100.m3u8,zoya
9992d468-a09e-4828-b19f-26b262e472d2,025_varnmala_vyanjan_ya_se_yagya,BabyBillion_Education,"[{""S"":""3-6""}]",fec06a4b-b277-4fe2-8fff-bb40451bf2d9,https://video.babybillion.in/hls/025_varnmala_vyanjan_ya_se_yagya/025_varnmala_vyanjan_ya_se_yagya.m3u8,/025_varnmala_vyanjan_ya_se_yagya/025_varnmala_vyanjan_ya_se_yagya.m3u8,zoya
9ac36691-7e3b-4ba0-bb5a-64ae1e1b9718,Mouse,BabyBillion_Education,"[{""S"":""0-3""}]",79156051-e033-423a-b7de-a68fe1342a75,https://video.babybillion.in/hls/Mouse/Mouse.m3u8,/Mouse/Mouse.m3u8,zoya
9b07372c-bcfc-40b0-aad6-2feba9e9e9c9,055_english_speaking_excuse_me,BabyBillion_Education,"[{""S"":""3-6""}]",0eba9676-9d93-484f-8938-41e3ab588a7f,https://video.babybillion.in/hls/055_english_speaking_excuse_me/055_english_speaking_excuse_me.m3u8,/055_english_speaking_excuse_me/055_english_speaking_excuse_me.m3u8,zoya
9b3ef335-f407-40af-90d2-72f94aae7d32,Excited,BabyBillion_Education,"[{""S"":""0-3""}]",90ff5296-5b99-4ddf-8bdf-ac55f6f7b6c2,https://video.babybillion.in/hls/Excited/Excited.m3u8,/Excited/Excited.m3u8,zoya
9e84d884-aba7-4ca8-9205-0c2b372a8e38,111_6_Ascending_order_from_smallest_to_biggest-_11_19_1713_12_14_15_161820_11121314151617181920,BabyBillion_Education,"[{""S"":""6+""}]",98263b2e-41f3-413e-9a83-b64ef2016a53,https://video.babybillion.in/hls/111_6_Ascending_order_from_smallest_to_biggest-_11_19_1713_12_14_15_161820_11121314151617181920/111_6_Ascending_order_from_smallest_to_biggest-_11_19_1713_12_14_15_161820_11121314151617181920.m3u8,/111_6_Ascending_order_from_smallest_to_biggest-_11_19_1713_12_14_15_161820_11121314151617181920/111_6_Ascending_order_from_smallest_to_biggest-_11_19_1713_12_14_15_161820_11121314151617181920.m3u8,zoya
9eb04ceb-51cf-44bc-a214-26086f45cfea,044_vehicles_traditional_indian_vehicles,BabyBillion_Education,"[{""S"":""3-6""}]",bf9d1fdb-31f8-48e3-9114-9e4e4967617c,https://video.babybillion.in/hls/044_vehicles_traditional_indian_vehicles/044_vehicles_traditional_indian_vehicles.m3u8,/044_vehicles_traditional_indian_vehicles/044_vehicles_traditional_indian_vehicles.m3u8,zoya
a1464fc9-989c-43b3-b08a-5ae38de6de58,Rainbow,BabyBillion_Education,"[{""S"":""0-3""}]",eb5f90b5-3650-49b9-95b6-d4e3a89c0662,https://video.babybillion.in/hls/Rainbow/Rainbow.m3u8,/Rainbow/Rainbow.m3u8,zoya
a1ff37bc-18a0-4302-8744-46b11e486ac9,Sight_words_will,BabyBillion_Education,"[{""S"":""3-6""}]",181961d7-b484-40c7-b24c-9b3f335cc424,https://video.babybillion.in/hls/Sight_words_will/Sight_words_will.m3u8,/Sight_words_will/Sight_words_will.m3u8,zoya
a1ff38c9-fec1-4336-b77e-eecba9d678a5,Roti_Sabzi,BabyBillion_Education,"[{""S"":""3-6""}]",5bc39ba0-a18b-42a9-9176-736112991697,https://video.babybillion.in/hls/Roti_Sabzi/Roti_Sabzi.m3u8,/Roti_Sabzi/Roti_Sabzi.m3u8,Zoya
a799185b-a50a-4cd1-a67a-7ee178a7cee8,National_Tree_Banyan_Tree,BabyBillion_Education,"[{""S"":""3-6""}]",2754f754-bfaf-4810-9852-60d5960a7a74,https://video.babybillion.in/hls/National_Tree_Banyan_Tree/National_Tree_Banyan_Tree.m3u8,/National_Tree_Banyan_Tree/National_Tree_Banyan_Tree.m3u8,zoya
a7b5ced9-49ee-4575-ba3e-b34d6ac4e656,024_varnmala_vyanjan_ma_se_machhli,BabyBillion_Education,"[{""S"":""3-6""}]",fec06a4b-b277-4fe2-8fff-bb40451bf2d9,https://video.babybillion.in/hls/024_varnmala_vyanjan_ma_se_machhli/024_varnmala_vyanjan_ma_se_machhli.m3u8,/024_varnmala_vyanjan_ma_se_machhli/024_varnmala_vyanjan_ma_se_machhli.m3u8,Zoya
a99526cf-244d-489b-85fc-3622cd3680cf,Namaste,BabyBillion_Education,"[{""S"":""0-3""}]",de5577e3-4806-4284-9cab-9e7ecf907095,https://video.babybillion.in/hls/Namaste/Namaste.m3u8,/Namaste/Namaste.m3u8,zoya
a9c3da7c-5a18-4323-b4bc-349e305d96fe,112_6_Descending_order_from_biggest_to_smallest_-_11_19_1713_12_14_15_161820_20191817161514131211,BabyBillion_Education,"[{""S"":""6+""}]",98263b2e-41f3-413e-9a83-b64ef2016a53,https://video.babybillion.in/hls/112_6_Descending_order_from_biggest_to_smallest_-_11_19_1713_12_14_15_161820_20191817161514131211/112_6_Descending_order_from_biggest_to_smallest_-_11_19_1713_12_14_15_161820_20191817161514131211.m3u8,/112_6_Descending_order_from_biggest_to_smallest_-_11_19_1713_12_14_15_161820_20191817161514131211/112_6_Descending_order_from_biggest_to_smallest_-_11_19_1713_12_14_15_161820_20191817161514131211.m3u8,zoya
aad55a65-29f0-4c53-85c2-352ad97ea1c9,Adding_2-digit_1-digit_no_carry_video_4,BabyBillion_Education,"[{""S"":""6+""}]",f86787db-e9ed-4093-9aa4-a1df05f1c772,https://video.babybillion.in/hls/Adding_2-digit_1-digit_no_carry_video_4/Adding_2-digit_1-digit_no_carry_video_4.m3u8,/Adding_2-digit_1-digit_no_carry_video_4/Adding_2-digit_1-digit_no_carry_video_4.m3u8,zoya
ab66aae2-d5d7-4c25-95a2-3ac1a596ed42,Shapes_trace_octagon,BabyBillion_Education,"[{""S"":""3-6""}]",da4d2220-056e-483b-9fc0-8451577d4cc9,https://video.babybillion.in/hls/Shapes_trace_octagon/Shapes_trace_octagon.m3u8,/Shapes_trace_octagon/Shapes_trace_octagon.m3u8,zoya
ae28d3f0-4beb-4dcb-95c5-2f672e524100,030_sight_words_her,BabyBillion_Education,"[{""S"":""3-6""}]",181961d7-b484-40c7-b24c-9b3f335cc424,https://video.babybillion.in/hls/030_sight_words_her/030_sight_words_her.m3u8,/030_sight_words_her/030_sight_words_her.m3u8,zoya
aef59b3a-3446-4ec7-bdfd-e1bcc5f2dd67,Dark_Pink,BabyBillion_Education,"[{""S"":""0-3""}]",c23beb7b-23de-440c-9fb1-2990013f11a6,https://video.babybillion.in/hls/Dark_Pink/Dark_Pink.m3u8,/Dark_Pink/Dark_Pink.m3u8,zoya
af1771eb-4c67-4525-b870-5dc1f45fa190,042_la_se_laddoo,BabyBillion_Education,"[{""S"":""0-3""}]",de5577e3-4806-4284-9cab-9e7ecf907095,https://video.babybillion.in/hls/042_la_se_laddoo/042_la_se_laddoo.m3u8,/042_la_se_laddoo/042_la_se_laddoo.m3u8,zoya
b0949e1f-9641-49b2-a42a-7de7ff7b89a5,116_3-6_Robin,BabyBillion_Education,"[{""S"":""3-6""}]",efdd9da9-9b29-45aa-8bc4-3ddbee54940d,https://video.babybillion.in/hls/116_3-6_Robin/116_3-6_Robin.m3u8,/116_3-6_Robin/116_3-6_Robin.m3u8,zoya
b12486ff-3cff-4739-a795-bc0b66de44e6,022_abc_capital_f_and_small_f,BabyBillion_Education,"[{""S"":""3-6""}]",1bf17868-9fb8-419a-b7d7-e9ba3b51a364,https://video.babybillion.in/hls/022_abc_capital_f_and_small_f/022_abc_capital_f_and_small_f.m3u8,/022_abc_capital_f_and_small_f/022_abc_capital_f_and_small_f.m3u8,zoya
b3d7886a-515a-4134-a80f-743c266105af,110_3-6_Kingfisher,BabyBillion_Education,"[{""S"":""3-6""}]",efdd9da9-9b29-45aa-8bc4-3ddbee54940d,https://video.babybillion.in/hls/110_3-6_Kingfisher/110_3-6_Kingfisher.m3u8,/110_3-6_Kingfisher/110_3-6_Kingfisher.m3u8,zoya
b3f25bc1-b36c-4040-88d7-d9413b9e4b69,Nuclear_Family,BabyBillion_Education,"[{""S"":""3-6""}]",24429faf-f706-4456-a1a0-d8b55cc55f9d,https://video.babybillion.in/hls/Nuclear_Family/Nuclear_Family.m3u8,/Nuclear_Family/Nuclear_Family.m3u8,zoya
b415513a-d21f-4de6-87de-21d18ef21155,Sister,BabyBillion_Education,"[{""S"":""3-6""}]",24429faf-f706-4456-a1a0-d8b55cc55f9d,https://video.babybillion.in/hls/Sister/Sister.m3u8,/Sister/Sister.m3u8,zoya
b7d19270-7bcf-498a-ab20-3d16dd3cb943,024_simple_sentences_i_have_a_best_friend,BabyBillion_Education,"[{""S"":""3-6""}]",4c06fdb7-0fe2-4c21-aab0-f80f2fa1f650,https://video.babybillion.in/hls/024_simple_sentences_i_have_a_best_friend/024_simple_sentences_i_have_a_best_friend.m3u8,/024_simple_sentences_i_have_a_best_friend/024_simple_sentences_i_have_a_best_friend.m3u8,zoya
b818acc2-307a-4fd4-83fc-156fa24d6d1c,Uncomfortable,BabyBillion_Education,"[{""S"":""3-6""}]",90ff5296-5b99-4ddf-8bdf-ac55f6f7b6c2,https://video.babybillion.in/hls/Uncomfortable/Uncomfortable.m3u8,/Uncomfortable/Uncomfortable.m3u8,zoya
b83cbdc9-79ee-4557-90a5-c720f5fc721a,Taking_care_of_plants,BabyBillion_Education,"[{""S"":""3-6""}]",06f625da-1202-4c8a-8b16-e624b97476d1,https://video.babybillion.in/hls/Taking_care_of_plants/Taking_care_of_plants.m3u8,/Taking_care_of_plants/Taking_care_of_plants.m3u8,zoya
ba25f659-9303-4523-9d1f-07ed7aae2c71,Neptune,BabyBillion_Education,"[{""S"":""3-6""}]",b7ef253a-6fb1-4247-ad59-99c4c945c8ec,https://video.babybillion.in/hls/Neptune/Neptune.m3u8,/Neptune/Neptune.m3u8,zoya
bbe7d504-d27b-4e39-bdaf-855fcaca465d,Watering_Plants,BabyBillion_Education,"[{""S"":""0-3""}]",06f625da-1202-4c8a-8b16-e624b97476d1,https://video.babybillion.in/hls/Watering_Plants/Watering_Plants.m3u8,/Watering_Plants/Watering_Plants.m3u8,zoya
bcace0a7-ae31-4391-b4ad-eec483204108,Tap,BabyBillion_Education,"[{""S"":""3-6""}]",6d841cca-a54f-451a-90fc-aeffa145e274,https://video.babybillion.in/hls/Tap/Tap.m3u8,/Tap/Tap.m3u8,zoya
bd3785c8-55e5-4763-bc77-268d2c20fb26,Introducing_Myself_My_name_is,BabyBillion_Education,"[{""S"":""3-6""}]",0eba9676-9d93-484f-8938-41e3ab588a7f,https://video.babybillion.in/hls/Introducing_Myself_My_name_is/Introducing_Myself_My_name_is.m3u8,/Introducing_Myself_My_name_is/Introducing_Myself_My_name_is.m3u8,zoya
bd909818-42e4-48b7-b0f2-022e98b61791,Yellow,BabyBillion_Education,"[{""S"":""0-3""}]",c23beb7b-23de-440c-9fb1-2990013f11a6,https://video.babybillion.in/hls/Yellow/Yellow.m3u8,/Yellow/Yellow.m3u8,zoya
be2732ff-aebb-44df-b437-8a90b793753a,Eating_with_Family,BabyBillion_Education,"[{""S"":""0-3""}]",06f625da-1202-4c8a-8b16-e624b97476d1,https://video.babybillion.in/hls/Eating_with_Family/Eating_with_Family.m3u8,/Eating_with_Family/Eating_with_Family.m3u8,zoya
c3bd2663-8d77-45a4-abc5-67bc83e3b987,What_is_Division_Video_4,BabyBillion_Education,"[{""S"":""6+""}]",8f8705a0-ed36-4a82-90a8-a60a42f82502,https://video.babybillion.in/hls/What_is_Division_Video_4/What_is_Division_Video_4.m3u8,/What_is_Division_Video_4/What_is_Division_Video_4.m3u8,zoya
c6715711-88e3-4f84-bc2a-1bef87445047,What_is_multiplication_-_4,BabyBillion_Education,"[{""S"":""6+""}]",830fb885-9ece-438e-a380-dabd811f06b2,https://video.babybillion.in/hls/What_is_multiplication_-_4/What_is_multiplication_-_4.m3u8,/What_is_multiplication_-_4/What_is_multiplication_-_4.m3u8,zoya
c9faaaf4-7036-4884-b5f5-e765022480d0,Donkey,BabyBillion_Education,"[{""S"":""3-6""}]",79156051-e033-423a-b7de-a68fe1342a75,https://video.babybillion.in/hls/Donkey/Donkey.m3u8,/Donkey/Donkey.m3u8,zoya
cbbcc362-80b2-4c76-8df4-5fa5ec24f57f,Study,BabyBillion_Education,"[{""S"":""0-3""}]",4e8e2dbf-bad4-4a56-8365-251a1cfc4a10,https://video.babybillion.in/hls/Study/Study.m3u8,/Study/Study.m3u8,zoya
cbfdfcdf-a02d-4d45-8217-1799004d1868,Kiwi,BabyBillion_Education,"[{""S"":""0-3""}]",2c830c25-38e8-4d38-a3c3-cc9a3ff96b5f,https://video.babybillion.in/hls/Kiwi/Kiwi.m3u8,/Kiwi/Kiwi.m3u8,zoya
ccc8a1b9-53e5-4937-a732-9cad96a90d40,051_english_speaking_i_dont_like_this,BabyBillion_Education,"[{""S"":""3-6""}]",0eba9676-9d93-484f-8938-41e3ab588a7f,https://video.babybillion.in/hls/051_english_speaking_i_dont_like_this/051_english_speaking_i_dont_like_this.m3u8,/051_english_speaking_i_dont_like_this/051_english_speaking_i_dont_like_this.m3u8,zoya
ce40c168-84fc-4263-b889-48ac5c65a295,Magic_of_7,BabyBillion_Education,"[{""S"":""6+""}]",830fb885-9ece-438e-a380-dabd811f06b2,https://video.babybillion.in/hls/Magic_of_7/Magic_of_7.m3u8,/Magic_of_7/Magic_of_7.m3u8,zoya
cef3d6e3-370e-47f8-89fe-9d79bf03ee4d,We_need_air_to_breathe,BabyBillion_Education,"[{""S"":""3-6""}]",b7ef253a-6fb1-4247-ad59-99c4c945c8ec,https://video.babybillion.in/hls/We_need_air_to_breathe/We_need_air_to_breathe.m3u8,/We_need_air_to_breathe/We_need_air_to_breathe.m3u8,zoya
cfe09d3a-6659-48c9-9f1a-a861293b9461,008_english_speaking_welcome_home,BabyBillion_Education,"[{""S"":""3-6""}]",0eba9676-9d93-484f-8938-41e3ab588a7f,https://video.babybillion.in/hls/008_english_speaking_welcome_home/008_english_speaking_welcome_home.m3u8,/008_english_speaking_welcome_home/008_english_speaking_welcome_home.m3u8,zoya
d01b8a5f-9249-47b2-bddb-b825db57eb2d,Chikoo_Sapodilla,BabyBillion_Education,"[{""S"":""0-3""}]",2c830c25-38e8-4d38-a3c3-cc9a3ff96b5f,https://video.babybillion.in/hls/Chikoo_Sapodilla/Chikoo_Sapodilla.m3u8,/Chikoo_Sapodilla/Chikoo_Sapodilla.m3u8,zoya
d09db78f-9261-40fb-b16e-96fb8566c167,Corn_Bhutta,BabyBillion_Education,"[{""S"":""0-3""}]",c3d15541-8760-45ff-b253-1647ca61bf37,https://video.babybillion.in/hls/Corn_Bhutta/Corn_Bhutta.m3u8,/Corn_Bhutta/Corn_Bhutta.m3u8,zoya
d140a0dc-49c7-484d-b2ad-d257ce47f1a2,Omnivores,BabyBillion_Education,"[{""S"":""6+""}]",79156051-e033-423a-b7de-a68fe1342a75,https://video.babybillion.in/hls/Omnivores/Omnivores.m3u8,/Omnivores/Omnivores.m3u8,zoya
d2f518d6-668b-4155-a078-655fea8fe868,Peach,BabyBillion_Education,"[{""S"":""0-3""}]",2c830c25-38e8-4d38-a3c3-cc9a3ff96b5f,https://video.babybillion.in/hls/Peach/Peach.m3u8,/Peach/Peach.m3u8,zoya
d4ee5ee7-e6ba-4672-9de9-46a8444e28c2,Green,BabyBillion_Education,"[{""S"":""0-3""}]",c23beb7b-23de-440c-9fb1-2990013f11a6,https://video.babybillion.in/hls/Green/Green.m3u8,/Green/Green.m3u8,zoya
d5825515-66f4-4315-9fe2-f2f7b2e93666,French_Beans,BabyBillion_Education,"[{""S"":""0-3""}]",c3d15541-8760-45ff-b253-1647ca61bf37,https://video.babybillion.in/hls/French_Beans/French_Beans.m3u8,/French_Beans/French_Beans.m3u8,zoya
d6ad4ab2-6f4d-4f59-a290-66e122fd80f8,019_abc_capital_c_and_small_c,BabyBillion_Education,"[{""S"":""0-3""}]",1bf17868-9fb8-419a-b7d7-e9ba3b51a364,https://video.babybillion.in/hls/019_abc_capital_c_and_small_c/019_abc_capital_c_and_small_c.m3u8,/019_abc_capital_c_and_small_c/019_abc_capital_c_and_small_c.m3u8,zoya
d7d8d696-dbad-41d2-9927-5c3fe2ae4d6a,Magic_of_8,BabyBillion_Education,"[{""S"":""6+""}]",830fb885-9ece-438e-a380-dabd811f06b2,https://video.babybillion.in/hls/Magic_of_8/Magic_of_8.m3u8,/Magic_of_8/Magic_of_8.m3u8,zoya
d7ecd5e4-e203-4b7f-b6a8-a134f15c310d,Loud_and_soft_sounds,BabyBillion_Education,"[{""S"":""3-6""}]",b7ef253a-6fb1-4247-ad59-99c4c945c8ec,https://video.babybillion.in/hls/Loud_and_soft_sounds/Loud_and_soft_sounds.m3u8,/Loud_and_soft_sounds/Loud_and_soft_sounds.m3u8,zoya
d8227948-f84c-4eab-8052-5dd1d6af6bc3,067_simple_sentences_i_need_my_blanket,BabyBillion_Education,"[{""S"":""3-6""}]",4c06fdb7-0fe2-4c21-aab0-f80f2fa1f650,https://video.babybillion.in/hls/067_simple_sentences_i_need_my_blanket/067_simple_sentences_i_need_my_blanket.m3u8,/067_simple_sentences_i_need_my_blanket/067_simple_sentences_i_need_my_blanket.m3u8,zoya
d8464569-0dab-4166-aff4-830cf6b6fd63,Bitter_Gourd_Karela,BabyBillion_Education,"[{""S"":""0-3""}]",c3d15541-8760-45ff-b253-1647ca61bf37,https://video.babybillion.in/hls/Bitter_Gourd_Karela/Bitter_Gourd_Karela.m3u8,/Bitter_Gourd_Karela/Bitter_Gourd_Karela.m3u8,zoya
d8c2e7b9-7548-443b-8b59-5610b5857b54,Missing_Numbers_in_Order,BabyBillion_Education,"[{""S"":""3-6""}]",98263b2e-41f3-413e-9a83-b64ef2016a53,https://video.babybillion.in/hls/Missing_Numbers_in_Order/Missing_Numbers_in_Order.m3u8,/Missing_Numbers_in_Order/Missing_Numbers_in_Order.m3u8,zoya
d8c92580-b4f4-4612-8ebb-c59587ca03a7,Sky,BabyBillion_Education,"[{""S"":""0-3""}]",eb5f90b5-3650-49b9-95b6-d4e3a89c0662,https://video.babybillion.in/hls/Sky/Sky.m3u8,/Sky/Sky.m3u8,zoya
d9a60a91-deb3-4654-a300-6a7436853d6f,033_english_speaking_can_i_have_one_more,BabyBillion_Education,"[{""S"":""3-6""}]",0eba9676-9d93-484f-8938-41e3ab588a7f,https://video.babybillion.in/hls/033_english_speaking_can_i_have_one_more/033_english_speaking_can_i_have_one_more.m3u8,/033_english_speaking_can_i_have_one_more/033_english_speaking_can_i_have_one_more.m3u8,zoya
dae9e045-d9db-49b9-8f60-4b83f5a25bca,029_vehicles_cargo_truck,BabyBillion_Education,"[{""S"":""0-3""}]",bf9d1fdb-31f8-48e3-9114-9e4e4967617c,https://video.babybillion.in/hls/029_vehicles_cargo_truck/029_vehicles_cargo_truck.m3u8,/029_vehicles_cargo_truck/029_vehicles_cargo_truck.m3u8,zoya
dca9b618-4a17-4f6e-ad32-8021fd505d3f,108_3-6_Numbers_71-80,BabyBillion_Education,"[{""S"":""3-6""}]",96c17b79-8401-4494-9e78-28c683d600c0,https://video.babybillion.in/hls/108_3-6_Numbers_71-80/108_3-6_Numbers_71-80.m3u8,/108_3-6_Numbers_71-80/108_3-6_Numbers_71-80.m3u8,zoya
dcaa328d-b0c9-40bc-a4f5-5f270e0cb745,Mouse,BabyBillion_Education,"[{""S"":""3-6""}]",c1f0397a-0732-418a-b6e4-50081b10219c,https://video.babybillion.in/hls/Mouse/Mouse.m3u8,/Mouse/Mouse.m3u8,zoya
dfb11cbf-1a50-4f59-849c-fe7f41355167,My_Happy_Family,BabyBillion_Education,"[{""S"":""3-6""}]",24429faf-f706-4456-a1a0-d8b55cc55f9d,https://video.babybillion.in/hls/My_Happy_Family/My_Happy_Family.m3u8,/My_Happy_Family/My_Happy_Family.m3u8,zoya
e1862b5a-a2ce-45e3-8bdb-1cf64e9f4bd5,Sing,BabyBillion_Education,"[{""S"":""0-3""}]",cdd3ba69-c04a-402a-a061-05e0f816a161,https://video.babybillion.in/hls/Sing/Sing.m3u8,/Sing/Sing.m3u8,zoya
e19c06ea-84b2-40d3-9bd1-25026e1a1d37,What_is_Multiplication_repeated_addition_Video_1,BabyBillion_Education,"[{""S"":""6+""}]",830fb885-9ece-438e-a380-dabd811f06b2,https://video.babybillion.in/hls/What_is_Multiplication_repeated_addition_Video_1/What_is_Multiplication_repeated_addition_Video_1.m3u8,/What_is_Multiplication_repeated_addition_Video_1/What_is_Multiplication_repeated_addition_Video_1.m3u8,zoya
e24fc620-5261-4c6b-8c7e-089f766749e7,Goat,BabyBillion_Education,"[{""S"":""3-6""}]",79156051-e033-423a-b7de-a68fe1342a75,https://video.babybillion.in/hls/Goat/Goat.m3u8,/Goat/Goat.m3u8,zoya
e3222072-be79-4928-914b-494a64267822,Multiplication_on_number_line_-_9,BabyBillion_Education,"[{""S"":""6+""}]",830fb885-9ece-438e-a380-dabd811f06b2,https://video.babybillion.in/hls/Multiplication_on_number_line_-_9/Multiplication_on_number_line_-_9.m3u8,/Multiplication_on_number_line_-_9/Multiplication_on_number_line_-_9.m3u8,zoya
e3a87362-2e13-44a6-a5d2-feafcbdcb646,031_tha_se_tarbooj,BabyBillion_Education,"[{""S"":""0-3""}]",de5577e3-4806-4284-9cab-9e7ecf907095,https://video.babybillion.in/hls/031_tha_se_tarbooj/031_tha_se_tarbooj.m3u8,/031_tha_se_tarbooj/031_tha_se_tarbooj.m3u8,zoya
e92be46a-4049-41cd-8da7-c914682bd72f,Toy_Camera,BabyBillion_Education,"[{""S"":""0-3""}]",259e1ebe-d005-41f2-a3f8-810078f51c98,https://video.babybillion.in/hls/Toy_Camera/Toy_Camera.m3u8,/Toy_Camera/Toy_Camera.m3u8,zoya
e96ac28f-e88b-4148-a641-1bc659fbe00e,Biscuits,BabyBillion_Education,"[{""S"":""3-6""}]",2754f754-bfaf-4810-9852-60d5960a7a74,https://video.babybillion.in/hls/Biscuits/Biscuits.m3u8,/Biscuits/Biscuits.m3u8,zoya
ea99614d-f554-4838-94c3-577e3fbc1bd4,079_06_Feeling_Grateful,BabyBillion_Education,"[{""S"":""3-6""}]",90ff5296-5b99-4ddf-8bdf-ac55f6f7b6c2,https://video.babybillion.in/hls/ea99614d-f554-4838-94c3-577e3fbc1bd4/ea99614d-f554-4838-94c3-577e3fbc1bd4.m3u8,/hls/ea99614d-f554-4838-94c3-577e3fbc1bd4/ea99614d-f554-4838-94c3-577e3fbc1bd4.m3u8,zoya
ead716dd-87c6-48f2-9c20-d641ed3f31a8,Gulab_Janum,BabyBillion_Education,"[{""S"":""0-3""}]",5bc39ba0-a18b-42a9-9176-736112991697,https://video.babybillion.in/hls/Gulab_Janum/Gulab_Janum.m3u8,/Gulab_Janum/Gulab_Janum.m3u8,zoya
eefbf427-8af4-456b-b0cd-f5cfaa6dd377,103_6_Love_and_Care_in_a_Family,BabyBillion_Education,"[{""S"":""6+""}]",24429faf-f706-4456-a1a0-d8b55cc55f9d,https://video.babybillion.in/hls/103_6_Love_and_Care_in_a_Family/103_6_Love_and_Care_in_a_Family.m3u8,/103_6_Love_and_Care_in_a_Family/103_6_Love_and_Care_in_a_Family.m3u8,zoya
efc994f9-da8e-4472-a0ee-ecbae38e3686,Feeling_Jealous,BabyBillion_Education,"[{""S"":""6+""}]",90ff5296-5b99-4ddf-8bdf-ac55f6f7b6c2,https://video.babybillion.in/hls/Feeling_Jealous/Feeling_Jealous.m3u8,/Feeling_Jealous/Feeling_Jealous.m3u8,zoya
efcff3fd-da27-47a7-922f-38d2630dc2c7,Playful,BabyBillion_Education,"[{""S"":""0-3""}]",90ff5296-5b99-4ddf-8bdf-ac55f6f7b6c2,https://video.babybillion.in/hls/Playful/Playful.m3u8,/Playful/Playful.m3u8,zoya
eff65711-1344-41d6-ad7c-99e94eca18b6,Kiwi,BabyBillion_Education,"[{""S"":""0-3""}]",efdd9da9-9b29-45aa-8bc4-3ddbee54940d,https://video.babybillion.in/hls/Kiwi/Kiwi.m3u8,/Kiwi/Kiwi.m3u8,zoya
f0b59939-082e-40c9-bc73-346bb964a4a5,Reusing_Plastic_Bottles,BabyBillion_Education,"[{""S"":""3-6""}]",06f625da-1202-4c8a-8b16-e624b97476d1,https://video.babybillion.in/hls/Reusing_Plastic_Bottles/Reusing_Plastic_Bottles.m3u8,/Reusing_Plastic_Bottles/Reusing_Plastic_Bottles.m3u8,zoya
f1682ba0-e868-4dc5-99de-2b3572304051,Addition_within_20_2,BabyBillion_Education,"[{""S"":""6+""}]",f86787db-e9ed-4093-9aa4-a1df05f1c772,https://video.babybillion.in/hls/Addition_within_20_2/Addition_within_20_2.m3u8,/Addition_within_20_2/Addition_within_20_2.m3u8,zoya
f3035bff-757f-47f7-ba00-f1fbb6c2c5ce,037_phonics_blending_p_e_n_equals_pen,BabyBillion_Education,"[{""S"":""3-6""}]",b79bd45b-2c9c-4b7d-91a0-07c93a4dbea1,https://video.babybillion.in/hls/037_phonics_blending_p_e_n_equals_pen/037_phonics_blending_p_e_n_equals_pen.m3u8,/037_phonics_blending_p_e_n_equals_pen/037_phonics_blending_p_e_n_equals_pen.m3u8,zoya
f32eb1d4-c66f-4329-bbef-fba95a672a0e,103_3-6_Numbers_21-30,BabyBillion_Education,"[{""S"":""3-6""}]",96c17b79-8401-4494-9e78-28c683d600c0,https://video.babybillion.in/hls/103_3-6_Numbers_21-30/103_3-6_Numbers_21-30.m3u8,/103_3-6_Numbers_21-30/103_3-6_Numbers_21-30.m3u8,zoya
f40a87b1-4aac-4192-a155-a22ec3f42c0a,Excited,BabyBillion_Education,"[{""S"":""6+""}]",90ff5296-5b99-4ddf-8bdf-ac55f6f7b6c2,https://video.babybillion.in/hls/Excited/Excited.m3u8,/Excited/Excited.m3u8,zoya
f41d8163-62e2-4019-b914-78be01f0fdfc,Wind,BabyBillion_Education,"[{""S"":""3-6""}]",b7ef253a-6fb1-4247-ad59-99c4c945c8ec,https://video.babybillion.in/hls/Wind/Wind.m3u8,/Wind/Wind.m3u8,zoya
f4fdd0a8-6ddc-4e4f-8271-d6fcf4c9a387,White_Vegetables-_Potato_Cauliflower_Mushroom_Garlic,BabyBillion_Education,"[{""S"":""3-6""}]",c3d15541-8760-45ff-b253-1647ca61bf37,https://video.babybillion.in/hls/White_Vegetables-_Potato_Cauliflower_Mushroom_Garlic/White_Vegetables-_Potato_Cauliflower_Mushroom_Garlic.m3u8,/White_Vegetables-_Potato_Cauliflower_Mushroom_Garlic/White_Vegetables-_Potato_Cauliflower_Mushroom_Garlic.m3u8,zoya
f65ff89b-0406-463e-88e9-5c4b5dc6cf0e,Wind,BabyBillion_Education,"[{""S"":""0-3""}]",eb5f90b5-3650-49b9-95b6-d4e3a89c0662,https://video.babybillion.in/hls/Wind/Wind.m3u8,/Wind/Wind.m3u8,zoya
f7f9dceb-ced7-43d7-bbf5-d4786204b56e,041_phonics_digraph_ch_as_in_chair,BabyBillion_Education,"[{""S"":""3-6""}]",b79bd45b-2c9c-4b7d-91a0-07c93a4dbea1,https://video.babybillion.in/hls/041_phonics_digraph_ch_as_in_chair/041_phonics_digraph_ch_as_in_chair.m3u8,/041_phonics_digraph_ch_as_in_chair/041_phonics_digraph_ch_as_in_chair.m3u8,zoya
f8f6ac8d-7b42-40d4-8d76-030b65e5ab1c,Listening_to_elders,BabyBillion_Education,"[{""S"":""3-6""}]",06f625da-1202-4c8a-8b16-e624b97476d1,https://video.babybillion.in/hls/Listening_to_elders/Listening_to_elders.m3u8,/Listening_to_elders/Listening_to_elders.m3u8,zoya
f98fe664-378b-46c6-87cd-745f9721eb1d,Greetings_Hello_Hi_Good_morning,BabyBillion_Education,"[{""S"":""3-6""}]",0eba9676-9d93-484f-8938-41e3ab588a7f,https://video.babybillion.in/hls/Greetings_Hello_Hi_Good_morning/Greetings_Hello_Hi_Good_morning.m3u8,/Greetings_Hello_Hi_Good_morning/Greetings_Hello_Hi_Good_morning.m3u8,zoya
fdac753e-905b-4398-874b-9f7a1dedc029,035_na_se_nal,BabyBillion_Education,"[{""S"":""0-3""}]",de5577e3-4806-4284-9cab-9e7ecf907095,https://video.babybillion.in/hls/035_na_se_nal/035_na_se_nal.m3u8,/035_na_se_nal/035_na_se_nal.m3u8,zoya
fed48df9-02e7-4898-80f3-8d2906796486,Sunrise,BabyBillion_Education,"[{""S"":""0-3""}]",eb5f90b5-3650-49b9-95b6-d4e3a89c0662,https://video.babybillion.in/hls/Sunrise/Sunrise.m3u8,/Sunrise/Sunrise.m3u8,zoya
ff7e1e36-99ef-4e24-948c-9dd7e4602353,Feeling_Grateful,BabyBillion_Education,"[{""S"":""6+""}]",90ff5296-5b99-4ddf-8bdf-ac55f6f7b6c2,https://video.babybillion.in/hls/ff7e1e36-99ef-4e24-948c-9dd7e4602353/ff7e1e36-99ef-4e24-948c-9dd7e4602353.m3u8,/hls/ff7e1e36-99ef-4e24-948c-9dd7e4602353/ff7e1e36-99ef-4e24-948c-9dd7e4602353.m3u8,Zoya
ffe7df7b-923e-4a50-b240-21806ec7f094,104_6_Family_Traditions_and_Celebrations,BabyBillion_Education,"[{""S"":""6+""}]",24429faf-f706-4456-a1a0-d8b55cc55f9d,https://video.babybillion.in/hls/104_6_Family_Traditions_and_Celebrations/104_6_Family_Traditions_and_Celebrations.m3u8,/104_6_Family_Traditions_and_Celebrations/104_6_Family_Traditions_and_Celebrations.m3u8,zoya
39e58258-359e-4229-a776-b5e454df035b,Feeling_Nervous_Before_Something_New,BabyBillion_Education,"[{""S"":""6+""}]",90ff5296-5b99-4ddf-8bdf-ac55f6f7b6c2,https://video.babybillion.in/hls/Feeling_Nervous_Before_Something_New/Feeling_Nervous_Before_Something_New.m3u8,/Feeling_Nervous_Before_Something_New/Feeling_Nervous_Before_Something_New.m3u8,zoya and arjun
519dbdda-0491-4264-8d10-e23cd763b0a3,011_simple_sentences_i_can_hop,BabyBillion_Education,"[{""S"":""3-6""}]",4c06fdb7-0fe2-4c21-aab0-f80f2fa1f650,https://video.babybillion.in/hls/011_simple_sentences_i_can_hop/011_simple_sentences_i_can_hop.m3u8,/011_simple_sentences_i_can_hop/011_simple_sentences_i_can_hop.m3u8,zoya and arjun
5d25432c-26ce-4aeb-bb8b-2ca36ae5c157,Independence_Day_15_Aug,BabyBillion_Education,"[{""S"":""0-3""}]",655a5081-8ce4-4cfc-b36d-d5d0d1a06c1e,https://video.babybillion.in/hls/Independence_Day_15_Aug/Independence_Day_15_Aug.m3u8,/Independence_Day_15_Aug/Independence_Day_15_Aug.m3u8,zoya and arjun
b827f74e-b49f-4986-bcb7-5ff0ae16467c,Raksha_Bandhan,BabyBillion_Education,"[{""S"":""0-3""}]",655a5081-8ce4-4cfc-b36d-d5d0d1a06c1e,https://video.babybillion.in/hls/Raksha_Bandhan/Raksha_Bandhan.m3u8,/Raksha_Bandhan/Raksha_Bandhan.m3u8,zoya and arjun
2779c677-79d8-4386-a707-85fa1f10296f,Thoughtful,BabyBillion_Education,"[{""S"":""3-6""}]",90ff5296-5b99-4ddf-8bdf-ac55f6f7b6c2,https://video.babybillion.in/hls/Thoughtful/Thoughtful.m3u8,/Thoughtful/Thoughtful.m3u8,zoya and meera
7ae0ed2c-68db-4e63-8fe5-36fa3a332e34,Classification_Amphibians,BabyBillion_Education,"[{""S"":""6+""}]",79156051-e033-423a-b7de-a68fe1342a75,https://video.babybillion.in/hls/Classification_Amphibians/Classification_Amphibians.m3u8,/Classification_Amphibians/Classification_Amphibians.m3u8,zoya and meera
63dcd104-0b4a-4eaf-9465-9b4c63b89605,Addition_1_0_1_2_0_2_3_0_3,BabyBillion_Education,"[{""S"":""3-6""}]",f86787db-e9ed-4093-9aa4-a1df05f1c772,https://video.babybillion.in/hls/Addition_1_0_1_2_0_2_3_0_3/Addition_1_0_1_2_0_2_3_0_3.m3u8,/Addition_1_0_1_2_0_2_3_0_3/Addition_1_0_1_2_0_2_3_0_3.m3u8,zoya and mia
f44d9ceb-d965-40e3-83b6-e4cdfa5d0ed6,006_colors_dark_blue,BabyBillion_Education,"[{""S"":""3-6""}]",c23beb7b-23de-440c-9fb1-2990013f11a6,https://video.babybillion.in/hls/006_colors_dark_blue/006_colors_dark_blue.m3u8,/006_colors_dark_blue/006_colors_dark_blue.m3u8,zoya and priya
507dfb08-60d1-4d48-9ac5-081ad34cd775,Respecting_Different_Feelings,BabyBillion_Education,"[{""S"":""6+""}]",90ff5296-5b99-4ddf-8bdf-ac55f6f7b6c2,https://video.babybillion.in/hls/Respecting_Different_Feelings/Respecting_Different_Feelings.m3u8,/Respecting_Different_Feelings/Respecting_Different_Feelings.m3u8,zoya and tara
47f507fd-4d50-45dd-9f12-0b471bb20784,089_06_Using_Kind_Words_When_Upset,BabyBillion_Education,"[{""S"":""3-6""}]",90ff5296-5b99-4ddf-8bdf-ac55f6f7b6c2,https://video.babybillion.in/hls/47f507fd-4d50-45dd-9f12-0b471bb20784/47f507fd-4d50-45dd-9f12-0b471bb20784.m3u8,/hls/47f507fd-4d50-45dd-9f12-0b471bb20784/47f507fd-4d50-45dd-9f12-0b471bb20784.m3u8,zoya and veer
83ae7b89-5cbf-4b5c-b6e8-dcc5352ff9ca,National_Song_Vande_Mataram,BabyBillion_Education,"[{""S"":""3-6""}]",2754f754-bfaf-4810-9852-60d5960a7a74,https://video.babybillion.in/hls/National_Song_Vande_Mataram/National_Song_Vande_Mataram.m3u8,/National_Song_Vande_Mataram/National_Song_Vande_Mataram.m3u8,zoya and veer
91c4b892-dbc3-4bcc-a7aa-207a834658c4,Using_Kind_Words_When_Upset,BabyBillion_Education,"[{""S"":""6+""}]",90ff5296-5b99-4ddf-8bdf-ac55f6f7b6c2,https://video.babybillion.in/hls/91c4b892-dbc3-4bcc-a7aa-207a834658c4/91c4b892-dbc3-4bcc-a7aa-207a834658c4.m3u8,/hls/91c4b892-dbc3-4bcc-a7aa-207a834658c4/91c4b892-dbc3-4bcc-a7aa-207a834658c4.m3u8,zoya and veer
ac6cdb0d-fed4-4673-a27f-c4691a0e2036,Sense-_Skin_Feel_Touch,BabyBillion_Education,"[{""S"":""3-6""}]",6d841cca-a54f-451a-90fc-aeffa145e274,https://video.babybillion.in/hls/Sense-_Skin_Feel_Touch/Sense-_Skin_Feel_Touch.m3u8,/Sense-_Skin_Feel_Touch/Sense-_Skin_Feel_Touch.m3u8,zoya and veer
bcc8de83-b824-4e2d-a9b0-5b6ff47c735c,Sense-_Skin_Feel_Touch,BabyBillion_Education,"[{""S"":""3-6""}]",b7ef253a-6fb1-4247-ad59-99c4c945c8ec,https://video.babybillion.in/hls/Sense-_Skin_Feel_Touch/Sense-_Skin_Feel_Touch.m3u8,/Sense-_Skin_Feel_Touch/Sense-_Skin_Feel_Touch.m3u8,zoya and veer
de5d03c7-f50e-42ce-879f-c0810dcf9648,Caring_for_Our_Eyes_Ears_and_Skin,BabyBillion_Education,"[{""S"":""6+""}]",6d841cca-a54f-451a-90fc-aeffa145e274,https://video.babybillion.in/hls/Caring_for_Our_Eyes_Ears_and_Skin/Caring_for_Our_Eyes_Ears_and_Skin.m3u8,/Caring_for_Our_Eyes_Ears_and_Skin/Caring_for_Our_Eyes_Ears_and_Skin.m3u8,zoya and veer
93836b6f-47f6-4bf5-be70-6a28d67cc98e,Descending_Order_10-1,BabyBillion_Education,"[{""S"":""3-6""}]",98263b2e-41f3-413e-9a83-b64ef2016a53,https://video.babybillion.in/hls/Descending_Order_10-1/Descending_Order_10-1.m3u8,/Descending_Order_10-1/Descending_Order_10-1.m3u8,zoya nd arjun